Name,Team,G,PA,HR,R,RBI,SB,BB%,K%,ISO,BABIP,AVG,OBP,SLG,wOBA,xwOBA,wRC+,BsR,Off,Def,WAR,NameASCII,PlayerId,MLBAMID
"Bobby Witt Jr.","KCR",41,183,5,19,19,12,0.103825136,0.169398907,0.172839506,0.34375,0.302469135,0.371584699,0.475308641,0.37015925421899193,0.38776813083224826,131.9881193277055,1.8458170494996011,8.702696131490484,10.18121349811554,2.601577136544384,"Bobby Witt Jr.",25764,677951
"Matt Olson","ATL",41,183,14,36,36,1,0.120218579,0.240437158,0.358490566,0.320388349,0.295597484,0.37704918,0.65408805,0.43540224449410625,0.40591169325686294,180.42497292769843,0.269595549441874,17.36411318023806,0.6675474643707275,2.4474941477456325,"Matt Olson",14344,621566
"Aaron Judge","NYY",42,185,16,35,30,5,0.172972972,0.291891891,0.366666667,0.3,0.266666666,0.402173913,0.633333333,0.43713135892452476,0.4439413827224817,181.26417510087083,0.007083144970238209,17.617010055739282,-0.7739084959030151,2.3989847299327485,"Aaron Judge",15640,592450
"Shea Langeliers","ATH",36,165,11,28,22,0,0.084848484,0.212121212,0.281879195,0.375,0.335570469,0.393939393,0.617449664,0.4357778226456991,0.41608005616723037,176.42984002107076,-0.2834746968001127,14.488331070831213,0.4894552230834961,2.1350663829031937,"Shea Langeliers",25816,669127
"Elly De La Cruz","CIN",41,181,10,29,29,9,0.093922651,0.276243093,0.233128834,0.35576923,0.288343558,0.35359116,0.521472392,0.38275469205656104,0.3773348533501059,140.18197577673914,0.66543507296592,9.112866980839966,5.661911249160767,2.106177724327205,"Elly De La Cruz",26668,682829
"Andy Pages","LAD",41,164,9,23,35,6,0.060975609,0.201219512,0.231788079,0.36036036,0.324503311,0.365853658,0.55629139,0.40056975331248307,0.35945959788997,157.72585050271164,-0.03725713072344661,10.958598412665763,3.853083848953247,2.054816600689533,"Andy Pages",24816,681624
"Cody Bellinger","NYY",41,177,5,25,28,5,0.15819209,0.129943502,0.212328768,0.305785123,0.287671232,0.395480225,0.5,0.39270729264297055,0.38828424973921344,151.3096129603296,0.7696848046034575,11.407653276020351,1.9225976467132568,2.008981053423969,"Cody Bellinger",15998,641355
"Yordan Alvarez","HOU",42,185,13,27,29,1,0.129729729,0.156756756,0.314102564,0.313043478,0.314102564,0.416216216,0.628205128,0.4416735918162255,0.4919717767265406,183.777685565485,-0.3944457545876503,17.760158260408033,-5.080991148948669,1.9709065993671797,"Yordan Alvarez",19556,670541
"Brice Turang","MIL",35,163,6,31,23,8,0.17791411,0.202453987,0.213740458,0.354838709,0.297709923,0.422360248,0.511450381,0.41119224280118943,0.4164718531962461,165.1965496042359,0.937906889244914,13.28108665108163,0.40458573400974274,1.9358114271063551,"Brice Turang",22186,668930
"Max Muncy","LAD",39,152,11,27,17,0,0.131578947,0.243421052,0.287878788,0.309523809,0.28030303,0.375,0.568181818,0.4087700101713471,0.42985276986431603,163.30212288940612,-0.20840735733509064,10.967343206103914,3.0535834431648254,1.9345890474019771,"Max Muncy",13301,571970
"Ben Rice","NYY",37,151,13,31,29,2,0.15231788,0.251655629,0.384,0.342105263,0.312,0.417218543,0.696,0.4669189601136534,0.4382828066013003,201.3495618185632,-0.7149648233316839,17.211122862446466,-3.7102134227752686,1.9327276307810772,"Ben Rice",29576,700250
"Otto Lopez","MIA",40,169,4,27,17,5,0.035502958,0.177514792,0.16875,0.401574803,0.34375,0.372781065,0.5125,0.3885036643440201,0.35396566845121835,147.6567936958577,0.4734288128092885,9.828053370888966,3.4993908405303955,1.9184498632913636,"Otto Lopez",19608,672640
"Jordan Walker","STL",39,167,11,31,29,7,0.107784431,0.281437125,0.278911565,0.366666666,0.299319727,0.377245508,0.578231292,0.41440190098242846,0.3975591602439652,168.78291283114757,1.0241078156977892,14.365829352066635,-2.0083696991205215,1.8122406374490634,"Jordan Walker",27475,691023
"Mike Trout","LAA",41,186,11,33,23,5,0.204301075,0.258064516,0.262068965,0.290697674,0.248275862,0.413978494,0.510344827,0.40445256265965135,0.43235981135078555,156.93810741548555,0.2481852932833135,12.653353727674146,-2.157911245711148,1.7500138674503447,"Mike Trout",10155,545361
"Brandon Lowe","PIT",35,158,10,24,27,0,0.132911392,0.215189873,0.303703703,0.27173913,0.259259259,0.360759493,0.562962962,0.3994989225381537,0.37531097025810917,154.58716920589256,-0.35475116642192006,9.66282140833352,2.3632286190986633,1.7489699337217577,"Brandon Lowe",18882,664040
"Nico Hoerner","CHC",40,185,4,20,28,8,0.086486486,0.081081081,0.148148148,0.280821917,0.277777777,0.351351351,0.425925925,0.3465120067467561,0.34212279189479805,122.25860012914886,1.1291744611226022,5.911998609403398,4.732006847858429,1.6944864856453759,"Nico Hoerner",21479,663538
"Xavier Edwards","MIA",41,172,4,27,14,4,0.127906976,0.110465116,0.154362416,0.349206349,0.322147651,0.409356725,0.476510067,0.3955365652926484,0.3673324809354894,152.43925015218215,0.08944055577740073,10.565543495240458,0.22949586808681488,1.667836283871071,"Xavier Edwards",22266,669364
"Drake Baldwin","ATL",41,188,10,35,32,1,0.106382978,0.207446808,0.212121213,0.336206896,0.296969696,0.382978723,0.509090909,0.39338255693568264,0.39445112095797125,151.8510846382985,-0.19743284210562706,11.124759597411558,-0.862267479300499,1.6649978128757776,"Drake Baldwin",31539,686948
"Colson Montgomery","CHW",40,167,10,17,28,1,0.089820359,0.293413173,0.262068965,0.255813953,0.220689655,0.323353293,0.48275862,0.35208968682722613,0.3212261315548059,122.54539245805098,-1.3504887269809842,3.0597384849529936,6.6359721422195435,1.5992516859849577,"Colson Montgomery",29712,695657
"JJ Wetherholt","STL",40,183,7,30,20,5,0.109289617,0.174863387,0.169934641,0.25,0.235294117,0.349726775,0.405228758,0.34045194957282515,0.35427999759905904,118.4960646091892,1.4395687584765255,5.370950903253568,4.015149295330048,1.5586772368865496,"JJ Wetherholt",34985,802139
"Byron Buxton","MIN",38,176,13,30,21,3,0.0625,0.261363636,0.296296296,0.278846153,0.259259259,0.3125,0.555555555,0.37267057589122227,0.32118421282087056,135.9253650259153,0.26609973376616836,7.672386969540727,1.29174442589283,1.5565094284090677,"Byron Buxton",14161,621439
"Ozzie Albies","ATL",41,177,8,30,25,0,0.073446327,0.124293785,0.2,0.308270676,0.30625,0.355932203,0.50625,0.3763848411834846,0.3064526918917726,140.29243536459833,-0.13786855852231383,8.14558843202068,1.4069950580596924,1.5563262447704336,"Ozzie Albies",16556,645277
"Pete Crow-Armstrong","CHC",41,167,4,24,17,9,0.071856287,0.251497005,0.139072848,0.314285714,0.245033112,0.313253012,0.38410596,0.3116101958534934,0.3099597121729995,98.52495279597336,1.0014434568583965,0.7153306965943154,9.044488847255707,1.5451872206457689,"Pete Crow-Armstrong",27769,691718
"James Wood","WSN",41,194,11,35,28,7,0.180412371,0.30927835,0.282051282,0.317647058,0.243589743,0.391752577,0.525641025,0.3945022377562016,0.42449930880932096,153.10714931060684,1.285972498357296,13.252538961437933,-4.42342209815979,1.5371045011929036,"James Wood",29518,695578
"Maikel Garcia","KCR",39,170,3,21,16,4,0.1,0.152941176,0.152317881,0.322580645,0.284768211,0.352941176,0.437086092,0.35054619662901937,0.34762510411879594,118.76329320257453,0.5582050550729036,4.294530351218006,4.359103620052338,1.5029426474984464,"Maikel Garcia",22715,672580
"Kevin McGonigle","DET",39,172,2,26,16,5,0.13372093,0.122093023,0.142857143,0.330645161,0.292517006,0.395348837,0.435374149,0.3747115367373755,0.38998546156772346,137.80539369317256,3.14620866952464,10.762944717427771,-2.2409443855285645,1.4966251417578367,"Kevin McGonigle",33572,805808
"Willson Contreras","BOS",39,166,8,19,23,1,0.120481927,0.28313253,0.207407407,0.325301204,0.259259259,0.379518072,0.466666666,0.37695735944322795,0.4079507967320884,135.40038692564264,-0.17719665868207812,6.706199905308716,1.4520924091339111,1.4375879838310288,"Willson Contreras",11609,575929
"Wilyer Abreu","BOS",39,167,6,19,18,3,0.119760479,0.191616766,0.178082192,0.339449541,0.294520547,0.377245508,0.472602739,0.37524325337754677,0.3666107177734375,134.24458780688335,-0.049019279424101114,6.649751358008196,1.4072251319885254,1.4307797144317913,"Wilyer Abreu",23772,677800
"Miguel Vargas","CHW",39,172,9,28,22,6,0.162790697,0.162790697,0.244604316,0.221153846,0.230215827,0.366279069,0.474820143,0.3708364506911116,0.4033705951177586,135.1860881461892,0.468021506909281,7.557040289331759,0.27782779932022095,1.425983711210039,"Miguel Vargas",20178,678246
"Ian Happ","CHC",39,177,9,31,18,2,0.163841807,0.305084745,0.239726027,0.301204819,0.232876712,0.367231638,0.472602739,0.37062195880072457,0.3603857421875,138.65365484475157,-0.7465084544382989,7.200042418858246,0.6150535345077515,1.3777018149628055,"Ian Happ",17919,664023
"Riley Greene","DET",41,170,4,26,20,1,0.147058823,0.276470588,0.172413793,0.44680851,0.317241379,0.417647058,0.489655172,0.40461781375548417,0.38466630823471964,157.9708019575471,-0.053844413720071316,11.489852710944664,-4.060232996940613,1.3771064362102496,"Riley Greene",25976,682985
"Mickey Moniak","COL",33,129,11,20,21,1,0.062015503,0.271317829,0.352941176,0.337837837,0.302521008,0.348837209,0.655462184,0.42856182608493537,0.329332336898922,162.4931888543429,0.8833067854866385,10.246785633202743,-1.2319201081991196,1.3453135167386514,"Mickey Moniak",19956,666160
"Luis Arraez","SFG",38,164,0,16,14,4,0.048780487,0.042682926,0.072847682,0.321917808,0.311258278,0.341614906,0.38410596,0.3212705712765455,0.2996734857559204,105.69970146727188,0.8430065209977329,1.9287089130589996,5.839600741863251,1.3307144766691197,"Luis Arraez",18568,650333
"CJ Abrams","WSN",40,169,9,23,36,7,0.106508875,0.189349112,0.244755245,0.307692307,0.286713286,0.384615384,0.531468531,0.3973603209335647,0.3784981916050711,155.05067993106277,-0.22461782908067107,10.581363910032124,-3.0615214109420776,1.321392605328907,"CJ Abrams",25768,682928
"Corbin Carroll","ARI",38,158,5,24,20,4,0.126582278,0.246835443,0.238805971,0.326086956,0.261194029,0.360759493,0.5,0.37368573580577874,0.34580570876978006,137.9398789473374,2.3075309405103326,9.27007353726696,-1.4985235333442688,1.3115811037258784,"Corbin Carroll",25878,682998
"Adley Rutschman","BAL",26,104,5,13,21,0,0.067307692,0.153846153,0.25,0.32,0.302083333,0.35576923,0.552083333,0.395914976986555,0.34715982583852917,153.78657706441302,-0.1810408211313188,6.371261690997853,2.6281512677669525,1.3003878115004226,"Adley Rutschman",26288,668939
"Nick Kurtz","ATH",39,181,5,23,20,5,0.209944751,0.298342541,0.167832168,0.38095238,0.258741258,0.41436464,0.426573426,0.3765551087546483,0.3884662692829714,136.49674492487574,-0.7380939731374383,6.999739891217104,-1.032655119895935,1.266432669314621,"Nick Kurtz",35110,701762
"Kyle Schwarber","PHI",41,184,16,28,27,0,0.141304347,0.320652173,0.37012987,0.240506329,0.227272727,0.353260869,0.597402597,0.4088571023034013,0.3898127404718451,161.22589821118441,-1.3406942100264132,11.744127984143576,-5.312900900840759,1.2581424816240336,"Kyle Schwarber",16478,656941
"Ildemaro Vargas","ARI",33,137,6,21,24,1,0.03649635,0.109489051,0.223076923,0.339449541,0.33076923,0.355555555,0.553846153,0.39644389814800685,0.3341722559045862,153.4157005496447,0.41110519832000136,8.910819596599682,-1.035875290632248,1.2540779225810326,"Ildemaro Vargas",13324,545121
"José Ramírez","CLE",43,189,6,25,16,16,0.164021164,0.142857142,0.164556962,0.224,0.215189873,0.343915343,0.379746835,0.3235514096311621,0.36679226419200067,104.73466142503754,3.2181923338212073,4.266376092319147,1.1993675231933594,1.243752683353413,"Jose Ramirez",13510,608070
"Munetaka Murakami","CHW",40,173,15,28,29,0,0.173410404,0.346820809,0.323943662,0.264705882,0.232394366,0.364161849,0.556338028,0.39225064755896843,0.3824495588030134,149.62539873749245,-1.1094397525303066,8.946827493309344,-3.0516828447580338,1.2301758057493455,"Munetaka Murakami",37120,808959
"Christian Walker","HOU",42,171,9,24,27,0,0.093567251,0.187134502,0.236842105,0.294642857,0.276315789,0.350877192,0.513157894,0.37662389383596534,0.3454029083251953,139.91553192958034,-0.2356752475607209,7.759439945176236,-1.8388848304748535,1.2255729144522594,"Christian Walker",13419,572233
"Michael Harris II","ATL",38,135,7,15,23,2,0.044444444,0.185185185,0.203125,0.340206185,0.3125,0.34074074,0.515625,0.37412321832444934,0.41640674534128674,138.75450486863795,-1.3499551014974713,4.726786907182192,2.8912177053280175,1.2211741045470665,"Michael Harris II",25931,671739
"Ryan Jeffers","MIN",31,124,5,21,23,1,0.14516129,0.177419354,0.221153846,0.333333333,0.298076923,0.403225806,0.519230769,0.4057794992000826,0.37237905883789063,158.25027545568096,-1.02219323720783,7.4385080538090484,0.08345936238765717,1.2206497404074756,"Ryan Jeffers",24618,680777
"Chase DeLauter","CLE",38,157,6,16,25,0,0.121019108,0.101910828,0.218978103,0.293103448,0.291970802,0.375796178,0.510948905,0.389207288717768,0.37142432428175404,149.00555498815584,0.5459004556760192,9.558117825735238,-3.3061097264289856,1.2091416175164023,"Chase DeLauter",32127,800050
"Carlos Correa","HOU",32,141,3,22,16,1,0.127659574,0.184397163,0.139344262,0.329787234,0.278688524,0.368794326,0.418032786,0.3517098537513188,0.36486620221819194,123.11632320434583,0.31025565788149834,4.128155793622297,2.332691788673401,1.172889652878585,"Carlos Correa",14162,621043
"Seiya Suzuki","CHC",27,119,7,19,16,0,0.142857142,0.235294117,0.242424243,0.338461538,0.292929292,0.403361344,0.535353535,0.4047106437641999,0.3772865492722084,161.83436685562958,-0.6818510363809764,7.864716267140722,-0.305539608001709,1.1632155594959561,"Seiya Suzuki",30116,673548
"Liam Hicks","MIA",38,138,9,20,35,1,0.079710144,0.086956521,0.25,0.27184466,0.308333333,0.369565217,0.558333333,0.3974543122479515,0.365228525797526,153.74334093562692,-1.6996795376762748,6.914592536835425,-0.1354919746518135,1.1446628470068252,"Liam Hicks",29844,689414
"Daniel Schneemann","CLE",35,124,4,15,17,3,0.112903225,0.298387096,0.181818182,0.376811594,0.272727272,0.354838709,0.454545454,0.3605415994121182,0.34465457947273564,129.67665866053463,-0.6840294897556305,3.626428139466876,2.958207130432129,1.1242862174268151,"Daniel Schneemann",25180,682177
"Jacob Wilson","ATH",39,168,3,18,19,2,0.029761904,0.119047619,0.105590062,0.316546762,0.291925465,0.311377245,0.397515527,0.31434559857773925,0.274796727191971,94.549692475501,0.17414711834862828,-0.8984014877977611,5.921175837516785,1.1224526514953488,"Jacob Wilson",33266,805779
"Randy Arozarena","SEA",42,175,3,27,13,9,0.097142857,0.24,0.132450332,0.37037037,0.284768211,0.371428571,0.417218543,0.35507043157305035,0.32075048863202676,131.29921654802015,1.3124494682997465,7.728358672191166,-2.9715598821640015,1.1203620778334515,"Randy Arozarena",19290,668227
"Xander Bogaerts","SDP",39,158,7,18,23,5,0.101265822,0.164556962,0.169014085,0.284403669,0.267605633,0.341772151,0.436619718,0.34807343799856644,0.34500008595140674,125.28128396779267,0.10501638241112232,4.744515015782751,1.1478707194328308,1.1183914324794162,"Xander Bogaerts",12161,593428
"Brandon Marsh","PHI",37,144,4,22,21,3,0.048611111,0.194444444,0.157894737,0.413461538,0.353383458,0.381944444,0.511278195,0.38788978036467014,0.3456504982961735,146.96786942474512,0.5671413904055953,8.422720190931884,-2.0951377153396606,1.1177105050424037,"Brandon Marsh",20202,669016
"José Caballero","NYY",41,147,4,18,13,13,0.054421768,0.197278911,0.140740741,0.303921568,0.259259259,0.319727891,0.4,0.32347338459118696,0.2803876679519127,104.62610164405946,0.9439912047237158,1.740552498179929,3.8622121810913086,1.1063191722448527,"Jose Caballero",23401,676609
"Dillon Dingler","DET",35,139,6,13,26,0,0.057553956,0.187050359,0.208,0.247311827,0.232,0.299270072,0.44,0.3277342236825149,0.39606958277085247,106.12921091920231,-0.5934578063897789,0.4044859391694595,5.407760858535767,1.098994249949948,"Dillon Dingler",27464,693307
"Kazuma Okamoto","TOR",40,167,10,21,26,0,0.107784431,0.287425149,0.22818792,0.296703296,0.248322147,0.329341317,0.476510067,0.35599136316847657,0.3657396282264572,126.03144091218279,-1.6119375438429415,3.480214623850336,1.3244071006774902,1.0964175948550423,"Kazuma Okamoto",37123,672960
"William Contreras","MIL",36,161,3,21,26,0,0.099378881,0.111801242,0.111888112,0.31707317,0.293706293,0.366459627,0.405594405,0.343974898821153,0.346738227508353,119.48795466703486,-0.9345855764113367,2.7096544518576677,2.715634047985077,1.0801042075819047,"William Contreras",20503,661388
"Josh Jung","TEX",38,156,5,17,20,1,0.064102564,0.153846153,0.188811189,0.356521739,0.321678321,0.371794871,0.51048951,0.38775912729593426,0.3567771667089218,148.24848406946924,-0.9569202424027026,7.859554442244285,-2.855496346950531,1.077237041974572,"Josh Jung",26299,673962
"Brayan Rocchio","CLE",41,156,3,17,21,7,0.089743589,0.089743589,0.102189781,0.291666666,0.277372262,0.357142857,0.379562043,0.3363661653809733,0.3164510411142513,113.37548225829308,0.588155756238848,3.0322657215466764,1.969699889421463,1.077021921686428,"Brayan Rocchio",23690,677587
"Carlos Cortes","ATH",32,103,4,11,15,1,0.077669902,0.08737864,0.215053764,0.358024691,0.354838709,0.40776699,0.569892473,0.42601247493503164,0.39579081771397356,169.84519482066867,0.19152221316471696,8.618278846208744,-1.980813056230545,1.0539574599974142,"Carlos Cortes",21842,666126
"Mauricio Dubón","ATL",39,157,2,18,23,0,0.070063694,0.165605095,0.138888889,0.318965517,0.270833333,0.331210191,0.409722222,0.3312313875574974,0.3124234873777742,109.58754880408621,-0.6022700658068061,1.1460545706421859,4.120433330535889,1.0508008598888057,"Mauricio Dubon",16530,643289
"Austin Martin","MIN",35,116,1,13,8,5,0.181034482,0.137931034,0.086956522,0.394736842,0.336956521,0.465517241,0.423913043,0.4078654297466936,0.3726206812365302,159.656790919243,-1.6723663583397865,6.433595780754548,-0.39587295055389404,1.039199271634764,"Austin Martin",27462,668885
"Nick Gonzales","PIT",37,150,0,17,18,3,0.073333333,0.173333333,0.044117647,0.39090909,0.31617647,0.38,0.360294117,0.34003666520118714,0.33951568603515625,114.15212560354125,0.06242832588031888,2.5280575607167006,2.602162182331085,1.01408073558957,"Nick Gonzales",27490,693304
"Iván Herrera","STL",40,182,4,22,18,1,0.153846153,0.181318681,0.15862069,0.311926605,0.262068965,0.406593406,0.420689655,0.3708060748791427,0.367364819130201,139.13723154835873,-0.944997379090637,7.328256032336892,-3.3888509273529053,0.9954789873995397,"Ivan Herrera",20599,671056
"Oswald Peraza","LAA",38,117,5,11,11,5,0.068376068,0.23076923,0.19047619,0.328767123,0.276190476,0.344827586,0.466666666,0.36064276818571417,0.3341878144637398,127.39774065534529,0.38926625717431307,4.144070551490338,1.3644421994686127,0.9884008350166043,"Oswald Peraza",22823,672724
"Bryce Harper","PHI",41,170,10,25,24,2,0.135294117,0.152941176,0.280821918,0.279279279,0.280821917,0.376470588,0.561643835,0.4053106092842373,0.411346300113836,158.81424069450648,-0.41921336529776454,11.193835495534206,-7.0677220821380615,0.9757407509066747,"Bryce Harper",11579,547180
"Oneil Cruz","PIT",39,181,10,31,29,15,0.077348066,0.337016574,0.218181818,0.340425531,0.254545454,0.320441988,0.472727272,0.3461446535653908,0.357992922322134,118.30563048025051,2.1489256285130978,5.997306999101064,-2.300521641969681,0.9672917648507956,"Oneil Cruz",21711,665833
"Dansby Swanson","CHC",40,160,6,26,25,3,0.1375,0.2,0.171641791,0.212121212,0.201492537,0.3125,0.373134328,0.3098807893693447,0.3339307991562376,97.34893577737171,1.5703579299151897,1.07768911986408,3.1743439435958862,0.9562418991924391,"Dansby Swanson",18314,621020
"Casey Schmitt","SFG",34,138,6,17,18,3,0.04347826,0.195652173,0.222222222,0.329787234,0.293650793,0.347826086,0.515873015,0.3779628030631853,0.3606848612318944,144.25109468493687,-0.41947908932343125,6.673324643656449,-1.8277649879455566,0.9458829221841528,"Casey Schmitt",27577,669477
"Sal Stewart","CIN",41,177,10,23,30,8,0.11299435,0.192090395,0.238709677,0.24778761,0.24516129,0.327683615,0.483870967,0.35338963297280396,0.38546956971634266,120.21338565563775,1.4740624614059925,5.629599578897955,-2.1715996861457825,0.9297654798821195,"Sal Stewart",31505,701398
"Chandler Simpson","TBR",40,168,0,22,11,14,0.041666666,0.095238095,0.044871794,0.345070422,0.314102564,0.339393939,0.358974358,0.3130227768059933,0.25642534581626336,95.58217346398041,1.7388479392975569,0.8694779685012972,2.2504119873046875,0.9268244051510262,"Chandler Simpson",31912,802415
"Luis Campusano","SDP",18,58,3,9,10,0,0.086206896,0.258620689,0.307692308,0.352941176,0.288461538,0.362068965,0.596153846,0.4139366612352174,0.3464055981552392,170.06906066240074,0.2272142064757645,4.947509045315371,1.7507737576961517,0.8768009392004805,"Luis Campusano",22217,669134
"Dalton Rushing","LAD",21,70,7,14,17,0,0.057142857,0.257142857,0.365079365,0.315789473,0.301587301,0.371428571,0.666666666,0.4462590788091932,0.3804646379807416,188.79513632131392,0.10989292478188872,7.329308726614061,-1.1089698672294617,0.8665983570223383,"Dalton Rushing",31382,687221
"Ezequiel Duran","TEX",33,108,2,13,13,4,0.101851851,0.212962962,0.157894737,0.352112676,0.284210526,0.355140186,0.442105263,0.35375645895984686,0.3278468150012898,125.32093315231107,1.0837553385645151,4.287000331502536,0.3337746858596802,0.864667326004903,"Ezequiel Duran",23733,677649
"Taylor Ward","BAL",41,187,1,26,12,1,0.219251336,0.176470588,0.111111111,0.324324324,0.256944444,0.422459893,0.368055555,0.36965433512142,0.37254092782576453,136.07937251420037,-1.5974134230054915,6.305500943481497,-4.651364326477051,0.844680742751636,"Taylor Ward",17548,621493
"Trevor Larnach","MIN",32,114,1,14,11,1,0.157894736,0.175438596,0.115789474,0.324324324,0.263157894,0.385964912,0.378947368,0.34909937392293877,0.3202755008123617,120.03161433656501,0.4202086408622563,3.095108299803149,1.0438839197158813,0.8367828159489299,"Trevor Larnach",21501,663616
"Cole Young","SEA",42,164,3,20,22,2,0.079268292,0.237804878,0.116438356,0.333333333,0.260273972,0.335365853,0.376712328,0.32276555277952335,0.32867510725812216,109.51646273322231,-0.5906022940762341,1.2375235701082374,1.0461610853672028,0.8264268576204059,"Cole Young",31680,702284
"Joey Wiemer","WSN",27,70,3,13,8,1,0.128571428,0.385714285,0.229508196,0.483870967,0.295081967,0.385714285,0.524590163,0.3999801158905029,0.294496508612149,156.83217172194307,0.7808917444199324,5.401584899247042,0.3741506338119507,0.820890394244277,"Joey Wiemer",27690,686894
"Brandon Nimmo","TEX",39,173,4,17,12,1,0.098265895,0.190751445,0.138157895,0.327586206,0.276315789,0.358381502,0.414473684,0.3458505581284678,0.37596866696379905,119.99008846489376,-0.5555958622135222,3.4952667401069135,-1.622970998287201,0.8166021386104035,"Brandon Nimmo",12927,607043
"Geraldo Perdomo","ARI",37,154,2,15,12,6,0.149350649,0.129870129,0.141732284,0.252336448,0.228346456,0.342105263,0.37007874,0.3235521100853619,0.3240581032456152,103.84841601377718,-0.3882694751955569,0.30009360832932197,2.7695863246917725,0.8152222077729449,"Geraldo Perdomo",22799,672695
"Julio Rodríguez","SEA",42,182,7,22,19,3,0.076923076,0.23076923,0.174698795,0.333333333,0.277108433,0.34065934,0.451807228,0.3506298816006487,0.3409999615579679,128.30501225245987,-0.811648222617805,5.222575793249332,-3.681614577770233,0.8150075041250948,"Julio Rodriguez",23697,677594
"Ceddanne Rafaela","BOS",38,143,3,17,16,2,0.055944055,0.223776223,0.130769231,0.336842105,0.269230769,0.335664335,0.4,0.3314860254734546,0.2913923872278092,104.73966599167359,-0.1672735675238073,0.6266349638132789,2.1793333292007446,0.8043607746883252,"Ceddanne Rafaela",24262,678882
"Vladimir Guerrero Jr.","TOR",41,171,2,23,17,2,0.111111111,0.116959064,0.086666666,0.3359375,0.3,0.385964912,0.386666666,0.34734819474674405,0.3700163250877744,120.203466409825,-0.7118989890441298,3.3348726166585054,-1.530603051185608,0.8023933844587804,"Vladimir Guerrero Jr.",19611,665489
"Yandy Díaz","TBR",38,165,5,20,23,1,0.078787878,0.133333333,0.144827587,0.327731092,0.303448275,0.381818181,0.448275862,0.36823924443473116,0.35298114352756077,132.8139095298205,-0.2268418068997562,6.115192899930763,-4.10493803024292,0.8019242119698547,"Yandy Diaz",16578,650490
"Jonathan Aranda","TBR",40,170,8,21,32,0,0.129411764,0.235294117,0.205673759,0.319587628,0.276595744,0.376470588,0.482269503,0.37426388299181346,0.36385994185944515,136.8762438710457,-1.0136011042632163,6.3295471008343025,-4.558470964431763,0.7953732733916883,"Jonathan Aranda",21837,666018
"Alec Burleson","STL",39,173,6,21,30,2,0.104046242,0.156069364,0.181818182,0.286885245,0.266233766,0.341040462,0.448051948,0.34602240756241204,0.3762456882766813,122.28404242539608,0.7755116312764585,5.253210848271859,-3.160479187965393,0.7764298219642121,"Alec Burleson",27615,676475
"Andrés Giménez","TOR",38,143,5,12,23,5,0.027972027,0.16083916,0.170370371,0.266055045,0.251851851,0.274647887,0.422222222,0.3038651645183563,0.26679484944948006,90.88343247191185,0.6886034873314202,-0.8384494209905387,3.288545608520508,0.7677749284112713,"Andres Gimenez",19950,665926
"Isaac Paredes","HOU",37,152,3,16,17,0,0.092105263,0.157894736,0.120300752,0.311320754,0.270676691,0.361842105,0.390977443,0.3436241059711105,0.31834100422106293,117.66421009070318,-0.6013798122294247,2.5436480923752685,-0.47339798510074615,0.7611930071259058,"Isaac Paredes",20036,670623
"Bryan Reynolds","PIT",41,178,4,27,23,2,0.185393258,0.252808988,0.147887324,0.329787234,0.246478873,0.393258426,0.394366197,0.3578347790647637,0.3480028889395974,126.25505513134321,0.6612095548771322,6.089308734109506,-4.373824954032898,0.7538684982655413,"Bryan Reynolds",19326,668804
"Michael Busch","CHC",40,175,3,17,23,1,0.137142857,0.217142857,0.1292517,0.296296296,0.238095238,0.348571428,0.367346938,0.3272686300958906,0.3206500026157924,109.1728746827575,-0.9008273133076727,0.9636553367693563,0.7741448879241943,0.7464295159475487,"Michael Busch",26319,683737
"Nolan Arenado","ARI",38,140,6,19,18,0,0.071428571,0.2,0.171875,0.305263157,0.2734375,0.328571428,0.4453125,0.3427748884473528,0.3184098107474191,116.92013437826351,-0.1529658231884241,2.598389500092687,0.24386776983737946,0.7464199208309861,"Nolan Arenado",9777,571448
"Masyn Winn","STL",35,149,1,16,16,4,0.087248322,0.201342281,0.099236642,0.31372549,0.251908396,0.32885906,0.351145038,0.30895315320699807,0.3011668160457739,97.07650770847947,1.2094559334218502,0.7035112241040136,1.737486094236374,0.7343676753675248,"Masyn Winn",27479,691026
"Brandon Valenzuela","TOR",23,65,4,9,10,0,0.092307692,0.276923076,0.220338983,0.27027027,0.237288135,0.307692307,0.457627118,0.33823150396347046,0.3225616161639874,114.05620202270472,0.033146912697702646,1.1033545375720606,3.757197141647339,0.7341901019027882,"Brandon Valenzuela",23813,678218
"Spencer Horwitz","PIT",37,136,3,13,19,0,0.161764705,0.132352941,0.153153153,0.282608695,0.261261261,0.382352941,0.414414414,0.3599776494152406,0.3190469461328843,127.71223250630726,-1.438968607224524,2.9385223723510014,-0.1395585536956787,0.7289914199527583,"Spencer Horwitz",26477,687462
"Freddie Freeman","LAD",39,169,4,15,20,0,0.082840236,0.130177514,0.162337663,0.296875,0.272727272,0.337278106,0.435064935,0.3417655485016959,0.3797626495361328,117.73829046019084,-0.42318736389279366,3.0586886644493063,-1.4470195770263672,0.7139959566834138,"Freddie Freeman",5361,518692
"Will Smith","LAD",34,128,3,12,16,0,0.09375,0.171875,0.104347826,0.307692307,0.269565217,0.3359375,0.373913043,0.32117475057020783,0.3622344732284546,103.73630248572292,-0.3562190202064812,0.19925894488247042,2.6799875795841217,0.7112896426314825,"Will Smith",19197,669257
"Evan Carter","TEX",41,148,5,17,13,6,0.148648648,0.216216216,0.165289256,0.188235294,0.173553719,0.303448275,0.338842975,0.29670241618978566,0.31154748324690196,86.85014439800653,1.3907557232305408,-0.8889006764150174,2.5890870690345764,0.7087176882107374,"Evan Carter",27790,694497
"Zach Neto","LAA",42,194,6,28,18,7,0.12371134,0.30927835,0.173652694,0.303921568,0.221556886,0.324742268,0.39520958,0.32287928539236593,0.31581088051277123,101.93432213784001,-1.197611483745277,-0.7580524338879766,0.8174840211868286,0.7059885883966093,"Zach Neto",31347,687263
"Konnor Griffin","PIT",35,140,3,15,19,9,0.078571428,0.285714285,0.144,0.345238095,0.256,0.321428571,0.4,0.3213086898837771,0.3241677692958287,101.41687920595027,2.748496510554105,2.978892916314663,-0.594003438949585,0.6993996922348228,"Konnor Griffin",35376,804606
"Gunnar Henderson","BAL",41,190,9,23,21,5,0.068421052,0.3,0.205714286,0.245454545,0.205714285,0.263157894,0.411428571,0.2970141583367398,0.28571644833213405,87.09905910466263,1.7066217488609254,-1.1645665821733515,1.2956176027655602,0.6989210199203877,"Gunnar Henderson",26289,683002
"Heliot Ramos","SFG",40,161,4,18,20,0,0.055900621,0.279503105,0.165562914,0.368932038,0.278145695,0.316770186,0.443708609,0.3322132408618927,0.3354395483709445,113.1408471893762,0.2865487141534686,2.74388208500215,-1.0372274518013,0.6978057219488321,"Heliot Ramos",22515,671218
"Chase Meidroth","CHW",38,164,2,25,5,1,0.097560975,0.25,0.104166667,0.372549019,0.277777777,0.347826086,0.381944444,0.3300226241905497,0.2979625940322876,107.6658630871882,-0.09239231469109654,1.3802307569111107,-0.4183792471885681,0.6905342615748385,"Chase Meidroth",31580,805367
"Pete Alonso","BAL",42,179,8,27,22,1,0.117318435,0.240223463,0.21656051,0.235849056,0.210191082,0.307262569,0.426751592,0.32736717289386513,0.35301199923740345,107.56569660114246,-0.21595103712752461,1.3703610960931494,-0.9366941452026367,0.6903479618275492,"Pete Alonso",19251,624413
"Leody Taveras","BAL",34,114,2,12,19,2,0.140350877,0.210526315,0.135416667,0.328571428,0.260416666,0.366071428,0.395833333,0.3465643658169678,0.33982157707214355,120.51011066478274,0.20746779209002852,2.9462629336240456,-0.32576707005500793,0.6806720295317509,"Leody Taveras",18900,665750
"Brooks Lee","MIN",38,145,5,18,24,3,0.062068965,0.179310344,0.149253732,0.310679611,0.276119402,0.326388888,0.425373134,0.3352583576407697,0.2719244692060683,110.69879955808923,0.1825702521018684,1.9997159369290194,-0.4754692316055298,0.6798071379503923,"Brooks Lee",31595,686797
"Christian Vázquez","HOU",23,77,3,7,12,0,0.077922077,0.181818181,0.185714286,0.320754716,0.285714285,0.342105263,0.471428571,0.3597909470922069,0.25928296540912826,128.56529789092596,-0.24935376597568393,2.3270633543189594,1.54522106051445,0.6758815979709407,"Christian Vazquez",9774,543877
"Hunter Goodman","COL",37,156,10,25,17,1,0.07051282,0.365384615,0.26056338,0.333333333,0.246478873,0.314102564,0.507042253,0.35713893021306686,0.3103448198987292,113.92476851302851,-2.074638736899942,0.4484203418351589,1.1674205660820007,0.6722474271564235,"Hunter Goodman",29715,696100
"Daulton Varsho","TOR",39,150,4,18,9,2,0.08,0.18,0.139705882,0.295238095,0.257352941,0.326666666,0.397058823,0.32086001618488413,0.3082651189855627,102.3428368651937,0.45771232806146145,0.8693546336458071,0.33204689621925354,0.6646547733410102,"Daulton Varsho",19918,662139
"Kyle Isbel","KCR",34,110,3,13,10,5,0.054545454,0.227272727,0.134020618,0.333333333,0.268041237,0.330188679,0.402061855,0.32983779232457,0.2932933771385337,104.79988923055576,1.1647287998348475,1.7831873443018436,0.7049241811037064,0.652631615734294,"Kyle Isbel",21614,664728
"Michael Conforto","CHC",23,55,2,9,8,0,0.181818181,0.236363636,0.295454546,0.466666666,0.363636363,0.472727272,0.659090909,0.48199776844544845,0.4419729059392756,214.39053267148438,0.24772525345906615,7.555204812572466,-2.968855321407318,0.6499479249774069,"Michael Conforto",16376,624424
"Cam Smith","HOU",41,162,4,18,17,5,0.111111111,0.277777777,0.129496403,0.27173913,0.208633093,0.304347826,0.338129496,0.2940388662474496,0.35083904266357424,84.22953675075362,1.121033309493214,-1.8715493770684843,2.4839142560958862,0.6473896376060206,"Cam Smith",35108,701358
"Kyle Tucker","LAD",40,173,4,28,20,3,0.132947976,0.196531791,0.141891891,0.294642857,0.25,0.346820809,0.391891891,0.33377428998836894,0.3308310536290869,112.30413943910015,0.12665013456717134,2.5990128450901344,-1.9812806397676468,0.6247907851102819,"Kyle Tucker",18345,663656
"Angel Martínez","CLE",39,136,5,14,17,5,0.036764705,0.213235294,0.177419354,0.285714285,0.25,0.293233082,0.427419354,0.3179065683730563,0.31109731847589667,100.92841939469848,-0.017925869207829237,0.1299746867294477,1.1717233657836914,0.624459167113208,"Angel Martinez",26540,682657
"Ramón Laureano","SDP",37,150,5,18,19,4,0.1,0.306666666,0.174242424,0.289156626,0.219696969,0.3,0.393939393,0.30906988302866617,0.3199108632405599,98.7584017819164,0.8375230235978961,0.6212077540625804,0.6833193302154541,0.6207759461438702,"Ramon Laureano",17128,657656
"Carson Kelly","CHC",30,114,2,14,13,0,0.122807017,0.166666666,0.101010101,0.333333333,0.282828282,0.377192982,0.383838383,0.3486348301695104,0.333459452578896,123.70214535436182,-0.30061253579333425,2.83778060421445,-0.5666618347167969,0.6033485253240708,"Carson Kelly",13620,608348
"Tristan Peters","CHW",37,100,0,9,6,4,0.07,0.24,0.056179775,0.369230769,0.269662921,0.329896907,0.325842696,0.3006928532393937,0.28113011232356433,87.8891852622445,1.0560011807829142,-0.36259914238906266,2.660496897995472,0.5970002482722753,"Tristan Peters",30063,671976
"Samuel Basallo","BAL",33,126,5,14,15,0,0.087301587,0.253968253,0.2,0.333333333,0.269565217,0.333333333,0.469565217,0.35150995016098024,0.34396377686531315,123.84485297799417,-0.04501509713009,3.4742492347936444,-2.096181184053421,0.5962342544046435,"Samuel Basallo",28824,694212
"Jackson Merrill","SDP",39,167,4,22,18,8,0.089820359,0.239520958,0.134228188,0.285714285,0.228187919,0.303030303,0.362416107,0.2965911334277662,0.32929707750862025,90.27270334373205,1.8317070957273245,-0.05508248540262395,0.550500400364399,0.5927496212380776,"Jackson Merrill",29490,701538
"Hyeseong Kim","LAD",30,88,1,10,8,5,0.09090909,0.21590909,0.102564102,0.355932203,0.282051282,0.344827586,0.384615384,0.32783362577701436,0.31426445095018407,108.26441698033442,0.8750259294174612,1.7197400048414768,1.2113025039434433,0.5868379171500309,"Hyeseong Kim",35322,808975
"Francisco Lindor","NYM",24,105,2,14,5,2,0.104761904,0.18095238,0.129032258,0.263888888,0.225806451,0.314285714,0.354838709,0.3047899376778376,0.3403868902297247,95.40713235369161,-0.27693459717556834,-0.8370636082088609,3.2243990898132324,0.5860965685718168,"Francisco Lindor",12916,596019
"Nathan Church","STL",37,124,5,15,17,3,0.04032258,0.209677419,0.173913043,0.279069767,0.252173913,0.29032258,0.426086956,0.3143737729518644,0.3077337203487273,100.76259373265022,0.587675734423101,0.697507952480298,1.0554973483085632,0.5825274347370162,"Nathan Church",31357,701675
"Ronald Acuña Jr.","ATL",34,152,2,17,9,7,0.131578947,0.203947368,0.125984252,0.3125,0.251968503,0.361842105,0.377952755,0.33503444423738693,0.3803931229951366,112.17367266753304,-0.041773300152271986,2.107442602306396,-1.243675321340561,0.58195195482435,"Ronald Acuna Jr.",18401,660670
"Travis Bazzana","CLE",12,52,1,7,6,7,0.23076923,0.134615384,0.105263158,0.233333333,0.210526315,0.423076923,0.315789473,0.3531331139452317,0.39376507973184394,124.68121459472894,1.5367222134955227,3.0400599718898946,0.6125453859567642,0.5631066883593686,"Travis Bazzana",34967,683953
"Ryan O'Hearn","PIT",39,164,5,22,26,1,0.109756097,0.18902439,0.14084507,0.333333333,0.288732394,0.371951219,0.429577464,0.35742737106019,0.3583496655423217,125.97801283314169,-1.9183269860222936,3.0300708969005212,-2.734235942363739,0.5624980121456672,"Ryan O'Hearn",16442,656811
"Shohei Ohtani","LAD",41,180,6,25,16,5,0.15,0.238888888,0.171232877,0.282828282,0.232876712,0.363128491,0.404109589,0.3363786715303542,0.37310307524925057,114.07514992413037,0.841456507332623,3.784118446027423,-4.10493803024292,0.5510127928813466,"Shohei Ohtani",19755,660271
"Jorge Mateo","ATL",26,58,2,15,6,4,0.051724137,0.327586206,0.145454545,0.44117647,0.309090909,0.344827586,0.454545454,0.35476085029799365,0.3085302155593346,125.58786386882205,0.024545006453990936,1.7483052597685234,1.7242820262908936,0.5451795547166671,"Jorge Mateo",17273,622761
"JJ Bleday","CIN",13,51,4,7,9,1,0.176470588,0.137254901,0.380952381,0.225806451,0.261904761,0.392156862,0.642857142,0.43585357666015623,0.48084014892578125,176.2898500879252,-0.4173394273966551,4.101758734178558,-0.40865136682987213,0.5451394609107165,"JJ Bleday",26368,668709
"Paul Goldschmidt","NYY",19,65,3,13,9,0,0.107692307,0.215384615,0.263157894,0.275,0.245614035,0.338461538,0.508771929,0.37076011070838344,0.4002249497633714,136.5109175661998,0.3110176296904683,3.0908768197754,-0.08895742893218994,0.5431112448071818,"Paul Goldschmidt",9218,502671
"Zack Gelof","ATH",24,69,3,12,11,2,0.072463768,0.260869565,0.209677419,0.341463414,0.274193548,0.328358208,0.483870967,0.3566691181552944,0.2999888747485716,123.08788367027456,0.617799423635006,2.4838349598233993,0.35447996854782104,0.5407221852266968,"Zack Gelof",29766,680869
"Connor Norby","MIA",37,137,3,11,12,4,0.109489051,0.313868613,0.146551724,0.338028169,0.23275862,0.343065693,0.379310344,0.32995154126717224,0.2954604712715984,107.84065223647997,-0.05292529799044132,1.194709835885116,-0.602386474609375,0.5053795945282258,"Connor Norby",29592,681393
"Jonny DeLuca","TBR",32,94,2,16,14,5,0.053191489,0.202127659,0.147727273,0.313432835,0.261363636,0.301075268,0.409090909,0.3149879369684445,0.30184144871209256,96.90725504992035,1.4877350782044232,1.1472025099310224,0.45966172218322754,0.5043120104720179,"Jonny DeLuca",26365,676356
"Troy Johnston","COL",37,133,2,13,18,1,0.082706766,0.218045112,0.133333333,0.415730337,0.325,0.386363636,0.458333333,0.37744832535584766,0.3236259402650775,127.73539923769141,-0.4767994857393205,3.8077079418306248,-3.1289641857147217,0.5012864766733748,"Troy Johnston",26143,687859
"Luke Raley","SEA",36,111,8,15,23,0,0.063063063,0.378378378,0.297029703,0.333333333,0.247524752,0.309090909,0.544554455,0.3699560127475045,0.39041349237615414,141.3363676602631,0.11382692633196712,5.488375396309193,-4.541821241378784,0.49775763679263463,"Luke Raley",19354,670042
"Jake McCarthy","COL",31,89,2,9,15,7,0.08988764,0.168539325,0.210526316,0.333333333,0.289473684,0.360465116,0.5,0.3756771052992621,0.34791614308076746,126.53094849153936,0.6143256085924804,3.356894973058586,-1.4822372198104858,0.4814794688191679,"Jake McCarthy",21622,664983
"Manny Machado","SDP",38,161,6,22,20,1,0.130434782,0.223602484,0.161764706,0.206185567,0.19117647,0.29375,0.352941176,0.29050704218306633,0.3165787510901877,86.13544879306798,-0.5420472715049982,-3.1347130153223626,2.7286761105060577,0.4806080077992705,"Manny Machado",11493,592518
"Juan Soto","NYM",25,107,4,10,10,1,0.140186915,0.14953271,0.197802198,0.277777777,0.263736263,0.364485981,0.461538461,0.3566434434973277,0.39055352072113925,130.66813425047593,-0.30458394763991237,3.5068286999237746,-2.2839424312114716,0.4728728446427189,"Juan Soto",20123,665742
"Austin Hedges","CLE",18,57,1,11,4,1,0.087719298,0.210526315,0.137254902,0.358974358,0.294117647,0.350877192,0.431372549,0.3465711516246461,0.2843904327927974,120.25656992465088,-0.54407445108518,0.8083949772987065,1.7227660417556763,0.4658534066607567,"Austin Hedges",12976,595978
"Dominic Smith","ATL",31,84,4,11,18,0,0.047619047,0.13095238,0.197368421,0.333333333,0.328947368,0.361445783,0.526315789,0.38537911837359506,0.3876128598868129,146.40865103890062,-0.3887439160607755,4.13911689973301,-2.2685184478759766,0.46484006361512065,"Dominic Smith",15653,642086
"Francisco Alvarez","NYM",36,126,4,11,9,0,0.087301587,0.222222222,0.145454545,0.278481012,0.236363636,0.314516129,0.381818181,0.314035945842343,0.3393910315728957,101.69452809046679,0.054082097951322794,0.3020720902370866,0.1768825352191925,0.45803600481243223,"Francisco Alvarez",26121,682626
"Nathaniel Lowe","CIN",29,90,6,9,16,0,0.1,0.233333333,0.283950617,0.277777777,0.259259259,0.333333333,0.543209876,0.3811886502636804,0.37519778761752814,139.1170486950209,-0.47519221855327487,3.613867257522646,-2.0130293667316437,0.45657351574946203,"Nathaniel Lowe",19566,663993
"Teoscar Hernández","LAD",36,146,4,18,17,1,0.102739726,0.287671232,0.131782946,0.333333333,0.248062015,0.328767123,0.379844961,0.31798090605900203,0.31625956959194607,101.56445015697773,0.4043912449851632,0.669686464528447,-0.8842952847480774,0.45162174299594515,"Teoscar Hernandez",13066,606192
"Gleyber Torres","DET",32,144,2,18,11,0,0.173611111,0.152777777,0.068965517,0.29787234,0.258620689,0.388888888,0.327586206,0.33711127357350457,0.3468481699625651,112.45203201969292,-3.0235942024737597,-0.9232551152288799,0.23894628882408142,0.449146392345458,"Gleyber Torres",16997,650402
"Junior Caminero","TBR",40,173,11,25,19,0,0.121387283,0.16184971,0.238410596,0.238938053,0.251655629,0.341040462,0.490066225,0.36378567787103877,0.3737765817081227,129.81092831838302,-0.9587416779249907,5.082250830811014,-6.821348786354065,0.4453286034792392,"Junior Caminero",28163,691406
"Kyle Karros","COL",39,138,1,16,9,2,0.152173913,0.260869565,0.078260869,0.3,0.217391304,0.333333333,0.295652173,0.29572695018588635,0.33595818846765224,72.1638902464375,1.2177451686002314,-3.2439763905482977,3.1952638030052185,0.4427215640153686,"Kyle Karros",33252,691720
"Drew Romo","CHW",9,32,3,5,4,0,0.25,0.125,0.434782609,0.0625,0.173913043,0.40625,0.608695652,0.43529743887484074,0.460402250289917,178.65128252872054,-0.13769113132730126,2.8104107027215366,0.34920887649059296,0.4402722725782583,"Drew Romo",27763,691011
"Pedro Pagés","STL",27,96,3,8,8,2,0.041666666,0.25,0.136363636,0.241935483,0.204545454,0.252631578,0.34090909,0.26552436477259583,0.26500770167300575,67.54441403112352,0.35764658730477095,-3.2612445996341832,4.464354336261749,0.43515111043569565,"Pedro Pages",25782,686780
"Miguel Amaya","CHC",23,71,2,11,8,0,0.14084507,0.225352112,0.122807017,0.282051282,0.228070175,0.371428571,0.350877192,0.33910163385527475,0.31095858982631136,117.21945825334171,-0.003889420535415411,1.4161247227096383,0.5385736972093582,0.43130864038856837,"Miguel Amaya",21693,665804
"Myles Straw","TOR",34,76,2,17,6,1,0.105263157,0.118421052,0.136363636,0.321428571,0.303030303,0.373333333,0.439393939,0.36247758150100706,0.35757344563802085,130.4050124098369,-0.7623787461780012,1.944354585733541,-0.4313683807849884,0.4297235757729839,"Myles Straw",17620,664702
"Corey Seager","TEX",40,174,7,21,19,1,0.126436781,0.270114942,0.182432432,0.21875,0.189189189,0.298850574,0.371621621,0.29892663588357526,0.3447485413662223,88.34990641010089,-0.7582429614849389,-3.1327056865533414,1.202866792678833,0.4293268810964508,"Corey Seager",13624,608369
"Nasim Nuñez","WSN",38,138,0,16,14,17,0.130434782,0.188405797,0.026086956,0.266666666,0.208695652,0.318518518,0.234782608,0.26788213032263297,0.28335836905020256,67.00396732078002,2.7132374583743513,-2.575544331703333,2.3454009890556335,0.42406936393028805,"Nasim Nunez",25979,683083
"Jac Caglianone","KCR",37,135,4,17,8,0,0.081481481,0.296296296,0.172131147,0.333333333,0.245901639,0.318518518,0.418032786,0.32894200616412694,0.33165545993381074,104.19587243394908,0.3152565383352339,0.9787593052063699,-1.5967996418476105,0.42349060422659696,"Jac Caglianone",35041,695506
"Daylen Lile","WSN",40,176,3,24,15,2,0.09090909,0.181818181,0.126582279,0.298387096,0.253164556,0.323863636,0.379746835,0.3149354246684483,0.33296337346921023,99.00076821122484,-0.9120663041248918,-1.1163312047459466,-0.32444167137145996,0.4228970231364451,"Daylen Lile",29995,695734
"Spencer Steer","CIN",39,150,7,16,13,2,0.08,0.233333333,0.201492538,0.279569892,0.246268656,0.32,0.447761194,0.3401198836167653,0.3737213924013335,111.18979795759518,0.3539902945049107,2.303513196510193,-2.940924823284149,0.42113267524077375,"Spencer Steer",26323,668715
"Daniel Susac","SFG",11,24,0,1,5,0,0.041666666,0.125,0.173913044,0.55,0.478260869,0.5,0.652173913,0.5042385384440422,0.3864271243413289,230.12009957502934,-0.47115632286295295,3.156035018307538,0.10229263454675674,0.4128421724054803,"Daniel Susac",31441,691740
"Adolis García","PHI",40,163,4,15,13,1,0.079754601,0.251533742,0.136986301,0.300970873,0.239726027,0.306748466,0.376712328,0.30640828499764755,0.32446619045515,91.55948155814316,-0.17442439636215568,-1.7724052257673968,0.6085070371627808,0.40918402946153454,"Adolis Garcia",19287,666969
"Austin Wells","NYY",32,116,3,10,5,0,0.163793103,0.215517241,0.104166667,0.20289855,0.177083333,0.310344827,0.28125,0.27418424894935206,0.314453698892509,71.39108738220756,-0.2644953830167651,-4.151777265718249,4.042499005794525,0.40724966535057555,"Austin Wells",27562,669224
"J.T. Realmuto","PHI",24,89,1,8,8,0,0.056179775,0.146067415,0.086419753,0.279411764,0.24691358,0.303370786,0.333333333,0.28915810049249885,0.2964155432883273,79.82915052376008,0.04851190093904734,-2.0365983937959555,3.140534669160843,0.4022445496509318,"J.T. Realmuto",11739,592663
"Tristan Gray","MIN",20,68,3,8,14,0,0.044117647,0.323529411,0.161290322,0.342105263,0.258064516,0.298507462,0.419354838,0.3167231154085985,0.28944873809814453,98.20073011719937,-0.2920398935675621,-0.435354982344783,1.9071941375732422,0.39663242994628845,"Tristan Gray",19877,656484
"Wyatt Langford","TEX",20,84,1,9,4,3,0.047619047,0.226190476,0.125,0.3,0.2375,0.273809523,0.3625,0.28236291593029383,0.28192860739571707,77.18120844637785,1.1530983648262918,-1.092120181537481,1.975180745124817,0.3938243120163415,"Wyatt Langford",33333,694671
"Sam Antonacci","CHW",23,87,1,12,9,2,0.068965517,0.126436781,0.126760564,0.3,0.267605633,0.376470588,0.394366197,0.35184098762624405,0.39093517121814547,122.37769786604976,-0.20844267634674907,2.072011512529772,-1.3165622353553772,0.391527950888501,"Sam Antonacci",35101,803011
"Moisés Ballesteros","CHC",36,110,6,14,19,0,0.09090909,0.181818181,0.234693878,0.27027027,0.265306122,0.327272727,0.5,0.3592640773816542,0.3354137420654297,130.9301601276256,-0.17929869005456567,3.7724533931678215,-3.450308073312044,0.390004372729667,"Moises Ballesteros",28820,694208
"Ty France","SDP",23,68,4,9,11,1,0.029411764,0.132352941,0.276923077,0.25,0.261538461,0.294117647,0.538461538,0.3592444763464086,0.37837859765807197,132.8777231698699,-0.9848995637148619,1.6118225981017682,-0.009311556816101074,0.38536835634880506,"Ty France",17982,664034
"Fernando Tatis Jr.","SDP",39,167,0,14,15,10,0.101796407,0.245508982,0.048611111,0.327102803,0.243055555,0.319277108,0.291666666,0.27992954543142606,0.34728412050189394,78.94262494965817,0.5430313935503364,-3.541437010662408,1.9972777366638184,0.383068512897224,"Fernando Tatis Jr.",19709,665487
"Bryson Stott","PHI",35,132,3,12,15,7,0.053030303,0.181818181,0.147540983,0.242105263,0.213114754,0.261538461,0.360655737,0.27705805668464073,0.291889396080604,71.60097653789063,1.764556396752596,-2.589481202721829,2.1111293733119965,0.37908550057212476,"Bryson Stott",26294,681082
"TJ Rumfield","COL",40,163,5,15,21,0,0.079754601,0.159509202,0.156462585,0.299145299,0.272108843,0.337423312,0.428571428,0.3413510640706021,0.33467895602002556,103.18883139175516,-1.1474389391951263,-0.5437211145931826,-0.9139623641967773,0.37898109054177626,"TJ Rumfield",29805,681198
"Alex Bregman","CHC",40,183,3,16,13,1,0.120218579,0.169398907,0.100628931,0.269841269,0.232704402,0.327868852,0.333333333,0.30043059192309723,0.3221493615044488,90.9226888956831,-0.3614651211537421,-2.290868999877653,0.16237730532884598,0.37490620663919516,"Alex Bregman",17678,608324
"José Tena","WSN",30,77,2,13,10,0,0.077922077,0.272727272,0.185714286,0.382978723,0.285714285,0.35064935,0.471428571,0.36355415799401025,0.33036843832437096,132.06208626327302,0.65757852839306,3.5250383463306387,-2.353868395090103,0.37022358441189906,"Jose Tena",23691,677588
"Carter Jensen","KCR",38,138,6,16,18,0,0.115942028,0.311594202,0.176470589,0.277777777,0.218487394,0.311594202,0.394957983,0.31686247258946515,0.299404918283656,96.05080221913165,-0.022633631713688374,-0.6610068584485935,-0.5914658308029175,0.36908991311018735,"Carter Jensen",29478,695600
"Brandon Lockridge","MIL",28,96,0,9,12,5,0.104166666,0.260416666,0.047058823,0.416666666,0.294117647,0.368421052,0.34117647,0.3274249785824826,0.27703733647123296,108.23381167892387,0.9084336631931365,1.8265273481553157,-1.3838121891021729,0.35697786028111234,"Brandon Lockridge",21496,663604
"J.P. Crawford","SEA",34,145,4,19,11,1,0.179310344,0.158620689,0.128205128,0.211111111,0.196581196,0.351724137,0.324786324,0.3202315272956059,0.3714948230319553,107.80780276178612,-0.987126624211669,0.3389955280473509,-1.9652379751205444,0.3559174313651269,"J.P. Crawford",15491,641487
"Braden Shewmake","HOU",11,25,3,5,3,0,0,0.12,0.375,0.277777777,0.333333333,0.333333333,0.708333333,0.44905488441387814,0.26582608015640924,188.7547938381176,-0.059359308797866106,2.539713956465175,0.030233711004257202,0.3543970113943074,"Braden Shewmake",25817,669699
"Kody Clemens","MIN",30,108,3,13,9,5,0.101851851,0.277777777,0.164835165,0.275862068,0.208791208,0.320754716,0.373626373,0.3176911220235645,0.3377473219385687,98.85344421402877,-0.23639905313029885,-0.38144501405300063,-0.004593968391418457,0.3499359814799673,"Kody Clemens",20572,665019
"David Fry","CLE",26,67,3,11,7,0,0.179104477,0.268656716,0.2,0.352941176,0.272727272,0.402985074,0.472727272,0.3879276053471999,0.2943145578557795,148.14268136463485,-0.4790470045991242,3.299212396615924,-2.2490194216370583,0.3496769813758219,"David Fry",24934,681807
"Alex Freeland","LAD",33,112,2,11,8,0,0.098214285,0.285714285,0.102040816,0.323076923,0.234693877,0.309090909,0.336734693,0.29441115964542736,0.2921523701060902,85.53674171448702,-0.2638405617326498,-2.145317944179761,2.0063072741031647,0.3490835276898789,"Alex Freeland",31665,690976
"Brendan Donovan","SEA",21,85,3,8,8,1,0.105882352,0.152941176,0.171428571,0.272727272,0.257142857,0.376470588,0.428571428,0.36424580882577334,0.31917565127453174,137.48605244768027,-0.16586801502853632,3.566421527664102,-3.159265398979187,0.3485060242478464,"Brendan Donovan",24679,680977
"Jose Altuve","HOU",38,168,3,25,9,1,0.101190476,0.19047619,0.127516778,0.307017543,0.255033557,0.335329341,0.382550335,0.3231098615979574,0.3228520118385736,103.83172560026352,-0.4171217316761613,0.33691130833580196,-2.874052196741104,0.34524676065047827,"Jose Altuve",5417,514888
"Gary Sánchez","MIL",27,98,5,13,14,0,0.183673469,0.224489795,0.240506329,0.211538461,0.202531645,0.357142857,0.443037974,0.3599647581577301,0.357217847686453,130.36124956746255,-0.15054995333775878,3.3053451729061605,-3.0461055487394333,0.3446042778277959,"Gary Sanchez",11442,596142
"Everson Pereira","CHW",18,71,3,7,7,1,0.056338028,0.295774647,0.203125,0.31707317,0.25,0.309859154,0.453125,0.33523765164361874,0.3137849619690801,111.18228733609695,-0.05012631928548217,0.879858137443772,-0.03105294704437256,0.3434035633610608,"Everson Pereira",23695,677592
"Vaughn Grissom","LAA",22,78,1,6,10,0,0.115384615,0.076923076,0.136363637,0.278688524,0.272727272,0.35064935,0.409090909,0.33816799095698763,0.3690942789052988,112.24329471098011,0.010854525491595268,1.1294668503950054,-0.5384806990623474,0.34215153030166523,"Vaughn Grissom",26031,687093
"Alex Call","LAD",18,48,0,8,4,0,0.166666666,0.125,0.102564103,0.363636363,0.307692307,0.4375,0.41025641,0.3898722467323144,0.3191431562105815,150.4514185457424,-0.3308041193522513,2.481935020819804,-0.7115475982427597,0.3377387472604679,"Alex Call",19296,669743
"Jazz Chisholm Jr.","NYY",41,167,4,17,14,11,0.095808383,0.293413173,0.12080537,0.268041237,0.201342281,0.281437125,0.322147651,0.2760153912498565,0.26216289635860557,72.62580249092801,0.8082525576464832,-4.546563553183873,1.9637030959129333,0.3369388851929415,"Jazz Chisholm Jr.",20454,665862
"Taylor Trammell","HOU",10,33,0,4,4,1,0.121212121,0.272727272,0.103448276,0.5,0.344827586,0.424242424,0.448275862,0.39199784669009125,0.29100010611794214,150.28198562600576,0.29349896498024464,2.237126545708972,-0.2139679118990898,0.3270447034189611,"Taylor Trammell",19960,666211
"Griffin Conine","MIA",11,25,2,6,4,2,0.08,0.24,0.318181818,0.285714285,0.272727272,0.36,0.59090909,0.41250823020935057,0.5128546524047851,163.98018454729666,0.4742949539795518,2.3321008399326777,0.05555585026741028,0.3265762468467805,"Griffin Conine",21626,665052
"Matt Chapman","SFG",40,171,1,16,14,0,0.093567251,0.233918128,0.084967321,0.303571428,0.228758169,0.30994152,0.31372549,0.2880315937493977,0.26223517874994223,83.09680063908141,-0.7041655029170215,-4.061385964949695,1.8266243934631348,0.32504800657918753,"Matt Chapman",16505,656305
"Roman Anthony","BOS",30,130,1,12,5,2,0.153846153,0.253846153,0.091743119,0.32,0.229357798,0.353846153,0.321100917,0.31378820977469746,0.35309869050979614,92.80626222038512,0.8229291746392846,-0.27250087263164224,-1.1786430478096008,0.31980431034417106,"Roman Anthony",31812,701350
"Carlos Narváez","BOS",25,86,2,9,3,1,0.058139534,0.279069767,0.115384615,0.269230769,0.205128205,0.270588235,0.32051282,0.26986399678622974,0.2816586213953355,63.1887445645612,0.011353018693625927,-3.696869391569386,3.7679838836193085,0.3175664943489252,"Carlos Narvaez",19722,665966
"Jeff McNeil","ATH",38,136,1,9,12,1,0.073529411,0.132352941,0.091666667,0.320388349,0.283333333,0.348148148,0.375,0.32693548290817825,0.3156229654947917,103.03888547571383,-1.035509674809873,-0.5514042652780504,-1.1874760687351227,0.3118689648227708,"Jeff McNeil",15362,643446
"Christian Yelich","MIL",15,56,1,10,10,3,0.089285714,0.25,0.137254902,0.416666666,0.31372549,0.375,0.450980392,0.3556977455262785,0.28221764387907805,127.45963012797877,0.7716266461648047,2.557692828357818,-1.3150524981319904,0.30943842717616254,"Christian Yelich",11477,592885
"Jo Adell","LAA",42,176,6,16,24,2,0.022727272,0.221590909,0.13939394,0.330578512,0.278787878,0.318181818,0.418181818,0.32804933630607347,0.33102964128766743,105.42041929929498,-0.0788811300881207,1.038579534262968,-4.21483588218689,0.3084027269350792,"Jo Adell",20220,666176
"Cal Raleigh","SEA",39,172,7,13,18,2,0.098837209,0.313953488,0.163398692,0.180851063,0.156862745,0.238372093,0.320261437,0.252681223459022,0.2857922398766806,62.2595235686775,-0.6163592142984271,-8.22001623828033,5.16496354341507,0.3064327219209716,"Cal Raleigh",21534,663728
"Yohendrick Piñango","TOR",11,31,0,1,4,0,0.064516129,0.096774193,0.034482759,0.423076923,0.379310344,0.419354838,0.413793103,0.3775921444739065,0.3447581260435043,140.59656292953414,0.02154977060854435,1.4956861146078395,0.26959168910980225,0.29331772047144633,"Yohendrick Pinango",26664,682818
"Brice Matthews","HOU",33,99,4,10,13,2,0.08080808,0.353535353,0.202247191,0.274509803,0.202247191,0.265306122,0.404494382,0.29451062910410825,0.2764286508365553,84.54764022457378,0.3353742300532758,-1.4565378597108294,0.8323622494935989,0.2929854707219553,"Brice Matthews",33280,694728
"Esteury Ruiz","MIA",13,22,2,6,3,7,0,0.363636363,0.363636363,0.25,0.227272727,0.227272727,0.59090909,0.3474580564282157,0.23777272484519266,119.74529117157036,1.4958156547509134,2.000361995274988,0.12463703751564026,0.28984017006981644,"Esteury Ruiz",21780,665923
"Nick Fortes","TBR",33,104,1,7,8,0,0.019230769,0.134615384,0.080808081,0.321428571,0.282828282,0.317307692,0.363636363,0.3071861674006169,0.30021243828993577,91.64662470049387,-1.0975890341214836,-2.115200582336651,1.2704635858535767,0.288348510187148,"Nick Fortes",21538,663743
"Matt Shaw","CHC",35,92,3,10,10,2,0.054347826,0.173913043,0.176470588,0.298507462,0.270588235,0.307692307,0.447058823,0.3307998986034603,0.3022665296282087,111.57417935012039,-0.6330403084866703,0.6037408843133258,-0.7065057754516602,0.2879214812207118,"Matt Shaw",33322,807713
"Jackson Chourio","MIL",5,24,0,1,3,0,0.083333333,0.208333333,0.136363637,0.470588235,0.363636363,0.416666666,0.5,0.4067024861772855,0.4280625581741333,162.1434615954388,-0.08121564378961921,1.651078033709172,0.3685629218816757,0.28549754383485837,"Jackson Chourio",28806,694192
"Luke Keaschall","MIN",40,167,1,18,15,8,0.107784431,0.143712574,0.075342466,0.260162601,0.226027397,0.311377245,0.301369863,0.28130903588720113,0.28624320752692944,74.32148324793569,2.2800531899556518,-2.7430615574487796,-0.35346657037734985,0.28413068206934317,"Luke Keaschall",33321,807712
"Tyler Soderstrom","ATH",38,164,5,22,20,1,0.109756097,0.219512195,0.2,0.238095238,0.206896551,0.292682926,0.406896551,0.30829645556174906,0.31972555148820936,90.4708351007375,1.0150360683910549,-0.8155298997396203,-2.2582927942276,0.27564207484490266,"Tyler Soderstrom",27467,691016
"Jordan Lawlar","ARI",6,20,1,3,2,1,0.05,0.3,0.222222222,0.454545454,0.333333333,0.4,0.555555555,0.42094112038612364,0.3608057498931885,170.07410360557677,0.16160564753226936,1.7894106693835887,0.2371196150779724,0.2732281421157502,"Jordan Lawlar",29976,691783
"Blake Dunn","CIN",5,9,1,2,1,1,0.222222222,0.222222222,0.571428572,0.5,0.428571428,0.555555555,1,0.6314457721180387,0.3531668716006809,309.29487387639057,0.32902171509340405,2.5168636302410157,-0.16745471209287643,0.2707334713052691,"Blake Dunn",29487,694362
"Colt Keith","DET",36,119,0,17,6,1,0.050420168,0.201680672,0.0625,0.386363636,0.303571428,0.344537815,0.366071428,0.3216266411693156,0.32729126235186046,102.01094856202415,0.7033084286376834,0.9836158634942984,-2.5333536863327026,0.2699844081249205,"Colt Keith",27899,690993
"MJ Melendez","NYM",20,55,2,4,6,0,0.09090909,0.345454545,0.229166667,0.407407407,0.270833333,0.351851851,0.5,0.374429021720533,0.2901133078115958,142.7625393934379,-0.37874718056991696,2.353003211840194,-1.47194242477417,0.2690214043222243,"MJ Melendez",22197,669004
"Jakob Marsee","MIA",40,177,2,22,13,12,0.129943502,0.259887005,0.094594595,0.247524752,0.182432432,0.306818181,0.277027027,0.27751693535934796,0.28190987723214284,72.18449535464404,1.283860963769257,-4.434545836791034,1.4567727148532867,0.2681283395696214,"Jakob Marsee",31370,805300
"Nolan Gorman","STL",39,150,5,14,22,0,0.093333333,0.3,0.142857143,0.279069767,0.218045112,0.286666666,0.360902255,0.2870473369655993,0.2983977298608562,82.18029161216603,-0.7058917307294905,-3.810499136581529,1.6835268139839172,0.26799665306331305,"Nolan Gorman",22263,669357
"Connor Wong","BOS",16,54,0,3,7,1,0.074074074,0.166666666,0.106382979,0.315789473,0.255319148,0.339622641,0.361702127,0.3209420836196755,0.26888174380896224,97.63002502671712,0.21521954191848636,0.06531174782394061,0.6380737125873566,0.2671239458066078,"Connor Wong",19896,657136
"Justin Crawford","PHI",36,128,1,10,10,3,0.078125,0.1953125,0.120689656,0.344444444,0.275862068,0.34375,0.396551724,0.3332832120358944,0.2822127938270569,109.83475221333148,-0.6068181293085217,0.8553194164310112,-2.3013503551483154,0.2666244555176745,"Justin Crawford",31791,702222
"Gabriel Moreno","ARI",21,73,1,8,8,0,0.06849315,0.232876712,0.136363636,0.265306122,0.212121212,0.273972602,0.348484848,0.278761965771244,0.3231249247511772,73.39058411490241,-0.24094268726184964,-2.4971190178625906,2.662154197692871,0.2538090602269025,"Gabriel Moreno",22664,672515
"Parker Meadows","DET",12,39,0,3,2,3,0.051282051,0.256410256,0.083333333,0.346153846,0.25,0.307692307,0.333333333,0.2913091121575771,0.2504709194868039,81.56823850090433,0.8943786537274718,0.05236692121245479,1.0144801288843155,0.2503757088632549,"Parker Meadows",23800,678009
"Miguel Rojas","LAD",26,66,1,5,5,0,0.06060606,0.121212121,0.1,0.269230769,0.25,0.292307692,0.35,0.2872243835375859,0.3150462223933293,80.64964831616346,-1.3406334719620645,-2.8239971324570945,3.158198297023773,0.24848944871437365,"Miguel Rojas",7802,500743
"Spencer Torkelson","DET",40,157,6,14,15,0,0.146496815,0.318471337,0.195488722,0.285714285,0.210526315,0.331210191,0.406015037,0.33353456721943653,0.3523374215150491,110.04030608577305,-0.6450725914910436,1.201359326865653,-4.364257335662842,0.241231229835279,"Spencer Torkelson",27465,679529
"Dominic Canzone","SEA",35,92,3,11,13,1,0.086956521,0.239130434,0.195121952,0.310344827,0.25609756,0.326086956,0.451219512,0.34273981141007465,0.3602921029795771,122.98484195740255,-0.1238968838006258,2.353046289725396,-3.2532913833856583,0.23935047242198743,"Dominic Canzone",26438,686527
"Ryan Kreidler","MIN",5,18,2,2,4,0,0.222222222,0.166666666,0.5,0.111111111,0.214285714,0.388888888,0.714285714,0.46011308166715836,0.4800557560390896,194.8866936982863,0.1586769726127386,2.159296543365917,-0.5095515996217728,0.23454114512590807,"Ryan Kreidler",25867,668952
"Amed Rosario","NYY",24,76,4,9,14,0,0.078947368,0.197368421,0.235294118,0.274509803,0.264705882,0.315789473,0.5,0.35121184509051473,0.35761672973632813,123.32977981354452,-0.06751359114423394,2.0093641221846363,-2.4024594202637672,0.23376664690256024,"Amed Rosario",15518,642708
"Joey Bart","PIT",21,62,2,9,6,0,0.032258064,0.338709677,0.120689655,0.361111111,0.258620689,0.29032258,0.379310344,0.2971803132564791,0.2564736489326723,85.0092955609174,-0.1938128969632089,-1.2733276164603147,1.5854000598192215,0.23323681256055967,"Joey Bart",21524,663698
"Curtis Mead","WSN",31,99,4,15,15,3,0.131313131,0.151515151,0.223529412,0.227272727,0.223529411,0.333333333,0.447058823,0.34791651277831104,0.37610229338058315,121.42830116238679,0.9339750343933702,3.397958410750732,-4.256677150726318,0.23291568295144877,"Curtis Mead",23986,678554
"Carson Benge","NYM",37,127,3,15,11,6,0.086614173,0.228346456,0.120689655,0.25,0.206896551,0.275590551,0.327586206,0.2744502932067931,0.3187540309635673,74.77581255507624,1.2560852286405861,-2.464709775539581,0.7076919078826904,0.23140866529223209,"Carson Benge",35177,701807
"Jose Fernandez","ARI",33,108,3,19,12,2,0.046296296,0.25,0.117647059,0.361111111,0.284313725,0.324074074,0.401960784,0.32507784885388835,0.2981121981585467,104.88593655864243,-0.05344775365665555,0.5594477234144128,-1.7618265226483345,0.22678506150384864,"Jose Fernandez",28020,699912
"Luis Torrens","NYM",18,49,0,4,7,0,0.020408163,0.204081632,0.086956522,0.25,0.195652173,0.229166666,0.282608695,0.23070268208781877,0.25991906722386676,45.02691565279334,0.350723295006901,-2.7779558103765907,3.4149006009101868,0.2244582741885172,"Luis Torrens",15905,620443
"Jeremiah Jackson","BAL",39,131,6,10,24,1,0.022900763,0.221374045,0.166666666,0.27173913,0.246031746,0.267175572,0.412698412,0.29822235708018296,0.27928936298076923,87.91373158667312,-0.6965900519862771,-2.5511899190757252,0.09857848286628723,0.22045489794089723,"Jeremiah Jackson",22239,669236
"Joey Loperfido","HOU",20,66,0,7,7,1,0.09090909,0.287878787,0.086206897,0.4,0.275862068,0.348484848,0.362068965,0.32256002859635785,0.2792025768395626,103.46098045710283,0.20126334112137556,0.46882863270799435,-0.6466333270072937,0.21982362884419568,"Joey Loperfido",29630,694388
"Marcelo Mayer","BOS",35,117,1,9,8,2,0.076923076,0.188034188,0.086538462,0.280487804,0.23076923,0.301724137,0.317307692,0.28380031524033383,0.2781390148660411,72.58582034096686,0.1129803005605936,-3.644076925572617,1.6749500334262848,0.21965338254139893,"Marcelo Mayer",29668,691785
"Jake Fraley","TBR",26,82,2,6,5,2,0.085365853,0.268292682,0.173333333,0.333333333,0.253333333,0.31707317,0.426666666,0.330470910159553,0.29420687828534914,107.34721972208644,0.1037243059836328,0.809429922677857,-1.5986469984054565,0.21468861779433293,"Jake Fraley",19260,641584
"Jared Young","NYM",11,23,0,2,2,0,0.086956521,0.130434782,0.1,0.388888888,0.35,0.391304347,0.45,0.3686801376550094,0.3641087905220363,138.85322971928608,-0.04515763046219945,0.992776514645267,0.3684867024421692,0.21456783683733302,"Jared Young",20404,676724
"Ernie Clement","TOR",40,168,2,14,12,1,0.029761904,0.071428571,0.117283951,0.302013422,0.290123456,0.309523809,0.407407407,0.31670312193177996,0.28630093328967066,99.53989788101592,-1.0995500055141747,-1.1900920316628285,-2.6408580541610718,0.2122351992520075,"Ernie Clement",20352,676391
"Michael Massey","KCR",28,79,3,10,12,1,0.037974683,0.227848101,0.216216216,0.254545454,0.229729729,0.253164556,0.445945945,0.2995446226264857,0.29519940629790103,84.37360433344344,0.6965664839372039,-0.7494478622364971,0.0009578019380569458,0.20805274025237697,"Michael Massey",27684,686681
"Kyle Stowers","MIA",19,79,1,10,3,0,0.101265822,0.240506329,0.101449276,0.306122448,0.231884057,0.329113924,0.333333333,0.30179240306218463,0.3239421110886794,88.69210268393121,0.0462785791605711,-0.9913066600037732,0.5139334797859192,0.20723202137601388,"Kyle Stowers",26151,669065
"Keibert Ruiz","WSN",25,76,2,7,13,0,0.013157894,0.157894736,0.178082191,0.216666666,0.205479452,0.22368421,0.383561643,0.2631450326819169,0.21940941559640983,63.78268447298155,-0.02726181037724018,-3.2242769019126785,2.8401149958372116,0.20708146457630652,"Keibert Ruiz",19610,660688
"Mookie Betts","LAD",9,37,2,7,7,0,0.081081081,0.135135135,0.212121212,0.153846153,0.181818181,0.27027027,0.393939393,0.2977796196937561,0.3336382943230706,87.82733468937354,0.051639503333717585,-0.47148160274484663,1.2738937437534332,0.20253633627626297,"Mookie Betts",13611,605141
"Adam Frazier","LAA",29,70,1,13,6,0,0.085714285,0.285714285,0.163934426,0.35,0.245901639,0.323529411,0.409836065,0.32791172318598805,0.24100544873405905,105.32762858691791,0.016504908446222544,0.4533411625841408,-0.96281348913908,0.200156639356348,"Adam Frazier",15223,624428
"Hunter Feduccia","TBR",21,50,0,6,4,0,0.12,0.3,0.024390244,0.423076923,0.268292682,0.375,0.292682926,0.3179731232424577,0.2902631962552984,98.9201267933417,-0.06413249159231782,-0.12737796735599646,0.31789878010749817,0.19996781065823566,"Hunter Feduccia",23372,676439
"Mickey Gasper","BOS",1,4,0,0,1,0,0,0,0.5,0.75,0.75,0.75,1.25,0.8659547418355942,0.42249998450279236,465.12487420239984,-0.0057676308788359165,1.7049885015781832,0.09926394745707512,0.19991876210650647,"Mickey Gasper",24759,681508
"Luis Robert Jr.","NYM",24,98,2,10,8,2,0.132653061,0.173469387,0.105882353,0.257575757,0.223529411,0.326530612,0.329411764,0.30418503588559676,0.32410471779959543,94.99579192633799,-0.9380334499292076,-1.5076417018574355,0.3555637947283685,0.1995121353069127,"Luis Robert Jr.",20043,673357
"Andrew Vaughn","MIL",6,22,1,4,4,0,0.136363636,0.136363636,0.235294118,0.23076923,0.235294117,0.409090909,0.470588235,0.3983237987214869,0.4061127575961026,156.44585427646692,-0.04579899460077286,1.3965473838589162,-0.17389769852161407,0.19707309446768956,"Andrew Vaughn",26197,683734
"Jorge Barrosa","ARI",31,88,1,10,7,0,0.079545454,0.295454545,0.179487179,0.274509803,0.192307692,0.26744186,0.371794871,0.2851448779882387,0.22932116929874863,77.73104048778396,0.20453894324600697,-2.071593007716517,1.196834236383438,0.19557808405347168,"Jorge Barrosa",23968,678489
"Nolan Schanuel","LAA",39,166,3,14,20,0,0.06626506,0.156626506,0.125,0.288,0.256578947,0.307228915,0.381578947,0.3073007356689637,0.3036182127803205,91.42991147017169,-0.3227663328871131,-1.9891695296438745,-1.9552209377288818,0.19335758484212828,"Nolan Schanuel",33189,694384
"Garrett Mitchell","MIL",35,129,1,16,22,5,0.162790697,0.364341085,0.104761905,0.362068965,0.209523809,0.34375,0.314285714,0.3059802510606961,0.32712506872462477,93.65114140675261,0.3887896020896733,-0.5624725151879493,-1.6348490118980408,0.19263156837587,"Garrett Mitchell",27555,669003
"Jacob Young","WSN",39,144,3,16,17,1,0.041666666,0.1875,0.103703703,0.257142857,0.222222222,0.265734265,0.325925925,0.2672125009390024,0.2929876367528955,66.54861135992105,0.6315271304920316,-4.963361942988572,2.2691723704338074,0.1902167222656661,"Jacob Young",29931,696285
"Gabriel Arias","CLE",10,32,2,2,4,0,0.0625,0.375,0.233333333,0.25,0.2,0.25,0.433333333,0.2992472816258669,0.2928226532474641,88.34670837291966,-0.9608532753773034,-1.3976559480604385,2.101180821657181,0.18777059583316447,"Gabriel Arias",22563,672356
"Max Muncy","ATH",26,104,2,15,7,2,0.057692307,0.35576923,0.163043479,0.363636363,0.239130434,0.307692307,0.402173913,0.3146970999928621,0.3031919369330773,94.7867052449997,-0.2445173873566091,-0.8796030571279072,-0.9624977856874466,0.18581335836744736,"Max Muncy",29779,691777
"Jorbit Vivas","WSN",31,90,0,13,3,0,0.066666666,0.133333333,0.038961039,0.287878787,0.246753246,0.329545454,0.285714285,0.2891345105387948,0.27964728528803046,81.45583913291881,-0.06360685918480158,-2.0021011794136814,0.9508290439844131,0.1839202556768602,"Jorbit Vivas",23917,678391
"Ben Williamson","TBR",36,120,0,17,13,3,0.108333333,0.183333333,0.066037736,0.333333333,0.264150943,0.344537815,0.330188679,0.3111467226212766,0.30100221393489035,94.31717486392085,0.39809197979047894,-0.40069730887127863,-2.026422679424286,0.18339173467857875,"Ben Williamson",33197,810938
"Bryce Teodosio","LAA",32,46,0,5,2,4,0.065217391,0.347826086,0.047619047,0.384615384,0.238095238,0.288888888,0.285714285,0.26419869396421647,0.21681673261854384,62.36677307022869,0.23051044018939137,-1.7972469121171262,1.9365171194076538,0.18026844474510306,"Bryce Teodosio",29524,669326
"Darell Hernaiz","ATH",25,62,1,5,5,2,0.129032258,0.177419354,0.056603774,0.243902439,0.207547169,0.311475409,0.264150943,0.2745100025270806,0.2444919367305568,67.68907531042126,0.4011224387213588,-1.9454165269446548,1.521533489227295,0.18009477042080088,"Darell Hernaiz",26224,687231
"Josh Naylor","SEA",39,168,5,12,20,7,0.077380952,0.160714285,0.124183006,0.270491803,0.248366013,0.309523809,0.372549019,0.3048753260138506,0.3292507468583341,97.45331871654697,-0.7763706082478166,-1.2775238823683805,-2.907301649451256,0.17585462187909506,"Josh Naylor",18839,647304
"Taylor Walls","TBR",29,102,0,12,7,5,0.107843137,0.245098039,0.058823529,0.283333333,0.2,0.298969072,0.258823529,0.26472232698165266,0.23425650596618652,63.01381701255727,0.4831995344720781,-3.935824661713445,2.0595531463623047,0.17508515871553065,"Taylor Walls",22458,670764
"Edmundo Sosa","PHI",22,64,1,6,11,2,0.03125,0.171875,0.096774193,0.3,0.258064516,0.28125,0.354838709,0.28376078978180885,0.3446328341960907,76.1589149206036,0.4311629431322217,-1.341070096888,1.02162703871727,0.17480195951878522,"Edmundo Sosa",17022,624641
"Dustin Harris","- - -",17,52,0,6,5,4,0.115384615,0.134615384,0.069767442,0.27027027,0.232558139,0.333333333,0.302325581,0.2957451378597933,0.33496803395888386,84.69113381121565,0.617502789478749,-0.31496333739985083,0.1589379906654358,0.17155597298554365,"Dustin Harris",25705,687957
"Jake Bauers","MIL",34,134,6,23,21,3,0.104477611,0.21641791,0.2,0.294117647,0.258333333,0.335820895,0.458333333,0.3443583896141926,0.3362271840335759,119.74873297637116,0.36022931803017855,3.4339108908556324,-6.004868507385254,0.17044155903551375,"Jake Bauers",15194,641343
"Trent Grisham","NYY",41,159,5,24,23,2,0.157232704,0.176100628,0.174242424,0.178217821,0.174242424,0.301886792,0.348484848,0.297514205458779,0.34574386308778005,87.1221694395906,-0.46396210230886936,-2.862389213500639,-1.0701759457588196,0.1693199458898889,"Trent Grisham",18564,663757
"Ryan Vilade","TBR",24,58,1,5,9,1,0.068965517,0.189655172,0.094339623,0.31707317,0.264150943,0.315789473,0.358490566,0.3050590952237447,0.28333339356539544,90.21236797811926,0.4606151529587805,-0.2043399458509435,-0.20697379112243652,0.1669564842940553,"Ryan Vilade",22165,668723
"Ryan McMahon","NYY",40,117,3,11,13,1,0.102564102,0.299145299,0.114285714,0.283582089,0.209523809,0.29059829,0.323809523,0.2820332855240911,0.29158985105335206,76.68358925115571,0.08562632463872433,-3.109840057393628,0.6120059862732887,0.1652990252387736,"Ryan McMahon",15112,641857
"Dane Myers","CIN",33,62,1,12,4,2,0.161290322,0.241935483,0.05882353,0.314285714,0.235294117,0.370967741,0.294117647,0.31925111624502367,0.4058895746866862,96.99878745118598,0.48593510035425425,0.2698109591606311,-0.686260849237442,0.15834022558523103,"Dane Myers",22054,667472
"Joe Mack","MIA",7,21,0,2,1,0,0.047619047,0.238095238,0.15,0.333333333,0.25,0.285714285,0.4,0.30245531456811087,0.20386909303211032,89.14289040789413,-0.0168934318353422,-0.28171195162849777,1.1403526943176985,0.15640631436991365,"Joe Mack",29780,691788
"Henry Davis","PIT",30,93,2,10,7,1,0.107526881,0.182795698,0.1125,0.180327868,0.1625,0.27173913,0.275,0.25826068157735077,0.27690474883369776,58.543482212882026,0.28344140760600567,-4.194625785848672,2.7556386590003967,0.1537940148229618,"Henry Davis",29617,680779
"Jorge Soler","LAA",38,162,8,20,28,0,0.111111111,0.308641975,0.218978102,0.280487804,0.226277372,0.327160493,0.445255474,0.3417999232992714,0.3239627885229794,114.69225880057208,-1.8849091990850866,0.9030748073566279,-5.115126729011536,0.15140984956919712,"Jorge Soler",14221,624585
"Austin Riley","ATL",41,172,5,21,24,3,0.081395348,0.26744186,0.141935484,0.266666666,0.212903225,0.28488372,0.354838709,0.28891752521659053,0.2933618634246116,80.81361815690937,0.8865516814403236,-2.9464266819182576,-1.027438461780548,0.14950185515941697,"Austin Riley",18360,663586
"J.C. Escarra","NYY",14,44,0,4,6,0,0.068181818,0.25,0.121951219,0.266666666,0.195121951,0.25,0.31707317,0.25426540726965124,0.3057671243494207,57.9600750772861,0.3123586163856089,-1.8543539495369146,1.7614092789590359,0.1491800799082665,"J.C. Escarra",20084,641555
"Miguel Andujar","SDP",29,106,2,9,10,1,0.028301886,0.179245283,0.166666667,0.333333333,0.284313725,0.311320754,0.450980392,0.3346420987597052,0.28999638107587705,116.14781322376,-0.8905175095424056,1.0975650709952005,-3.0055372416973114,0.1477568795694939,"Miguel Andujar",15878,609280
"Tyler Black","MIL",9,28,0,2,7,0,0.035714285,0.25,0.148148148,0.45,0.333333333,0.357142857,0.481481481,0.3691762856074742,0.19158039774213517,136.62519800729248,0.1618351498618722,1.3529478355039184,-0.8115422800183296,0.14650349907137522,"Tyler Black",29949,672012
"Ketel Marte","ARI",38,161,5,19,15,0,0.068322981,0.186335403,0.16,0.234782608,0.213333333,0.267080745,0.373333333,0.2850131518352106,0.34978733892026154,77.641465133941,0.1224986338056624,-4.058538787744219,0.39290645718574524,0.14550150371016413,"Ketel Marte",13613,606466
"Starling Marte","KCR",15,39,0,2,2,0,0.025641025,0.282051282,0.083333333,0.423076923,0.305555555,0.333333333,0.388888888,0.3204274391516661,0.27758196780556127,98.45461216619047,-0.5428631389513612,-0.6134605524116766,0.6593500971794128,0.14541498345161913,"Starling Marte",9241,516782
"Travis d'Arnaud","LAA",14,40,1,5,3,0,0.075,0.175,0.114285714,0.222222222,0.2,0.3,0.314285714,0.2866820365190506,0.3375870227813721,77.52699450105021,-0.28563248459249735,-1.338582713087666,1.2631133049726486,0.13654615688984603,"Travis d'Arnaud",7739,518595
"Zach Cole","HOU",7,19,2,2,5,0,0,0.47368421,0.368421053,0.25,0.210526315,0.210526315,0.578947368,0.33488740732795313,0.2954736759788112,111.77316939328047,0.09919528430327773,0.3612148288893149,0.24767205119132996,0.1311421415693564,"Zach Cole",31583,805904
"Connor Joe","SEA",12,28,1,2,3,1,0.107142857,0.25,0.2,0.294117647,0.24,0.321428571,0.44,0.3382907339504787,0.3794911929539272,119.98488768966627,0.44850865099579096,1.1039690184213873,-0.8536836206912994,0.1267442959145011,"Connor Joe",16572,656582
"Gage Workman","DET",1,2,1,1,2,0,0,0,1.5,0,0.5,0.5,2,1.0450645685195923,1.2170000076293945,589.8156040902858,0,1.1474910471397957,0.006858707871288061,0.12588951486224553,"Gage Workman",27573,669398
"Eric Haase","SFG",5,14,0,2,2,0,0,0.214285714,0.142857143,0.363636363,0.285714285,0.285714285,0.428571428,0.3118003521646772,0.2802142756325858,99.25983961436245,0.002856356091797352,-0.009179270644842433,0.7770360521972179,0.1243622459165685,"Eric Haase",14111,606992
"Lane Thomas","KCR",33,90,1,7,7,3,0.177777777,0.188888888,0.055555555,0.254545454,0.208333333,0.355555555,0.263888888,0.30120442973242867,0.3122097651163737,85.49279037960973,0.10287118423730135,-1.4265006566584342,-0.6064066663384438,0.11569056889546733,"Lane Thomas",16939,657041
"Davis Schneider","TOR",30,71,1,13,8,1,0.211267605,0.323943661,0.107142858,0.21875,0.142857142,0.323943661,0.25,0.2833299309435025,0.30074315675547425,77.03679523951828,0.39164309250190854,-1.5181114024485958,0.14564454555511475,0.11504310349519041,"Davis Schneider",23565,676914
"Jesus Rodriguez","SFG",6,23,1,1,4,1,0.04347826,0.130434782,0.142857143,0.294117647,0.285714285,0.347826086,0.428571428,0.34952138558678003,0.3444397760474164,124.91059186389496,0.14684669533744454,0.8123139951521259,-0.4351789578795433,0.1133933931291104,"Jesus Rodriguez",26991,683679
"Freddy Fermin","SDP",30,78,0,11,3,0,0.102564102,0.205128205,0.060606061,0.211538461,0.166666666,0.269230769,0.227272727,0.23781121312043604,0.2725222416413136,50.30165705296107,-0.027994091156870127,-4.530469491494625,3.163458466529846,0.11252734981493578,"Freddy Fermin",21840,666023
"Alejandro Kirk","TOR",5,22,1,2,2,0,0.09090909,0.09090909,0.2,0.117647058,0.15,0.227272727,0.35,0.25831872495737945,0.27905956904093426,60.17206882809828,0.0015777968801558018,-1.0247760691591221,1.340419054031372,0.11181772718734087,"Alejandro Kirk",22581,672386
"Masataka Yoshida","BOS",25,80,0,8,5,1,0.1375,0.1,0.05882353,0.316666666,0.279411764,0.3875,0.338235294,0.3392373763024807,0.2866328001022339,109.96629965032196,-0.11038093594834208,0.8235410972704218,-2.5561113953590393,0.11049084721203514,"Masataka Yoshida",31837,807799
"Danny Jansen","TEX",27,95,2,6,8,0,0.084210526,0.284210526,0.144578313,0.259259259,0.192771084,0.287234042,0.337349397,0.2860868256142799,0.24855956625431141,79.69219164471332,-0.6067874673753977,-2.8666049043986472,0.5796229243278503,0.10760823752341002,"Danny Jansen",16535,643376
"Will Wilson","SEA",2,6,1,1,2,0,0.166666666,0.166666666,0.6,0,0.2,0.333333333,0.8,0.4658782184123993,0.4525418281555176,206.01544615875537,-0.0057676308788359165,0.7393195466824524,0.08081948943436146,0.10596108039066247,"Will Wilson",25434,669717
"Elias Díaz","KCR",7,18,1,2,3,0,0.055555555,0.166666666,0.294117647,0.23076923,0.235294117,0.277777777,0.529411764,0.34772712654537624,0.2736806074778239,116.86243141599624,-0.9962461339309812,-0.6407135614862678,1.0356467962265015,0.10553876594302651,"Elias Diaz",11680,553869
"Jung Hoo Lee","SFG",41,166,2,17,12,0,0.060240963,0.126506024,0.111111111,0.295454545,0.267973856,0.313253012,0.379084967,0.30881119420729486,0.32158056511936417,97.22717658147201,-0.8957595564424992,-1.4303794790829247,-2.828834891319275,0.10069969477497012,"Jung Hoo Lee",33824,808982
"Braxton Fulford","COL",3,5,1,2,2,0,0,0.4,0.6,0.5,0.4,0.4,1,0.5983030200004578,0.11499999761581421,277.9192235269688,-0.03289142856374383,1.0003640489920136,-0.17943623755127192,0.10061852376011687,"Braxton Fulford",29704,690924
"Jesús Sánchez","TOR",40,135,5,15,17,1,0.044444444,0.2,0.154471544,0.265957446,0.243902439,0.288888888,0.398373983,0.3003037015893566,0.3206854293595499,88.48198497852349,0.23325791163370013,-1.5881117691457223,-2.1752746403217316,0.10012963792655272,"Jesus Sanchez",19913,660821
"Javier Sanoja","MIA",32,92,0,3,10,2,0.086956521,0.119565217,0.047619048,0.301369863,0.261904761,0.326086956,0.309523809,0.2933797253214795,0.2621087820633598,82.97138156615983,-0.24593371246010065,-2.0655594830009507,0.11148859187960625,0.09759581173605794,"Javier Sanoja",28253,691594
"Mitch Garver","SEA",19,60,0,7,1,0,0.2,0.3,0.020833334,0.266666666,0.166666666,0.333333333,0.1875,0.26754333873589836,0.29701687494913737,72.28085193559316,-0.15216299472376704,-2.1002924932106897,0.921183854341507,0.0952376790430884,"Mitch Garver",15161,641598
"Willi Castro","COL",32,119,2,17,13,3,0.075630252,0.327731092,0.100917431,0.367647058,0.247706422,0.310924369,0.348623853,0.2999757508269879,0.2742279116846934,75.0531253154505,0.038622830994427204,-3.409462018031769,0.5281774699687958,0.08987178542105342,"Willi Castro",17338,650489
"Max Schuemann","NYY",6,9,0,1,1,0,0.111111111,0.222222222,0.25,0.333333333,0.25,0.333333333,0.5,0.3630636864238315,0.17769455909729004,131.32132015225687,0.19329620664939284,0.5234902709387399,-0.05369883030653,0.08076605359491293,"Max Schuemann",24488,680474
"Giancarlo Stanton","NYY",24,96,3,8,14,1,0.0625,0.302083333,0.166666667,0.344827586,0.255555555,0.302083333,0.422222222,0.32091594735781354,0.3259844382603963,102.9016554386605,-0.4263288099318743,-0.10003880757740213,-2.484567880630493,0.0806182047016728,"Giancarlo Stanton",4949,519317
"Matt McLain","CIN",41,166,3,15,13,5,0.126506024,0.234939759,0.105633802,0.26,0.204225352,0.315151515,0.309859154,0.2925268776489027,0.31563414596929784,78.8259867324012,-1.1131835388951004,-5.195682719863665,0.6237008129246533,0.06854526391103899,"Matt McLain",29695,680574
"Agustín Ramírez","MIA",31,129,2,14,14,3,0.100775193,0.217054263,0.115044248,0.285714285,0.230088495,0.317829457,0.345132743,0.2997626541182399,0.2826385796070099,87.31184921347966,0.32568359375,-1.5754072880599048,-1.8342676274478436,0.06799416629027347,"Agustin Ramirez",26546,682663
"Dylan Beavers","BAL",33,119,2,16,12,3,0.117647058,0.235294117,0.126213592,0.31081081,0.242718446,0.330508474,0.368932038,0.31731281038058007,0.3085552150920286,100.7861725301373,0.7335479604080319,0.8431330633982882,-4.365849256515503,0.06715006890412067,"Dylan Beavers",31695,687637
"Jake Meyers","HOU",12,43,1,5,4,1,0.093023255,0.186046511,0.135135135,0.275862068,0.243243243,0.325581395,0.378378378,0.31670305479404537,0.33962484847667607,99.51170024927687,-0.4737643110565841,-0.49835901798980864,-0.3643485903739929,0.06643608263891564,"Jake Meyers",20308,676694
"Jhonny Pereda","SEA",2,5,0,1,0,0,0,0.2,0,0.5,0.4,0.4,0.4,0.3605543851852417,0.3429999828338623,134.99697416010167,-0.026586007326841354,0.17838252670079824,0.16301766969263554,0.05313615446901389,"Jhonny Pereda",19802,640902
"Colby Thomas","ATH",9,25,1,2,3,0,0.08,0.2,0.136363636,0.375,0.318181818,0.375,0.454545454,0.37119688590367633,0.3180209199587504,132.88376590726264,0.09226785227656364,1.0552278585453052,-1.4907440543174744,0.04541679856690794,"Colby Thomas",31855,687515
"Colton Cowser","BAL",34,84,0,8,7,0,0.119047619,0.321428571,0.027777778,0.282608695,0.180555555,0.277108433,0.208333333,0.23529012447380157,0.2680302355662886,45.47935693255502,-0.16066012205556035,-5.52513171061679,2.951130211353302,0.03841702031625522,"Colton Cowser",29591,681297
"Edouard Julien","COL",35,117,2,15,12,3,0.128205128,0.273504273,0.108910891,0.373134328,0.267326732,0.367521367,0.376237623,0.34093993494653296,0.348013918623965,102.90925868795206,-0.24592522950842977,0.1494259501983608,-3.469583660364151,0.03826408525093298,"Edouard Julien",27534,666397
"Javier Báez","DET",24,82,2,10,6,1,0.024390243,0.195121951,0.141025641,0.295081967,0.256410256,0.280487804,0.397435897,0.29818818772711403,0.2940538900869864,86.20670845345643,-0.43758516758680344,-1.7624405122330766,-0.757923424243927,0.03671604856406467,"Javier Baez",12979,595879
"Bryce Johnson","SDP",19,27,0,4,2,4,0.074074074,0.37037037,0.083333333,0.357142857,0.208333333,0.269230769,0.291666666,0.2568027400053464,0.15513469622685358,63.21612165720295,0.44099945155903697,-0.7125497398214227,0.21219050884246826,0.03615924008967378,"Bryce Johnson",20002,669369
"Jarren Duran","BOS",35,150,4,19,18,8,0.066666666,0.253333333,0.129496403,0.237113402,0.194244604,0.253333333,0.323741007,0.2610638093948364,0.29323900068128433,57.254894241333275,2.4184797946363688,-5.091942355686651,0.16270339488983154,0.034387137539226176,"Jarren Duran",24617,680776
"Luke Williams","ATL",2,1,0,0,0,0,1,0,0,0,0,1,0,0.7051401734352112,0.7052509784698486,363.84997908132306,-0.0057676308788359165,0.3006910313549558,0.0006773807108402252,0.03422694739585595,"Luke Williams",19931,663897
"Trea Turner","PHI",40,180,4,24,13,4,0.066666666,0.205555555,0.113772455,0.283464566,0.239520958,0.288888888,0.353293413,0.28850503928131527,0.28214450412326386,79.38506111760842,0.4340696125291288,-3.8758522245188223,-1.4851433038711548,0.032851634810093816,"Trea Turner",16252,607208
"Vinnie Pasquantino","KCR",39,167,5,16,19,1,0.101796407,0.19760479,0.158620689,0.216216216,0.2,0.281437125,0.358620689,0.2860524718632955,0.314839094698786,75.27602497445211,-0.0630612950772047,-4.89945292798975,-0.663811445236206,0.030534989432851878,"Vinnie Pasquantino",27676,686469
"Sam Huff","BAL",3,9,0,1,1,0,0,0.555555555,0.111111111,0.5,0.222222222,0.222222222,0.333333333,0.24251138501697117,0.1319999959733751,50.34855770095087,-0.005314178328262642,-0.5287471451015262,0.4932361990213394,0.028817853219549282,"Sam Huff",22209,669087
"Aramis Garcia","ARI",3,3,0,0,0,0,0,0.333333333,0,0.5,0.333333333,0.333333333,0.333333333,0.3004619876543681,0.3080000082651774,88.14685759513254,-0.04571146750822663,-0.0870133259807192,0.268621688708663,0.028403709641730904,"Aramis Garcia",16925,605244
"Richie Palacios","TBR",26,70,1,9,8,4,0.142857142,0.2,0.071428571,0.285714285,0.232142857,0.371428571,0.303571428,0.32211958851133077,0.35122209436753216,101.71603365096375,-0.7394728474318981,-0.5987675223830868,-1.5823635160923004,0.02829981855036924,"Richie Palacios",24589,680700
"Ryan Mountcastle","BAL",8,15,0,0,1,0,0.066666666,0.133333333,0.071428572,0.333333333,0.285714285,0.333333333,0.357142857,0.3127009709676107,0.30108340581258136,97.67647002333753,-0.024096908629871905,-0.06492191232079653,-0.18898744881153107,0.028010881391706925,"Ryan Mountcastle",18373,663624
"Garrett Stubbs","PHI",7,18,0,2,1,0,0.055555555,0.166666666,0,0.285714285,0.25,0.277777777,0.25,0.23948244584931266,0.2529028256734212,46.04911338036956,-0.03169413818977773,-1.1596339574470418,0.861954540014267,0.027796223181689676,"Garrett Stubbs",18067,596117
"Ryan Waldschmidt","ARI",4,11,0,1,3,0,0,0.363636363,0.090909091,0.428571428,0.272727272,0.272727272,0.363636363,0.2803625843741677,0.34227273680947046,74.47902383950262,-0.012988320318982005,-0.3390537861684033,0.2549089044332504,0.027037972225349982,"Ryan Waldschmidt",35061,814439
"Weston Wilson","BAL",14,30,0,5,2,2,0.2,0.3,0.043478261,0.428571428,0.260869565,0.433333333,0.304347826,0.3585260033607483,0.36252998483592064,128.57568514049385,-0.04362812824547291,0.9605357629448426,-1.772799789905548,0.024722908656507205,"Weston Wilson",19358,642215
"Jeferson Quero","MIL",1,2,0,0,0,0,0.5,0,0,0,0,0.5,0,0.3525700867176056,0.49812549352645874,125.33278486569262,-0.0057676308788359165,0.053079835303481114,0.11455129832029343,0.023722347525488505,"Jeferson Quero",28272,691620
"Nathan Lukes","TOR",20,56,0,5,8,0,0.017857142,0.125,0.076923076,0.282608695,0.25,0.285714285,0.326923076,0.27528688098703114,0.2813924891608102,71.61347270542969,-0.5106887128204107,-2.3727200536376665,0.6326698064804077,0.023138935963640167,"Nathan Lukes",18123,664770
"Deyvison De Los Santos","MIA",3,7,0,0,0,0,0,0.428571428,0.142857143,0.5,0.285714285,0.285714285,0.428571428,0.3118003521646772,0.2208571434020996,95.49762733860697,0.19068169360980392,0.15407552160081325,-0.1517927050590515,0.0229456052088204,"Deyvison De Los Santos",27969,691277
"Justin Foscue","TEX",6,11,1,1,2,0,0,0.272727272,0.272727273,0.142857142,0.181818181,0.181818181,0.454545454,0.27195591818202625,0.32109091498635034,70.16390708609256,-0.0057676308788359165,-0.39020122319281286,0.22024717926979065,0.022211517828670625,"Justin Foscue",27501,679822
"Matt Vierling","DET",33,103,2,9,17,1,0.08737864,0.155339805,0.163043478,0.236842105,0.217391304,0.281553398,0.380434782,0.29291205845990226,0.3276201883951823,82.64908405692869,-0.15330640692263842,-2.2466779894355473,-1.1534559652209282,0.02203032778149874,"Matt Vierling",21558,663837
"Will Benson","CIN",32,76,2,9,4,1,0.171052631,0.302631578,0.161290322,0.27027027,0.193548387,0.342105263,0.354838709,0.318319091796875,0.32358161608378094,96.36499971948614,0.2892460208386183,-0.031626760189807035,-2.1602991819381714,0.021232177405448874,"Will Benson",21853,666181
"Omar Martinez","LAA",3,1,0,0,0,0,0,0,0,1,1,1,1,0.9013859629631042,0.28999999165534973,492.01374692939845,-0.3480653935112059,0.11111992153471328,0.017146775498986244,0.01679422910883281,"Omar Martinez",25369,683079
"P.J. Higgins","CIN",6,12,0,0,1,0,0.083333333,0.333333333,0,0.285714285,0.2,0.25,0.2,0.20899267494678497,0.30110424757003784,22.02173341576973,-0.02664258936420083,-1.1134927158149301,0.871790423989296,0.014084515978323404,"P.J. Higgins",18433,664731
"Brady House","WSN",37,149,5,17,19,1,0.073825503,0.288590604,0.152173914,0.3,0.231884057,0.288590604,0.384057971,0.30082947535802856,0.3170118139894217,89.40855457918724,-0.7483208775520325,-2.5812950195504563,-1.9952676892280579,0.012919243653692389,"Brady House",29993,691781
"Leo Jiménez","MIA",12,32,0,2,1,0,0.125,0.125,0,0.227272727,0.2,0.34375,0.2,0.27503362484276295,0.3639291226863861,70.49581460969243,0.12503138603642583,-0.9715691250865524,0.08469980955123901,0.01264570468782657,"Leo Jimenez",23782,677870
"David Hamilton","MIL",32,110,0,16,7,7,0.109090909,0.2,0.021739131,0.3,0.228260869,0.323809523,0.25,0.2751165821438744,0.2758449591123141,72.66347874019627,0.5215106010437012,-2.9711048393786967,-0.3920729160308838,0.01113044180006384,"David Hamilton",27531,666152
"Ryan Ward","LAD",2,6,0,0,1,0,0,0.166666666,0,0.4,0.333333333,0.333333333,0.333333333,0.3004619876543681,0.2990000049273173,89.65137686843606,-0.011535261757671833,-0.08365408955299114,-0.04371417872607708,0.006372257634016988,"Ryan Ward",27449,669899
"Steven Kwan","CLE",40,178,1,18,9,2,0.117977528,0.117977528,0.059210526,0.229007633,0.203947368,0.306818181,0.263157894,0.26849760123661587,0.2787889910571148,67.61260433607109,-0.03503842931240797,-6.787820326464312,0.592194139957428,0.005208137981264804,"Steven Kwan",24610,680757
"Alek Thomas","ARI",28,100,2,12,10,4,0.03,0.23,0.159574468,0.217391304,0.180851063,0.222222222,0.340425531,0.2495810967503172,0.2923554685926929,53.547245431523216,0.8336014267988503,-4.5618316415290865,1.4497274160385132,0.004498180467028927,"Alek Thomas",23792,677950
"Jonah Heim","- - -",14,50,1,4,8,0,0.1,0.12,0.159090909,0.210526315,0.204545454,0.28,0.363636363,0.28692479729652404,0.26092509865760805,81.0239136266531,-0.030006461311131716,-1.2438558141330576,-0.3154479879885912,0.0037308221842256295,"Jonah Heim",16930,641680
"Kenley Jansen","DET",12,0,0,0,0,0,0,0,0,0,0,0,0,0,,,0,0,0,0,"Kenley Jansen",3096,445276
"Max Scherzer","TOR",5,0,0,0,0,0,0,0,0,0,0,0,0,0,,,0,0,0,0,"Max Scherzer",3137,453286
"Huascar Brazobán","NYM",17,0,0,0,0,0,0,0,0,0,0,0,0,0,,,0,0,0,0,"Huascar Brazoban",6107,623211
"Albert Suárez","BAL",6,0,0,0,0,0,0,0,0,0,0,0,0,0,,,0,0,0,0,"Albert Suarez",6175,544150
"Carlos Carrasco","ATL",2,0,0,0,0,0,0,0,0,0,0,0,0,0,,,0,0,0,0,"Carlos Carrasco",6632,471911
"Craig Kimbrel","NYM",10,0,0,0,0,0,0,0,0,0,0,0,0,0,,,0,0,0,0,"Craig Kimbrel",6655,518886
"Martín Pérez","ATL",7,0,0,0,0,0,0,0,0,0,0,0,0,0,,,0,0,0,0,"Martin Perez",6902,527048
"Luis García","- - -",13,0,0,0,0,0,0,0,0,0,0,0,0,0,,,0,0,0,0,"Luis Garcia",6984,472610
"Fernando Cruz","NYY",19,0,0,0,0,0,0,0,0,0,0,0,0,0,,,0,0,0,0,"Fernando Cruz",7048,518585
"Justin Verlander","DET",1,0,0,0,0,0,0,0,0,0,0,0,0,0,,,0,0,0,0,"Justin Verlander",8700,434378
"Kirby Yates","LAA",2,0,0,0,0,0,0,0,0,0,0,0,0,0,,,0,0,0,0,"Kirby Yates",9073,489446
"Nathan Eovaldi","TEX",8,0,0,0,0,0,0,0,0,0,0,0,0,0,,,0,0,0,0,"Nathan Eovaldi",9132,543135
"Patrick Corbin","TOR",6,0,0,0,0,0,0,0,0,0,0,0,0,0,,,0,0,0,0,"Patrick Corbin",9323,571578
"Miles Mikolas","WSN",8,0,0,0,0,0,0,0,0,0,0,0,0,0,,,0,0,0,0,"Miles Mikolas",9803,571945
"Brooks Raley","NYM",16,0,0,0,0,0,0,0,0,0,0,0,0,0,,,0,0,0,0,"Brooks Raley",10061,548384
"Caleb Thielbar","CHC",11,0,0,0,0,0,0,0,0,0,0,0,0,0,,,0,0,0,0,"Caleb Thielbar",10078,573204
"Aroldis Chapman","BOS",13,0,0,0,0,0,0,0,0,0,0,0,0,0,,,0,0,0,0,"Aroldis Chapman",10233,547973
"Zack Wheeler","PHI",3,0,0,0,0,0,0,0,0,0,0,0,0,0,,,0,0,0,0,"Zack Wheeler",10310,554430
"Chris Sale","ATL",8,0,0,0,0,0,0,0,0,0,0,0,0,0,,,0,0,0,0,"Chris Sale",10603,519242
"Jacob deGrom","TEX",8,0,0,0,0,0,0,0,0,0,0,0,0,0,,,0,0,0,0,"Jacob deGrom",10954,594798
"Merrill Kelly","ARI",5,0,0,0,0,0,0,0,0,0,0,0,0,0,,,0,0,0,0,"Merrill Kelly",11156,518876
"Vince Velasquez","CHC",1,0,0,0,0,0,0,0,0,0,0,0,0,0,,,0,0,0,0,"Vince Velasquez",11189,592826
"Jose Quintana","COL",6,0,0,0,0,0,0,0,0,0,0,0,0,0,,,0,0,0,0,"Jose Quintana",11423,500779
"Drew Pomeranz","LAA",16,0,0,0,0,0,0,0,0,0,0,0,0,0,,,0,0,0,0,"Drew Pomeranz",11426,519141
"Robbie Ray","SFG",8,0,0,0,0,0,0,0,0,0,0,0,0,0,,,0,0,0,0,"Robbie Ray",11486,592662
"Jameson Taillon","CHC",8,0,0,0,0,0,0,0,0,0,0,0,0,0,,,0,0,0,0,"Jameson Taillon",11674,592791
"Taijuan Walker","PHI",5,0,0,0,0,0,0,0,0,0,0,0,0,0,,,0,0,0,0,"Taijuan Walker",11836,592836
"Chris Martin","TEX",8,0,0,0,0,0,0,0,0,0,0,0,0,0,,,0,0,0,0,"Chris Martin",11847,455119
"Jason Adam","SDP",13,0,0,0,0,0,0,0,0,0,0,0,0,0,,,0,0,0,0,"Jason Adam",11861,592094
"Chris Bassitt","BAL",8,0,0,0,0,0,0,0,0,0,0,0,0,0,,,0,0,0,0,"Chris Bassitt",12304,605135
"Colin Rea","CHC",8,0,0,0,0,0,0,0,0,0,0,0,0,0,,,0,0,0,0,"Colin Rea",12317,607067
"Seth Lugo","KCR",8,0,0,0,0,0,0,0,0,0,0,0,0,0,,,0,0,0,0,"Seth Lugo",12447,607625
"Blake Treinen","LAD",15,0,0,0,0,0,0,0,0,0,0,0,0,0,,,0,0,0,0,"Blake Treinen",12572,595014
"Adrian Houser","SFG",7,0,0,0,0,0,0,0,0,0,0,0,0,0,,,0,0,0,0,"Adrian Houser",12718,605288
"Nick Martinez","TBR",8,0,0,0,0,0,0,0,0,0,0,0,0,0,,,0,0,0,0,"Nick Martinez",12730,607259
"Chris Devenski","PIT",3,0,0,0,0,0,0,0,0,0,0,0,0,0,,,0,0,0,0,"Chris Devenski",12763,606965
"Sonny Gray","BOS",6,0,0,0,0,0,0,0,0,0,0,0,0,0,,,0,0,0,0,"Sonny Gray",12768,543243
"Burch Smith","DET",8,0,0,0,0,0,0,0,0,0,0,0,0,0,,,0,0,0,0,"Burch Smith",12784,572143
"Michael Kelly","ATH",4,0,0,0,0,0,0,0,0,0,0,0,0,0,,,0,0,0,0,"Michael Kelly",12791,547184
"Andrew Kittredge","BAL",7,0,0,0,0,0,0,0,0,0,0,0,0,0,,,0,0,0,0,"Andrew Kittredge",12828,552640
"Shawn Armstrong","CLE",12,0,0,0,0,0,0,0,0,0,0,0,0,0,,,0,0,0,0,"Shawn Armstrong",12857,542888
"Joe Ross","ARI",3,0,0,0,0,0,0,0,0,0,0,0,0,0,,,0,0,0,0,"Joe Ross",12972,605452
"Eduardo Rodriguez","ARI",8,0,0,0,0,0,0,0,0,0,0,0,0,0,,,0,0,0,0,"Eduardo Rodriguez",13164,593958
"Danny Coulombe","BOS",12,0,0,0,0,0,0,0,0,0,0,0,0,0,,,0,0,0,0,"Danny Coulombe",13293,543056
"Hoby Milner","CHC",19,0,0,0,0,0,0,0,0,0,0,0,0,0,,,0,0,0,0,"Hoby Milner",13346,571948
"Steven Matz","TBR",7,0,0,0,0,0,0,0,0,0,0,0,0,0,,,0,0,0,0,"Steven Matz",13361,571927
"Pierce Johnson","CIN",18,0,0,0,0,0,0,0,0,0,0,0,0,0,,,0,0,0,0,"Pierce Johnson",13435,572955
"Taylor Rogers","MIN",17,0,0,0,0,0,0,0,0,0,0,0,0,0,,,0,0,0,0,"Taylor Rogers",13449,573124
"Lucas Sims","CHW",9,0,0,0,0,0,0,0,0,0,0,0,0,0,,,0,0,0,0,"Lucas Sims",13470,608371
"Blake Snell","LAD",1,0,0,0,0,0,0,0,0,0,0,0,0,0,,,0,0,0,0,"Blake Snell",13543,605483
"Steven Okert","HOU",20,0,0,0,0,0,0,0,0,0,0,0,0,0,,,0,0,0,0,"Steven Okert",13580,595345
"Carl Edwards Jr.","NYM",2,0,0,0,0,0,0,0,0,0,0,0,0,0,,,0,0,0,0,"Carl Edwards Jr.",13607,605218
"Jakob Junis","TEX",16,0,0,0,0,0,0,0,0,0,0,0,0,0,,,0,0,0,0,"Jakob Junis",13619,596001
"Clay Holmes","NYM",8,0,0,0,0,0,0,0,0,0,0,0,0,0,,,0,0,0,0,"Clay Holmes",13649,605280
"Max Fried","NYY",9,0,0,0,0,0,0,0,0,0,0,0,0,0,,,0,0,0,0,"Max Fried",13743,608331
"Zach Eflin","BAL",1,0,0,0,0,0,0,0,0,0,0,0,0,0,,,0,0,0,0,"Zach Eflin",13774,621107
"Matt Strahm","KCR",15,0,0,0,0,0,0,0,0,0,0,0,0,0,,,0,0,0,0,"Matt Strahm",13799,621381
"Paul Sewald","ARI",17,0,0,0,0,0,0,0,0,0,0,0,0,0,,,0,0,0,0,"Paul Sewald",13892,623149
"Dietrich Enns","BAL",8,0,0,0,0,0,0,0,0,0,0,0,0,0,,,0,0,0,0,"Dietrich Enns",13932,608650
"Brent Suter","LAA",16,0,0,0,0,0,0,0,0,0,0,0,0,0,,,0,0,0,0,"Brent Suter",13942,608718
"Michael Wacha","KCR",8,0,0,0,0,0,0,0,0,0,0,0,0,0,,,0,0,0,0,"Michael Wacha",14078,608379
"Kevin Gausman","TOR",9,0,0,0,0,0,0,0,0,0,0,0,0,0,,,0,0,0,0,"Kevin Gausman",14107,592332
"Lance McCullers Jr.","HOU",7,0,0,0,0,0,0,0,0,0,0,0,0,0,,,0,0,0,0,"Lance McCullers Jr.",14120,621121
"Wandy Peralta","SDP",17,0,0,0,0,0,0,0,0,0,0,0,0,0,,,0,0,0,0,"Wandy Peralta",14295,593974
"Joel Payamps","ATL",12,0,0,0,0,0,0,0,0,0,0,0,0,0,,,0,0,0,0,"Joel Payamps",14332,606303
"Tyler Glasnow","LAD",7,0,0,0,0,0,0,0,0,0,0,0,0,0,,,0,0,0,0,"Tyler Glasnow",14374,607192
"Carlos Estévez","KCR",1,0,0,0,0,0,0,0,0,0,0,0,0,0,,,0,0,0,0,"Carlos Estevez",14542,608032
"Anthony Banda","MIN",20,0,0,0,0,0,0,0,0,0,0,0,0,0,,,0,0,0,0,"Anthony Banda",14706,607455
"Edwin Díaz","LAD",7,0,0,0,0,0,0,0,0,0,0,0,0,0,,,0,0,0,0,"Edwin Diaz",14710,621242
"Paul Blackburn","NYY",11,0,0,0,0,0,0,0,0,0,0,0,0,0,,,0,0,0,0,"Paul Blackburn",14739,621112
"Emilio Pagán","CIN",15,0,0,0,0,0,0,0,0,0,0,0,0,0,,,0,0,0,0,"Emilio Pagan",14771,641941
"Michael Lorenzen","COL",9,0,0,0,0,0,0,0,0,0,0,0,0,0,,,0,0,0,0,"Michael Lorenzen",14843,547179
"Joe Mantiply","TOR",15,0,0,0,0,0,0,0,0,0,0,0,0,0,,,0,0,0,0,"Joe Mantiply",14857,573009
"Sam Moll","CIN",18,0,0,0,0,0,0,0,0,0,0,0,0,0,,,0,0,0,0,"Sam Moll",14874,594580
"Scott Barlow","ATH",18,0,0,0,0,0,0,0,0,0,0,0,0,0,,,0,0,0,0,"Scott Barlow",14993,605130
"Yacksel Ríos","CHC",1,0,0,0,0,0,0,0,0,0,0,0,0,0,,,0,0,0,0,"Yacksel Rios",15007,605441
"Kyle Finnegan","DET",19,0,0,0,0,0,0,0,0,0,0,0,0,0,,,0,0,0,0,"Kyle Finnegan",15009,640448
"Germán Márquez","SDP",6,0,0,0,0,0,0,0,0,0,0,0,0,0,,,0,0,0,0,"German Marquez",15038,608566
"Tim Mayza","PHI",18,0,0,0,0,0,0,0,0,0,0,0,0,0,,,0,0,0,0,"Tim Mayza",15042,641835
"Lou Trivino","BAL",2,0,0,0,0,0,0,0,0,0,0,0,0,0,,,0,0,0,0,"Lou Trivino",15043,642152
"Austin Voth","TOR",1,0,0,0,0,0,0,0,0,0,0,0,0,0,,,0,0,0,0,"Austin Voth",15047,608723
"Drew Anderson","DET",13,0,0,0,0,0,0,0,0,0,0,0,0,0,,,0,0,0,0,"Drew Anderson",15130,623454
"Justin Topa","MIN",20,0,0,0,0,0,0,0,0,0,0,0,0,0,,,0,0,0,0,"Justin Topa",15145,623437
"Cole Sulser","TBR",16,0,0,0,0,0,0,0,0,0,0,0,0,0,,,0,0,0,0,"Cole Sulser",15256,642121
"Matthew Boyd","CHC",5,0,0,0,0,0,0,0,0,0,0,0,0,0,,,0,0,0,0,"Matthew Boyd",15440,571510
"Nick Pivetta","SDP",4,0,0,0,0,0,0,0,0,0,0,0,0,0,,,0,0,0,0,"Nick Pivetta",15454,601713
"Antonio Senzatela","COL",11,0,0,0,0,0,0,0,0,0,0,0,0,0,,,0,0,0,0,"Antonio Senzatela",15488,622608
"Hunter Harvey","CHC",4,0,0,0,0,0,0,0,0,0,0,0,0,0,,,0,0,0,0,"Hunter Harvey",15507,640451
"Tyler Rogers","TOR",18,0,0,0,0,0,0,0,0,0,0,0,0,0,,,0,0,0,0,"Tyler Rogers",15541,643511
"Mark Leiter Jr.","ATH",18,0,0,0,0,0,0,0,0,0,0,0,0,0,,,0,0,0,0,"Mark Leiter Jr.",15551,643410
"Luis Castillo","SEA",8,0,0,0,0,0,0,0,0,0,0,0,0,0,,,0,0,0,0,"Luis Castillo",15689,622491
"Brad Keller","PHI",17,0,0,0,0,0,0,0,0,0,0,0,0,0,,,0,0,0,0,"Brad Keller",15734,641745
"Devin Williams","NYM",15,0,0,0,0,0,0,0,0,0,0,0,0,0,,,0,0,0,0,"Devin Williams",15816,642207
"Zack Littell","WSN",8,0,0,0,0,0,0,0,0,0,0,0,0,0,,,0,0,0,0,"Zack Littell",15823,641793
"Sean Manaea","NYM",9,0,0,0,0,0,0,0,0,0,0,0,0,0,,,0,0,0,0,"Sean Manaea",15873,640455
"Luis Severino","ATH",9,0,0,0,0,0,0,0,0,0,0,0,0,0,,,0,0,0,0,"Luis Severino",15890,622663
"Ryne Stanek","STL",19,0,0,0,0,0,0,0,0,0,0,0,0,0,,,0,0,0,0,"Ryne Stanek",15947,592773
"Jordan Romano","LAA",11,0,0,0,0,0,0,0,0,0,0,0,0,0,,,0,0,0,0,"Jordan Romano",16122,605447
"Carlos Rodón","NYY",1,0,0,0,0,0,0,0,0,0,0,0,0,0,,,0,0,0,0,"Carlos Rodon",16137,607074
"Aaron Nola","PHI",8,0,0,0,0,0,0,0,0,0,0,0,0,0,,,0,0,0,0,"Aaron Nola",16149,605400
"Brandon Woodruff","MIL",6,0,0,0,0,0,0,0,0,0,0,0,0,0,,,0,0,0,0,"Brandon Woodruff",16162,605540
"Tejay Antone","CIN",3,0,0,0,0,0,0,0,0,0,0,0,0,0,,,0,0,0,0,"Tejay Antone",16233,622088
"Kyle Freeland","COL",7,0,0,0,0,0,0,0,0,0,0,0,0,0,,,0,0,0,0,"Kyle Freeland",16256,607536
"Aaron Bummer","ATL",17,0,0,0,0,0,0,0,0,0,0,0,0,0,,,0,0,0,0,"Aaron Bummer",16258,607481
"Ryan Borucki","SFG",15,0,0,0,0,0,0,0,0,0,0,0,0,0,,,0,0,0,0,"Ryan Borucki",16350,621366
"Tyler Mahle","SFG",8,0,0,0,0,0,0,0,0,0,0,0,0,0,,,0,0,0,0,"Tyler Mahle",16358,641816
"Reynaldo López","ATL",8,0,0,0,0,0,0,0,0,0,0,0,0,0,,,0,0,0,0,"Reynaldo Lopez",16400,625643
"Foster Griffin","WSN",8,0,0,0,0,0,0,0,0,0,0,0,0,0,,,0,0,0,0,"Foster Griffin",16432,656492
"Ryan Yarbrough","NYY",8,0,0,0,0,0,0,0,0,0,0,0,0,0,,,0,0,0,0,"Ryan Yarbrough",16502,642232
"Bryan Abreu","HOU",14,0,0,0,0,0,0,0,0,0,0,0,0,0,,,0,0,0,0,"Bryan Abreu",16609,650556
"Ryan Thompson","ARI",19,0,0,0,0,0,0,0,0,0,0,0,0,0,,,0,0,0,0,"Ryan Thompson",16647,657044
"Brock Stewart","LAD",2,0,0,0,0,0,0,0,0,0,0,0,0,0,,,0,0,0,0,"Brock Stewart",16727,592779
"Tim Hill","NYY",19,0,0,0,0,0,0,0,0,0,0,0,0,0,,,0,0,0,0,"Tim Hill",16814,657612
"Brennan Bernardino","COL",18,0,0,0,0,0,0,0,0,0,0,0,0,0,,,0,0,0,0,"Brennan Bernardino",16835,657514
"Luke Weaver","NYM",16,0,0,0,0,0,0,0,0,0,0,0,0,0,,,0,0,0,0,"Luke Weaver",16918,596133
"Sean Newcomb","CHW",17,0,0,0,0,0,0,0,0,0,0,0,0,0,,,0,0,0,0,"Sean Newcomb",16943,656794
"Grant Holmes","ATL",7,0,0,0,0,0,0,0,0,0,0,0,0,0,,,0,0,0,0,"Grant Holmes",16944,656550
"Tanner Banks","PHI",16,0,0,0,0,0,0,0,0,0,0,0,0,0,,,0,0,0,0,"Tanner Banks",16990,621383
"Raisel Iglesias","ATL",10,0,0,0,0,0,0,0,0,0,0,0,0,0,,,0,0,0,0,"Raisel Iglesias",17130,628452
"Gabe Speier","SEA",15,0,0,0,0,0,0,0,0,0,0,0,0,0,,,0,0,0,0,"Gabe Speier",17170,642100
"Jalen Beeks","TEX",19,0,0,0,0,0,0,0,0,0,0,0,0,0,,,0,0,0,0,"Jalen Beeks",17192,656222
"Ranger Suarez","BOS",7,0,0,0,0,0,0,0,0,0,0,0,0,0,,,0,0,0,0,"Ranger Suarez",17277,624133
"Framber Valdez","DET",8,0,0,0,0,0,0,0,0,0,0,0,0,0,,,0,0,0,0,"Framber Valdez",17295,664285
"Matt Gage","SFG",20,0,0,0,0,0,0,0,0,0,0,0,0,0,,,0,0,0,0,"Matt Gage",17381,657424
"Erick Fedde","CHW",7,0,0,0,0,0,0,0,0,0,0,0,0,0,,,0,0,0,0,"Erick Fedde",17425,607200
"Jeff Hoffman","TOR",18,0,0,0,0,0,0,0,0,0,0,0,0,0,,,0,0,0,0,"Jeff Hoffman",17432,656546
"Jack Flaherty","DET",8,0,0,0,0,0,0,0,0,0,0,0,0,0,,,0,0,0,0,"Jack Flaherty",17479,656427
"Jimmy Herget","COL",14,0,0,0,0,0,0,0,0,0,0,0,0,0,,,0,0,0,0,"Jimmy Herget",17556,623474
"JT Brubaker","SFG",14,0,0,0,0,0,0,0,0,0,0,0,0,0,,,0,0,0,0,"JT Brubaker",17578,664141
"Tanner Scott","LAD",18,0,0,0,0,0,0,0,0,0,0,0,0,0,,,0,0,0,0,"Tanner Scott",17586,656945
"Mitch Keller","PIT",8,0,0,0,0,0,0,0,0,0,0,0,0,0,,,0,0,0,0,"Mitch Keller",17594,656605
"Cristian Javier","HOU",3,0,0,0,0,0,0,0,0,0,0,0,0,0,,,0,0,0,0,"Cristian Javier",17606,664299
"Taylor Clarke","ARI",19,0,0,0,0,0,0,0,0,0,0,0,0,0,,,0,0,0,0,"Taylor Clarke",17611,664199
"Justin Lawrence","PIT",17,0,0,0,0,0,0,0,0,0,0,0,0,0,,,0,0,0,0,"Justin Lawrence",17639,664875
"Jeffrey Springs","ATH",8,0,0,0,0,0,0,0,0,0,0,0,0,0,,,0,0,0,0,"Jeffrey Springs",17677,605488
"Trevor Megill","MIL",15,0,0,0,0,0,0,0,0,0,0,0,0,0,,,0,0,0,0,"Trevor Megill",17722,656730
"Tyler Alexander","TEX",19,0,0,0,0,0,0,0,0,0,0,0,0,0,,,0,0,0,0,"Tyler Alexander",17735,641302
"José Alvarado","PHI",18,0,0,0,0,0,0,0,0,0,0,0,0,0,,,0,0,0,0,"Jose Alvarado",17780,621237
"Dennis Santana","PIT",18,0,0,0,0,0,0,0,0,0,0,0,0,0,,,0,0,0,0,"Dennis Santana",17878,642701
"Tayler Saucedo","LAA",1,0,0,0,0,0,0,0,0,0,0,0,0,0,,,0,0,0,0,"Tayler Saucedo",17888,642048
"Garrett Cleavinger","TBR",7,0,0,0,0,0,0,0,0,0,0,0,0,0,,,0,0,0,0,"Garrett Cleavinger",17897,664076
"Cody Ponce","TOR",1,0,0,0,0,0,0,0,0,0,0,0,0,0,,,0,0,0,0,"Cody Ponce",17920,664074
"Trent Thornton","CHC",2,0,0,0,0,0,0,0,0,0,0,0,0,0,,,0,0,0,0,"Trent Thornton",17948,663423
"Tyler Gilbert","CHW",2,0,0,0,0,0,0,0,0,0,0,0,0,0,,,0,0,0,0,"Tyler Gilbert",17964,656457
"Brock Burke","CIN",19,0,0,0,0,0,0,0,0,0,0,0,0,0,,,0,0,0,0,"Brock Burke",17968,656271
"Peter Lambert","HOU",5,0,0,0,0,0,0,0,0,0,0,0,0,0,,,0,0,0,0,"Peter Lambert",17969,663567
"Logan Webb","SFG",8,0,0,0,0,0,0,0,0,0,0,0,0,0,,,0,0,0,0,"Logan Webb",17995,657277
"Pete Fairbanks","MIA",10,0,0,0,0,0,0,0,0,0,0,0,0,0,,,0,0,0,0,"Pete Fairbanks",17998,664126
"Phil Maton","CHC",11,0,0,0,0,0,0,0,0,0,0,0,0,0,,,0,0,0,0,"Phil Maton",18064,664208
"Ryan Helsley","BAL",12,0,0,0,0,0,0,0,0,0,0,0,0,0,,,0,0,0,0,"Ryan Helsley",18138,664854
"Tyler Kinley","ATL",19,0,0,0,0,0,0,0,0,0,0,0,0,0,,,0,0,0,0,"Tyler Kinley",18297,641755
"Julian Fernández","WSN",3,0,0,0,0,0,0,0,0,0,0,0,0,0,,,0,0,0,0,"Julian Fernandez",18341,642759
"Michael Soroka","ARI",8,0,0,0,0,0,0,0,0,0,0,0,0,0,,,0,0,0,0,"Michael Soroka",18383,647336
"Enyel De Los Santos","HOU",15,0,0,0,0,0,0,0,0,0,0,0,0,0,,,0,0,0,0,"Enyel De Los Santos",18403,660853
"José Urquidy","PIT",5,0,0,0,0,0,0,0,0,0,0,0,0,0,,,0,0,0,0,"Jose Urquidy",18413,664353
"Dylan Cease","TOR",8,0,0,0,0,0,0,0,0,0,0,0,0,0,,,0,0,0,0,"Dylan Cease",18525,656302
"Sam Hentges","SFG",1,0,0,0,0,0,0,0,0,0,0,0,0,0,,,0,0,0,0,"Sam Hentges",18548,656529
"Enmanuel De Jesus","DET",10,0,0,0,0,0,0,0,0,0,0,0,0,0,,,0,0,0,0,"Enmanuel De Jesus",18554,646241
"Jake Woodford","MIL",11,0,0,0,0,0,0,0,0,0,0,0,0,0,,,0,0,0,0,"Jake Woodford",18674,663765
"Freddy Peralta","NYM",8,0,0,0,0,0,0,0,0,0,0,0,0,0,,,0,0,0,0,"Freddy Peralta",18679,642547
"Sandy Alcantara","MIA",9,0,0,0,0,0,0,0,0,0,0,0,0,0,,,0,0,0,0,"Sandy Alcantara",18684,645261
"Kolby Allard","CLE",4,0,0,0,0,0,0,0,0,0,0,0,0,0,,,0,0,0,0,"Kolby Allard",18694,663465
"Tommy Nance","TOR",18,0,0,0,0,0,0,0,0,0,0,0,0,0,,,0,0,0,0,"Tommy Nance",19178,667297
"Jesse Scholtens","TBR",6,0,0,0,0,0,0,0,0,0,0,0,0,0,,,0,0,0,0,"Jesse Scholtens",19205,669947
"Lake Bachar","MIA",11,0,0,0,0,0,0,0,0,0,0,0,0,0,,,0,0,0,0,"Lake Bachar",19222,669199
"Seranthony Domínguez","CHW",17,0,0,0,0,0,0,0,0,0,0,0,0,0,,,0,0,0,0,"Seranthony Dominguez",19249,622554
"Ian Hamilton","ATL",1,0,0,0,0,0,0,0,0,0,0,0,0,0,,,0,0,0,0,"Ian Hamilton",19261,641656
"Jacob Webb","CHC",17,0,0,0,0,0,0,0,0,0,0,0,0,0,,,0,0,0,0,"Jacob Webb",19274,657097
"Zac Gallen","ARI",8,0,0,0,0,0,0,0,0,0,0,0,0,0,,,0,0,0,0,"Zac Gallen",19291,668678
"Trevor Richards","- - -",3,0,0,0,0,0,0,0,0,0,0,0,0,0,,,0,0,0,0,"Trevor Richards",19309,670950
"Cal Quantrill","TEX",5,0,0,0,0,0,0,0,0,0,0,0,0,0,,,0,0,0,0,"Cal Quantrill",19312,615698
"Eric Lauer","TOR",8,0,0,0,0,0,0,0,0,0,0,0,0,0,,,0,0,0,0,"Eric Lauer",19316,641778
"Joey Lucchesi","LAA",5,0,0,0,0,0,0,0,0,0,0,0,0,0,,,0,0,0,0,"Joey Lucchesi",19320,664192
"Matt Festa","CLE",18,0,0,0,0,0,0,0,0,0,0,0,0,0,,,0,0,0,0,"Matt Festa",19330,670036
"Richard Lovelady","- - -",15,0,0,0,0,0,0,0,0,0,0,0,0,0,,,0,0,0,0,"Richard Lovelady",19337,663992
"Dean Kremer","BAL",2,0,0,0,0,0,0,0,0,0,0,0,0,0,,,0,0,0,0,"Dean Kremer",19350,665152
"Lucas Erceg","KCR",17,0,0,0,0,0,0,0,0,0,0,0,0,0,,,0,0,0,0,"Lucas Erceg",19360,668674
"Keegan Akin","BAL",7,0,0,0,0,0,0,0,0,0,0,0,0,0,,,0,0,0,0,"Keegan Akin",19362,669211
"Walker Buehler","SDP",8,0,0,0,0,0,0,0,0,0,0,0,0,0,,,0,0,0,0,"Walker Buehler",19374,621111
"Yohan Ramírez","PIT",17,0,0,0,0,0,0,0,0,0,0,0,0,0,,,0,0,0,0,"Yohan Ramirez",19444,670990
"Shaun Anderson","LAA",9,0,0,0,0,0,0,0,0,0,0,0,0,0,,,0,0,0,0,"Shaun Anderson",19453,641312
"Aaron Civale","ATH",8,0,0,0,0,0,0,0,0,0,0,0,0,0,,,0,0,0,0,"Aaron Civale",19479,650644
"Tyler Ferguson","ATH",1,0,0,0,0,0,0,0,0,0,0,0,0,0,,,0,0,0,0,"Tyler Ferguson",19481,621053
"Alan Rangel","PHI",1,0,0,0,0,0,0,0,0,0,0,0,0,0,,,0,0,0,0,"Alan Rangel",19524,660604
"David Bednar","NYY",17,0,0,0,0,0,0,0,0,0,0,0,0,0,,,0,0,0,0,"David Bednar",19569,670280
"JoJo Romero","STL",19,0,0,0,0,0,0,0,0,0,0,0,0,0,,,0,0,0,0,"JoJo Romero",19574,668941
"Cionel Pérez","WSN",16,0,0,0,0,0,0,0,0,0,0,0,0,0,,,0,0,0,0,"Cionel Perez",19614,672335
"Jordan Hicks","CHW",16,0,0,0,0,0,0,0,0,0,0,0,0,0,,,0,0,0,0,"Jordan Hicks",19618,663855
"Kyle Hart","SDP",12,0,0,0,0,0,0,0,0,0,0,0,0,0,,,0,0,0,0,"Kyle Hart",19646,606996
"Jason Alexander","HOU",2,0,0,0,0,0,0,0,0,0,0,0,0,0,,,0,0,0,0,"Jason Alexander",19666,669920
"Gregory Soto","PIT",20,0,0,0,0,0,0,0,0,0,0,0,0,0,,,0,0,0,0,"Gregory Soto",19677,642397
"Connor Seabold","DET",8,0,0,0,0,0,0,0,0,0,0,0,0,0,,,0,0,0,0,"Connor Seabold",19695,657756
"Dustin May","STL",8,0,0,0,0,0,0,0,0,0,0,0,0,0,,,0,0,0,0,"Dustin May",19716,669160
"Anthony Bender","MIA",17,0,0,0,0,0,0,0,0,0,0,0,0,0,,,0,0,0,0,"Anthony Bender",19742,669622
"Jonathan Loáisiga","ARI",18,0,0,0,0,0,0,0,0,0,0,0,0,0,,,0,0,0,0,"Jonathan Loaisiga",19753,642528
"Will Vest","DET",13,0,0,0,0,0,0,0,0,0,0,0,0,0,,,0,0,0,0,"Will Vest",19769,676684
"Bryan Baker","TBR",18,0,0,0,0,0,0,0,0,0,0,0,0,0,,,0,0,0,0,"Bryan Baker",19804,641329
"Michael King","SDP",8,0,0,0,0,0,0,0,0,0,0,0,0,0,,,0,0,0,0,"Michael King",19853,650633
"Charlie Barnes","CHC",1,0,0,0,0,0,0,0,0,0,0,0,0,0,,,0,0,0,0,"Charlie Barnes",19865,656212
"Griffin Canning","SDP",2,0,0,0,0,0,0,0,0,0,0,0,0,0,,,0,0,0,0,"Griffin Canning",19867,656288
"Kevin Ginkel","ARI",17,0,0,0,0,0,0,0,0,0,0,0,0,0,,,0,0,0,0,"Kevin Ginkel",19876,656464
"Alex Lange","KCR",16,0,0,0,0,0,0,0,0,0,0,0,0,0,,,0,0,0,0,"Alex Lange",19883,656638
"Corbin Martin","CHC",7,0,0,0,0,0,0,0,0,0,0,0,0,0,,,0,0,0,0,"Corbin Martin",19884,656686
"José Suarez","- - -",9,0,0,0,0,0,0,0,0,0,0,0,0,0,,,0,0,0,0,"Jose Suarez",19911,660761
"Bryan Hudson","CHW",20,0,0,0,0,0,0,0,0,0,0,0,0,0,,,0,0,0,0,"Bryan Hudson",19924,663542
"Tony Santillan","CIN",17,0,0,0,0,0,0,0,0,0,0,0,0,0,,,0,0,0,0,"Tony Santillan",19926,663574
"Jesús Luzardo","PHI",8,0,0,0,0,0,0,0,0,0,0,0,0,0,,,0,0,0,0,"Jesus Luzardo",19959,666200
"Joel Kuhnel","ATH",14,0,0,0,0,0,0,0,0,0,0,0,0,0,,,0,0,0,0,"Joel Kuhnel",19995,669270
"Dylan Lee","ATL",19,0,0,0,0,0,0,0,0,0,0,0,0,0,,,0,0,0,0,"Dylan Lee",19996,669276
"Tyler Wells","BAL",14,0,0,0,0,0,0,0,0,0,0,0,0,0,,,0,0,0,0,"Tyler Wells",20000,669330
"Wyatt Mills","LAD",2,0,0,0,0,0,0,0,0,0,0,0,0,0,,,0,0,0,0,"Wyatt Mills",20010,670090
"John Schreiber","KCR",17,0,0,0,0,0,0,0,0,0,0,0,0,0,,,0,0,0,0,"John Schreiber",20020,670167
"Rico Garcia","BAL",20,0,0,0,0,0,0,0,0,0,0,0,0,0,,,0,0,0,0,"Rico Garcia",20023,670329
"Adrian Morejon","SDP",18,0,0,0,0,0,0,0,0,0,0,0,0,0,,,0,0,0,0,"Adrian Morejon",20039,670970
"Bailey Falter","KCR",2,0,0,0,0,0,0,0,0,0,0,0,0,0,,,0,0,0,0,"Bailey Falter",20070,663559
"Chris Paddack","MIA",7,0,0,0,0,0,0,0,0,0,0,0,0,0,,,0,0,0,0,"Chris Paddack",20099,663978
"Calvin Faucher","MIA",17,0,0,0,0,0,0,0,0,0,0,0,0,0,,,0,0,0,0,"Calvin Faucher",20116,676534
"Zach Pop","PHI",7,0,0,0,0,0,0,0,0,0,0,0,0,0,,,0,0,0,0,"Zach Pop",20185,647315
"Garrett Whitlock","BOS",15,0,0,0,0,0,0,0,0,0,0,0,0,0,,,0,0,0,0,"Garrett Whitlock",20191,676477
"Eli Morgan","KCR",7,0,0,0,0,0,0,0,0,0,0,0,0,0,,,0,0,0,0,"Eli Morgan",20203,669212
"Griffin Jax","TBR",14,0,0,0,0,0,0,0,0,0,0,0,0,0,,,0,0,0,0,"Griffin Jax",20253,643377
"David Peterson","NYM",9,0,0,0,0,0,0,0,0,0,0,0,0,0,,,0,0,0,0,"David Peterson",20302,656849
"Nick Raquet","BAL",3,0,0,0,0,0,0,0,0,0,0,0,0,0,,,0,0,0,0,"Nick Raquet",20333,675919
"Riley O'Brien","STL",19,0,0,0,0,0,0,0,0,0,0,0,0,0,,,0,0,0,0,"Riley O'Brien",20348,676617
"Zack Kelly","BOS",14,0,0,0,0,0,0,0,0,0,0,0,0,0,,,0,0,0,0,"Zack Kelly",20349,677161
"Andrés Muñoz","SEA",17,0,0,0,0,0,0,0,0,0,0,0,0,0,,,0,0,0,0,"Andres Munoz",20373,662253
"Greg Weissert","BOS",18,0,0,0,0,0,0,0,0,0,0,0,0,0,,,0,0,0,0,"Greg Weissert",20375,669711
"Isaac Mattson","PIT",19,0,0,0,0,0,0,0,0,0,0,0,0,0,,,0,0,0,0,"Isaac Mattson",20385,676755
"Anthony Kay","CHW",8,0,0,0,0,0,0,0,0,0,0,0,0,0,,,0,0,0,0,"Anthony Kay",20387,641743
"Josh Fleming","TOR",1,0,0,0,0,0,0,0,0,0,0,0,0,0,,,0,0,0,0,"Josh Fleming",20418,676596
"Jovani Morán","BOS",12,0,0,0,0,0,0,0,0,0,0,0,0,0,,,0,0,0,0,"Jovani Moran",20422,663558
"Ryan Walker","SFG",16,0,0,0,0,0,0,0,0,0,0,0,0,0,,,0,0,0,0,"Ryan Walker",20423,676254
"Casey Mize","DET",6,0,0,0,0,0,0,0,0,0,0,0,0,0,,,0,0,0,0,"Casey Mize",20492,663554
"Nick Sandlin","LAA",8,0,0,0,0,0,0,0,0,0,0,0,0,0,,,0,0,0,0,"Nick Sandlin",20517,680704
"Grant Anderson","MIL",18,0,0,0,0,0,0,0,0,0,0,0,0,0,,,0,0,0,0,"Grant Anderson",20546,681982
"Logan Porter","SFG",1,0,0,1,0,0,0,0,0,0,0,0,0,0,,,0,0,0,0,"Logan Porter",20626,682515
"Tyler Phillips","MIA",12,0,0,0,0,0,0,0,0,0,0,0,0,0,,,0,0,0,0,"Tyler Phillips",20629,663969
"Yusei Kikuchi","LAA",7,0,0,0,0,0,0,0,0,0,0,0,0,0,,,0,0,0,0,"Yusei Kikuchi",20633,579328
"Cristopher Sánchez","PHI",9,0,0,0,0,0,0,0,0,0,0,0,0,0,,,0,0,0,0,"Cristopher Sanchez",20778,650911
"Michael Petersen","MIA",14,0,0,0,0,0,0,0,0,0,0,0,0,0,,,0,0,0,0,"Michael Petersen",20827,656848
"Eduard Bazardo","SEA",21,0,0,0,0,0,0,0,0,0,0,0,0,0,,,0,0,0,0,"Eduard Bazardo",20997,660825
"Jhoan Duran","PHI",10,0,0,0,0,0,0,0,0,0,0,0,0,0,,,0,0,0,0,"Jhoan Duran",21029,661395
"Luis Gil","NYY",4,0,0,0,0,0,0,0,0,0,0,0,0,0,,,0,0,0,0,"Luis Gil",21052,661563
"Jose Espada","BAL",1,0,0,0,0,0,0,0,0,0,0,0,0,0,,,0,0,0,0,"Jose Espada",21131,664744
"Brooks Kriske","ATH",1,0,0,0,0,0,0,0,0,0,0,0,0,0,,,0,0,0,0,"Brooks Kriske",21189,621139
"Connor Brogdon","CLE",15,0,0,0,0,0,0,0,0,0,0,0,0,0,,,0,0,0,0,"Connor Brogdon",21205,641401
"J.P. France","HOU",3,0,0,0,0,0,0,0,0,0,0,0,0,0,,,0,0,0,0,"J.P. France",21212,641585
"Bailey Ober","MIN",8,0,0,0,0,0,0,0,0,0,0,0,0,0,,,0,0,0,0,"Bailey Ober",21224,641927
"Jake Bird","NYY",15,0,0,0,0,0,0,0,0,0,0,0,0,0,,,0,0,0,0,"Jake Bird",21267,656234
"Jacob Latz","TEX",16,0,0,0,0,0,0,0,0,0,0,0,0,0,,,0,0,0,0,"Jacob Latz",21306,656641
"Bennett Sousa","HOU",5,0,0,0,0,0,0,0,0,0,0,0,0,0,,,0,0,0,0,"Bennett Sousa",21345,656986
"Joe Ryan","MIN",9,0,0,0,0,0,0,0,0,0,0,0,0,0,,,0,0,0,0,"Joe Ryan",21390,657746
"Yerry De los Santos","NYY",2,0,0,0,0,0,0,0,0,0,0,0,0,0,,,0,0,0,0,"Yerry De los Santos",21420,660787
"Ryan Feltner","COL",5,0,0,0,0,0,0,0,0,0,0,0,0,0,,,0,0,0,0,"Ryan Feltner",21446,663372
"Davis Martin","CHW",8,0,0,0,0,0,0,0,0,0,0,0,0,0,,,0,0,0,0,"Davis Martin",21448,663436
"Kris Bubic","KCR",8,0,0,0,0,0,0,0,0,0,0,0,0,0,,,0,0,0,0,"Kris Bubic",21455,663460
"Cole Sands","MIN",12,0,0,0,0,0,0,0,0,0,0,0,0,0,,,0,0,0,0,"Cole Sands",21461,663485
"Shane McClanahan","TBR",7,0,0,0,0,0,0,0,0,0,0,0,0,0,,,0,0,0,0,"Shane McClanahan",21483,663556
"Stephen Kolek","KCR",1,0,0,0,0,0,0,0,0,0,0,0,0,0,,,0,0,0,0,"Stephen Kolek",21487,663568
"Jake Irvin","WSN",8,0,0,0,0,0,0,0,0,0,0,0,0,0,,,0,0,0,0,"Jake Irvin",21504,663623
"Hogan Harris","ATH",22,0,0,0,0,0,0,0,0,0,0,0,0,0,,,0,0,0,0,"Hogan Harris",21520,663687
"Daniel Lynch IV","KCR",16,0,0,0,0,0,0,0,0,0,0,0,0,0,,,0,0,0,0,"Daniel Lynch IV",21537,663738
"Chase Shugart","PHI",12,0,0,0,0,0,0,0,0,0,0,0,0,0,,,0,0,0,0,"Chase Shugart",21544,663767
"Brendon Little","TOR",5,0,0,0,0,0,0,0,0,0,0,0,0,0,,,0,0,0,0,"Brendon Little",21574,663893
"Grant Wolfram","BAL",16,0,0,0,0,0,0,0,0,0,0,0,0,0,,,0,0,0,0,"Grant Wolfram",21623,664991
"Luis Medina","ATH",10,0,0,0,0,0,0,0,0,0,0,0,0,0,,,0,0,0,0,"Luis Medina",21649,665622
"Kervin Castro","NYY",1,0,0,0,0,0,0,0,0,0,0,0,0,0,,,0,0,0,0,"Kervin Castro",21656,665645
"Elvis Alvarado","ATH",10,0,0,0,0,0,0,0,0,0,0,0,0,0,,,0,0,0,0,"Elvis Alvarado",21662,665660
"Edward Cabrera","CHC",8,0,0,0,0,0,0,0,0,0,0,0,0,0,,,0,0,0,0,"Edward Cabrera",21690,665795
"Javier Assad","CHC",7,0,0,0,0,0,0,0,0,0,0,0,0,0,,,0,0,0,0,"Javier Assad",21741,665871
"Cole Ragans","KCR",8,0,0,0,0,0,0,0,0,0,0,0,0,0,,,0,0,0,0,"Cole Ragans",21846,666142
"George Soriano","STL",18,0,0,0,0,0,0,0,0,0,0,0,0,0,,,0,0,0,0,"George Soriano",21863,666277
"Gregory Santos","SFG",3,0,0,0,0,0,0,0,0,0,0,0,0,0,,,0,0,0,0,"Gregory Santos",21894,666619
"Juan Morillo","ARI",19,0,0,0,0,0,0,0,0,0,0,0,0,0,,,0,0,0,0,"Juan Morillo",21924,666661
"Joel Peguero","SFG",3,0,0,0,0,0,0,0,0,0,0,0,0,0,,,0,0,0,0,"Joel Peguero",21951,666711
"Camilo Doval","NYY",18,0,0,0,0,0,0,0,0,0,0,0,0,0,,,0,0,0,0,"Camilo Doval",21992,666808
"John King","MIA",19,0,0,0,0,0,0,0,0,0,0,0,0,0,,,0,0,0,0,"John King",22051,667463
"José Soriano","LAA",9,0,0,0,0,0,0,0,0,0,0,0,0,0,,,0,0,0,0,"Jose Soriano",22100,667755
"Cole Winn","TEX",18,0,0,0,0,0,0,0,0,0,0,0,0,0,,,0,0,0,0,"Cole Winn",22113,668390
"Easton McGee","MIL",2,0,0,0,0,0,0,0,0,0,0,0,0,0,,,0,0,0,0,"Easton McGee",22176,668834
"Tobias Myers","NYM",13,0,0,0,0,0,0,0,0,0,0,0,0,0,,,0,0,0,0,"Tobias Myers",22191,668964
"Ryan Rolison","CHC",7,0,0,0,0,0,0,0,0,0,0,0,0,0,,,0,0,0,0,"Ryan Rolison",22200,669020
"MacKenzie Gore","TEX",8,0,0,0,0,0,0,0,0,0,0,0,0,0,,,0,0,0,0,"MacKenzie Gore",22201,669022
"DL Hall","MIL",17,0,0,0,0,0,0,0,0,0,0,0,0,0,,,0,0,0,0,"DL Hall",22207,669084
"Jeremiah Estrada","SDP",11,0,0,0,0,0,0,0,0,0,0,0,0,0,,,0,0,0,0,"Jeremiah Estrada",22210,669093
"Logan Gilbert","SEA",9,0,0,0,0,0,0,0,0,0,0,0,0,0,,,0,0,0,0,"Logan Gilbert",22250,669302
"Shane Baz","BAL",8,0,0,0,0,0,0,0,0,0,0,0,0,0,,,0,0,0,0,"Shane Baz",22264,669358
"Tarik Skubal","DET",7,0,0,0,0,0,0,0,0,0,0,0,0,0,,,0,0,0,0,"Tarik Skubal",22267,669373
"Trevor Rogers","BAL",6,0,0,0,0,0,0,0,0,0,0,0,0,0,,,0,0,0,0,"Trevor Rogers",22286,669432
"Mason Englert","TBR",10,0,0,0,0,0,0,0,0,0,0,0,0,0,,,0,0,0,0,"Mason Englert",22288,669438
"Matthew Liberatore","STL",8,0,0,0,0,0,0,0,0,0,0,0,0,0,,,0,0,0,0,"Matthew Liberatore",22294,669461
"Brenan Hanifee","DET",5,0,0,0,0,0,0,0,0,0,0,0,0,0,,,0,0,0,0,"Brenan Hanifee",22304,669724
"Colin Holderman","CLE",10,0,0,0,0,0,0,0,0,0,0,0,0,0,,,0,0,0,0,"Colin Holderman",22361,670059
"Johan Oviedo","BOS",1,0,0,0,0,0,0,0,0,0,0,0,0,0,,,0,0,0,0,"Johan Oviedo",22487,670912
"Taj Bradley","MIN",8,0,0,0,0,0,0,0,0,0,0,0,0,0,,,0,0,0,0,"Taj Bradley",22543,671737
"Keider Montero","DET",7,0,0,0,0,0,0,0,0,0,0,0,0,0,,,0,0,0,0,"Keider Montero",22630,672456
"Angel Zerpa","MIL",12,0,0,0,0,0,0,0,0,0,0,0,0,0,,,0,0,0,0,"Angel Zerpa",22717,672582
"Yoendrys Gómez","- - -",12,0,0,0,0,0,0,0,0,0,0,0,0,0,,,0,0,0,0,"Yoendrys Gomez",22872,672782
"Osvaldo Bido","- - -",11,0,0,0,0,0,0,0,0,0,0,0,0,0,,,0,0,0,0,"Osvaldo Bido",23150,674370
"Steven Cruz","KCR",7,0,0,0,0,0,0,0,0,0,0,0,0,0,,,0,0,0,0,"Steven Cruz",23165,674444
"Juan Mejia","COL",16,0,0,0,0,0,0,0,0,0,0,0,0,0,,,0,0,0,0,"Juan Mejia",23237,675848
"Cody Bolton","HOU",6,0,0,0,0,0,0,0,0,0,0,0,0,0,,,0,0,0,0,"Cody Bolton",23265,675989
"Janson Junk","MIA",8,0,0,0,0,0,0,0,0,0,0,0,0,0,,,0,0,0,0,"Janson Junk",23301,676083
"José Buttó","SFG",3,0,0,0,0,0,0,0,0,0,0,0,0,0,,,0,0,0,0,"Jose Butto",23313,676130
"Joey Cantillo","CLE",9,0,0,0,0,0,0,0,0,0,0,0,0,0,,,0,0,0,0,"Joey Cantillo",23335,676282
"Robert Garcia","TEX",9,0,0,0,0,0,0,0,0,0,0,0,0,0,,,0,0,0,0,"Robert Garcia",23363,676395
"Nolan Hoffman","PHI",2,0,0,0,0,0,0,0,0,0,0,0,0,0,,,0,0,0,0,"Nolan Hoffman",23381,676510
"Ricky Vanasco","DET",2,0,0,0,0,0,0,0,0,0,0,0,0,0,,,0,0,0,0,"Ricky Vanasco",23391,676568
"PJ Poulin","WSN",20,0,0,0,0,0,0,0,0,0,0,0,0,0,,,0,0,0,0,"PJ Poulin",23394,676571
"Hunter Stratton","ATL",1,0,0,0,0,0,0,0,0,0,0,0,0,0,,,0,0,0,0,"Hunter Stratton",23455,676702
"Cam Sanders","PIT",5,0,0,0,0,0,0,0,0,0,0,0,0,0,,,0,0,0,0,"Cam Sanders",23479,676742
"Ron Marinaccio","SDP",15,0,0,0,0,0,0,0,0,0,0,0,0,0,,,0,0,0,0,"Ron Marinaccio",23488,676760
"Keaton Winn","SFG",19,0,0,0,0,0,0,0,0,0,0,0,0,0,,,0,0,0,0,"Keaton Winn",23499,676775
"Aaron Ashby","MIL",19,0,0,0,0,0,0,0,0,0,0,0,0,0,,,0,0,0,0,"Aaron Ashby",23550,676879
"Ben Brown","CHC",13,0,0,0,0,0,0,0,0,0,0,0,0,0,,,0,0,0,0,"Ben Brown",23590,676962
"Justin Bruihl","STL",19,0,0,0,0,0,0,0,0,0,0,0,0,0,,,0,0,0,0,"Justin Bruihl",23779,677865
"Braxton Ashcraft","PIT",8,0,0,0,0,0,0,0,0,0,0,0,0,0,,,0,0,0,0,"Braxton Ashcraft",23793,677952
"Ryan Weathers","NYY",8,0,0,0,0,0,0,0,0,0,0,0,0,0,,,0,0,0,0,"Ryan Weathers",23796,677960
"Valente Bellozo","COL",3,0,0,0,0,0,0,0,0,0,0,0,0,0,,,0,0,0,0,"Valente Bellozo",23899,678368
"Brayan Bello","BOS",7,0,0,0,0,0,0,0,0,0,0,0,0,0,,,0,0,0,0,"Brayan Bello",23920,678394
"Jose A. Ferrer","SEA",21,0,0,0,0,0,0,0,0,0,0,0,0,0,,,0,0,0,0,"Jose A. Ferrer",24017,678606
"Kai-Wei Teng","HOU",15,0,0,0,0,0,0,0,0,0,0,0,0,0,,,0,0,0,0,"Kai-Wei Teng",24282,678906
"Luinder Avila","KCR",6,0,0,0,0,0,0,0,0,0,0,0,0,0,,,0,0,0,0,"Luinder Avila",24452,679883
"Simeon Woods Richardson","MIN",8,0,0,0,0,0,0,0,0,0,0,0,0,0,,,0,0,0,0,"Simeon Woods Richardson",24494,680573
"Kyle Bradish","BAL",8,0,0,0,0,0,0,0,0,0,0,0,0,0,,,0,0,0,0,"Kyle Bradish",24586,680694
"Joey Gerber","NYM",1,0,0,0,0,0,0,0,0,0,0,0,0,0,,,0,0,0,0,"Joey Gerber",24591,680702
"Jonathan Bowlan","PHI",12,0,0,0,0,0,0,0,0,0,0,0,0,0,,,0,0,0,0,"Jonathan Bowlan",24607,680742
"Braydon Fisher","TOR",20,0,0,0,0,0,0,0,0,0,0,0,0,0,,,0,0,0,0,"Braydon Fisher",24609,680755
"Victor Vodnik","COL",14,0,0,0,0,0,0,0,0,0,0,0,0,0,,,0,0,0,0,"Victor Vodnik",24614,680767
"Ryan Weiss","HOU",9,0,0,0,0,0,0,0,0,0,0,0,0,0,,,0,0,0,0,"Ryan Weiss",24621,680802
"Luis Curvelo","TEX",4,0,0,0,0,0,0,0,0,0,0,0,0,0,,,0,0,0,0,"Luis Curvelo",24710,681168
"Randy Vásquez","SDP",8,0,0,0,0,0,0,0,0,0,0,0,0,0,,,0,0,0,0,"Randy Vasquez",24719,681190
"Mike Burrows","HOU",8,0,0,0,0,0,0,0,0,0,0,0,0,0,,,0,0,0,0,"Mike Burrows",24728,681347
"Gus Varland","WSN",16,0,0,0,0,0,0,0,0,0,0,0,0,0,,,0,0,0,0,"Gus Varland",24737,681402
"Kyle Leahy","STL",8,0,0,0,0,0,0,0,0,0,0,0,0,0,,,0,0,0,0,"Kyle Leahy",24763,681517
"Ryan Fernandez","STL",4,0,0,0,0,0,0,0,0,0,0,0,0,0,,,0,0,0,0,"Ryan Fernandez",24862,681676
"Lazaro Estrada","TOR",1,0,0,0,0,0,0,0,0,0,0,0,0,0,,,0,0,0,0,"Lazaro Estrada",24914,681751
"Ethan Roberts","CHC",5,0,0,0,0,0,0,0,0,0,0,0,0,0,,,0,0,0,0,"Ethan Roberts",24930,681799
"Austin Warren","NYM",7,0,0,0,0,0,0,0,0,0,0,0,0,0,,,0,0,0,0,"Austin Warren",24937,681810
"Cooper Criswell","SEA",14,0,0,0,0,0,0,0,0,0,0,0,0,0,,,0,0,0,0,"Cooper Criswell",24975,681867
"Erik Sabrowski","CLE",20,0,0,0,0,0,0,0,0,0,0,0,0,0,,,0,0,0,0,"Erik Sabrowski",24978,681870
"Kody Funderburk","MIN",19,0,0,0,0,0,0,0,0,0,0,0,0,0,,,0,0,0,0,"Kody Funderburk",24993,681892
"Evan Sisk","PIT",12,0,0,0,0,0,0,0,0,0,0,0,0,0,,,0,0,0,0,"Evan Sisk",24995,681895
"Alex Vesia","LAD",17,0,0,0,0,0,0,0,0,0,0,0,0,0,,,0,0,0,0,"Alex Vesia",25007,681911
"Jacob Lopez","ATH",8,0,0,0,0,0,0,0,0,0,0,0,0,0,,,0,0,0,0,"Jacob Lopez",25098,682052
"Tim Herrin","CLE",16,0,0,0,0,0,0,0,0,0,0,0,0,0,,,0,0,0,0,"Tim Herrin",25139,682120
"Yaramil Hiraldo","BAL",3,0,0,0,0,0,0,0,0,0,0,0,0,0,,,0,0,0,0,"Yaramil Hiraldo",25215,682274
"Peyton Gray","TEX",6,0,0,0,0,0,0,0,0,0,0,0,0,0,,,0,0,0,0,"Peyton Gray",25310,682608
"Roddery Muñoz","HOU",3,0,0,0,0,0,0,0,0,0,0,0,0,0,,,0,0,0,0,"Roddery Munoz",25311,682610
"Abner Uribe","MIL",16,0,0,0,0,0,0,0,0,0,0,0,0,0,,,0,0,0,0,"Abner Uribe",25327,682842
"Nick Mears","KCR",17,0,0,0,0,0,0,0,0,0,0,0,0,0,,,0,0,0,0,"Nick Mears",25376,683232
"Brady Singer","CIN",8,0,0,0,0,0,0,0,0,0,0,0,0,0,,,0,0,0,0,"Brady Singer",25377,663903
"Drew Rasmussen","TBR",8,0,0,0,0,0,0,0,0,0,0,0,0,0,,,0,0,0,0,"Drew Rasmussen",25385,656876
"Ryan Zeferjahn","LAA",14,0,0,0,0,0,0,0,0,0,0,0,0,0,,,0,0,0,0,"Ryan Zeferjahn",25420,666171
"Gavin Hollowell","CHC",1,0,0,0,0,0,0,0,0,0,0,0,0,0,,,0,0,0,0,"Gavin Hollowell",25427,668970
"George Kirby","SEA",9,0,0,0,0,0,0,0,0,0,0,0,0,0,,,0,0,0,0,"George Kirby",25436,669923
"Brandon Williamson","CIN",6,0,0,0,0,0,0,0,0,0,0,0,0,0,,,0,0,0,0,"Brandon Williamson",25463,682227
"Paxton Schultz","WSN",10,0,0,0,0,0,0,0,0,0,0,0,0,0,,,0,0,0,0,"Paxton Schultz",25501,687606
"Matt Waldron","SDP",4,0,0,0,0,0,0,0,0,0,0,0,0,0,,,0,0,0,0,"Matt Waldron",25550,663362
"Brady Basso","ATH",3,0,0,0,0,0,0,0,0,0,0,0,0,0,,,0,0,0,0,"Brady Basso",25582,669620
"Luis Mey","CIN",3,0,0,0,0,0,0,0,0,0,0,0,0,0,,,0,0,0,0,"Luis Mey",25620,682825
"Hunter Gaddis","CLE",11,0,0,0,0,0,0,0,0,0,0,0,0,0,,,0,0,0,0,"Hunter Gaddis",25636,683769
"Justin Slaten","BOS",5,0,0,0,0,0,0,0,0,0,0,0,0,0,,,0,0,0,0,"Justin Slaten",25648,686580
"Kevin Kelly","TBR",17,0,0,0,0,0,0,0,0,0,0,0,0,0,,,0,0,0,0,"Kevin Kelly",25679,687330
"Zak Kent","- - -",4,0,0,0,0,0,0,0,0,0,0,0,0,0,,,0,0,0,0,"Zak Kent",25703,687849
"Matt Brash","SEA",14,0,0,0,0,0,0,0,0,0,0,0,0,0,,,0,0,0,0,"Matt Brash",25756,666374
"Anthony Nunez","BAL",19,0,0,0,0,0,0,0,0,0,0,0,0,0,,,0,0,0,0,"Anthony Nunez",25796,689296
"Hunter Brown","HOU",2,0,0,0,0,0,0,0,0,0,0,0,0,0,,,0,0,0,0,"Hunter Brown",25880,686613
"Bryan King","HOU",14,0,0,0,0,0,0,0,0,0,0,0,0,0,,,0,0,0,0,"Bryan King",25890,687911
"Yennier Cano","BAL",18,0,0,0,0,0,0,0,0,0,0,0,0,0,,,0,0,0,0,"Yennier Cano",25911,666974
"Casey Legumina","- - -",12,0,0,0,0,0,0,0,0,0,0,0,0,0,,,0,0,0,0,"Casey Legumina",25921,668984
"Andrew Nardi","MIA",18,0,0,0,0,0,0,0,0,0,0,0,0,0,,,0,0,0,0,"Andrew Nardi",25942,677053
"Josh Simpson","SEA",2,0,0,0,0,0,0,0,0,0,0,0,0,0,,,0,0,0,0,"Josh Simpson",25957,681006
"Seth Johnson","PHI",3,0,0,0,0,0,0,0,0,0,0,0,0,0,,,0,0,0,0,"Seth Johnson",26020,686751
"Andre Pallante","STL",7,0,0,0,0,0,0,0,0,0,0,0,0,0,,,0,0,0,0,"Andre Pallante",26108,669467
"Caleb Kilian","SFG",17,0,0,0,0,0,0,0,0,0,0,0,0,0,,,0,0,0,0,"Caleb Kilian",26213,668873
"Chris Murphy","CHW",6,0,0,0,0,0,0,0,0,0,0,0,0,0,,,0,0,0,0,"Chris Murphy",26214,669684
"Jackson Rutledge","WSN",1,0,0,0,0,0,0,0,0,0,0,0,0,0,,,0,0,0,0,"Jackson Rutledge",26215,671131
"Alec Gamboa","BOS",1,0,0,0,0,0,0,0,0,0,0,0,0,0,,,0,0,0,0,"Alec Gamboa",26227,687941
"Tyler Holton","DET",17,0,0,0,0,0,0,0,0,0,0,0,0,0,,,0,0,0,0,"Tyler Holton",26231,663947
"Orlando Ribalta","WSN",6,0,0,0,0,0,0,0,0,0,0,0,0,0,,,0,0,0,0,"Orlando Ribalta",26247,687377
"Erik Miller","SFG",12,0,0,0,0,0,0,0,0,0,0,0,0,0,,,0,0,0,0,"Erik Miller",26252,669062
"Ryne Nelson","ARI",8,0,0,0,0,0,0,0,0,0,0,0,0,0,,,0,0,0,0,"Ryne Nelson",26253,669194
"Hunter Bigge","TBR",12,0,0,0,0,0,0,0,0,0,0,0,0,0,,,0,0,0,0,"Hunter Bigge",26259,685801
"Taylor Rashi","ARI",3,0,0,0,0,0,0,0,0,0,0,0,0,0,,,0,0,0,0,"Taylor Rashi",26344,688497
"Gavin Collyer","TEX",11,0,0,0,0,0,0,0,0,0,0,0,0,0,,,0,0,0,0,"Gavin Collyer",26349,686560
"Nick Lodolo","CIN",1,0,0,0,0,0,0,0,0,0,0,0,0,0,,,0,0,0,0,"Nick Lodolo",26378,666157
"Alek Manoah","LAA",2,0,0,0,0,0,0,0,0,0,0,0,0,0,,,0,0,0,0,"Alek Manoah",26410,666201
"Cody Laweryson","MIN",5,0,0,0,0,0,0,0,0,0,0,0,0,0,,,0,0,0,0,"Cody Laweryson",26429,689520
"Ryan Gusto","MIA",1,0,0,0,0,0,0,0,0,0,0,0,0,0,,,0,0,0,0,"Ryan Gusto",26440,687473
"Sam Aldegheri","LAA",2,0,0,0,0,0,0,0,0,0,0,0,0,0,,,0,0,0,0,"Sam Aldegheri",26443,691951
"Trevor McDonald","SFG",2,0,0,0,0,0,0,0,0,0,0,0,0,0,,,0,0,0,0,"Trevor McDonald",26448,686790
"Jayden Murray","HOU",5,0,0,0,0,0,0,0,0,0,0,0,0,0,,,0,0,0,0,"Jayden Murray",26482,681151
"Angel Chivilli","NYY",2,0,0,0,0,0,0,0,0,0,0,0,0,0,,,0,0,0,0,"Angel Chivilli",26790,683409
"Edgardo Henriquez","LAD",13,0,0,0,0,0,0,0,0,0,0,0,0,0,,,0,0,0,0,"Edgardo Henriquez",26944,683618
"Anthony Molina","ATL",1,0,0,0,0,0,0,0,0,0,0,0,0,0,,,0,0,0,0,"Anthony Molina",26952,683627
"Jose Franco","CIN",8,0,0,0,0,0,0,0,0,0,0,0,0,0,,,0,0,0,0,"Jose Franco",27014,683742
"Rolddy Muñoz","ATL",1,0,0,0,0,0,0,0,0,0,0,0,0,0,,,0,0,0,0,"Rolddy Munoz",27407,691548
"Garrett Crochet","BOS",6,0,0,0,0,0,0,0,0,0,0,0,0,0,,,0,0,0,0,"Garrett Crochet",27463,676979
"Reid Detmers","LAA",8,0,0,0,0,0,0,0,0,0,0,0,0,0,,,0,0,0,0,"Reid Detmers",27468,672282
"Emerson Hancock","SEA",8,0,0,0,0,0,0,0,0,0,0,0,0,0,,,0,0,0,0,"Emerson Hancock",27470,676106
"Jared Shuster","STL",4,0,0,0,0,0,0,0,0,0,0,0,0,0,,,0,0,0,0,"Jared Shuster",27472,694363
"Cade Cavalli","WSN",9,0,0,0,0,0,0,0,0,0,0,0,0,0,,,0,0,0,0,"Cade Cavalli",27473,676917
"Max Meyer","MIA",8,0,0,0,0,0,0,0,0,0,0,0,0,0,,,0,0,0,0,"Max Meyer",27474,676974
"Cole Wilcox","SEA",11,0,0,0,0,0,0,0,0,0,0,0,0,0,,,0,0,0,0,"Cole Wilcox",27481,677961
"Clayton Beeter","WSN",10,0,0,0,0,0,0,0,0,0,0,0,0,0,,,0,0,0,0,"Clayton Beeter",27494,690925
"Spencer Strider","ATL",2,0,0,0,0,0,0,0,0,0,0,0,0,0,,,0,0,0,0,"Spencer Strider",27498,675911
"Slade Cecconi","CLE",8,0,0,0,0,0,0,0,0,0,0,0,0,0,,,0,0,0,0,"Slade Cecconi",27500,677944
"Kyle Hurt","LAD",10,0,0,0,0,0,0,0,0,0,0,0,0,0,,,0,0,0,0,"Kyle Hurt",27514,669165
"Jared Koenig","MIL",3,0,0,0,0,0,0,0,0,0,0,0,0,0,,,0,0,0,0,"Jared Koenig",27517,657649
"Graham Ashcraft","CIN",20,0,0,0,0,0,0,0,0,0,0,0,0,0,,,0,0,0,0,"Graham Ashcraft",27552,668933
"Cole Henry","WSN",7,0,0,0,0,0,0,0,0,0,0,0,0,0,,,0,0,0,0,"Cole Henry",27570,669371
"Carmen Mlodzinski","PIT",8,0,0,0,0,0,0,0,0,0,0,0,0,0,,,0,0,0,0,"Carmen Mlodzinski",27572,669387
"Garrett Acton","MIN",4,0,0,0,0,0,0,0,0,0,0,0,0,0,,,0,0,0,0,"Garrett Acton",27583,670183
"Jake Eder","LAD",4,0,0,0,0,0,0,0,0,0,0,0,0,0,,,0,0,0,0,"Jake Eder",27590,671109
"Eric Orze","MIN",17,0,0,0,0,0,0,0,0,0,0,0,0,0,,,0,0,0,0,"Eric Orze",27626,679358
"Mitchell Parker","WSN",8,0,0,0,0,0,0,0,0,0,0,0,0,0,,,0,0,0,0,"Mitchell Parker",27636,680730
"Connor Phillips","CIN",19,0,0,0,0,0,0,0,0,0,0,0,0,0,,,0,0,0,0,"Connor Phillips",27649,683175
"Christian Roa","HOU",7,0,0,0,0,0,0,0,0,0,0,0,0,0,,,0,0,0,0,"Christian Roa",27662,685005
"Brandon Eisert","CHW",2,0,0,0,0,0,0,0,0,0,0,0,0,0,,,0,0,0,0,"Brandon Eisert",27668,685126
"Tanner Gordon","COL",5,0,0,0,0,0,0,0,0,0,0,0,0,0,,,0,0,0,0,"Tanner Gordon",27669,685299
"Ken Waldichuk","WSN",5,0,0,0,0,0,0,0,0,0,0,0,0,0,,,0,0,0,0,"Ken Waldichuk",27681,686610
"Jack Kochanowicz","LAA",8,0,0,0,0,0,0,0,0,0,0,0,0,0,,,0,0,0,0,"Jack Kochanowicz",27688,686799
"Louis Varland","TOR",19,0,0,0,0,0,0,0,0,0,0,0,0,0,,,0,0,0,0,"Louis Varland",27691,686973
"Justin Sterner","ATH",19,0,0,0,0,0,0,0,0,0,0,0,0,0,,,0,0,0,0,"Justin Sterner",27694,686993
"Brent Headrick","NYY",22,0,0,0,0,0,0,0,0,0,0,0,0,0,,,0,0,0,0,"Brent Headrick",27702,687396
"Mitch Spence","KCR",1,0,0,0,0,0,0,0,0,0,0,0,0,0,,,0,0,0,0,"Mitch Spence",27707,687765
"Nick Davila","SEA",3,0,0,0,0,0,0,0,0,0,0,0,0,0,,,0,0,0,0,"Nick Davila",27741,689546
"Mick Abel","MIN",4,0,0,0,0,0,0,0,0,0,0,0,0,0,,,0,0,0,0,"Mick Abel",27756,690953
"Dax Fulton","MIA",1,0,0,0,0,0,0,0,0,0,0,0,0,0,,,0,0,0,0,"Dax Fulton",27757,690978
"Kyle Harrison","MIL",7,0,0,0,0,0,0,0,0,0,0,0,0,0,,,0,0,0,0,"Kyle Harrison",27758,690986
"Eury Pérez","MIA",8,0,0,0,0,0,0,0,0,0,0,0,0,0,,,0,0,0,0,"Eury Perez",27768,691587
"Kyle Nicolas","CIN",7,0,0,0,0,0,0,0,0,0,0,0,0,0,,,0,0,0,0,"Kyle Nicolas",27775,693312
"Bryce Elder","ATL",9,0,0,0,0,0,0,0,0,0,0,0,0,0,,,0,0,0,0,"Bryce Elder",27779,693821
"Brandon Pfaadt","ARI",7,0,0,0,0,0,0,0,0,0,0,0,0,0,,,0,0,0,0,"Brandon Pfaadt",27782,694297
"Will Klein","LAD",12,0,0,0,0,0,0,0,0,0,0,0,0,0,,,0,0,0,0,"Will Klein",27787,694361
"Shane Drohan","MIL",6,0,0,0,0,0,0,0,0,0,0,0,0,0,,,0,0,0,0,"Shane Drohan",27814,675660
"Brandon Young","BAL",5,0,0,0,0,0,0,0,0,0,0,0,0,0,,,0,0,0,0,"Brandon Young",27819,687064
"Ryan Watson","BOS",15,0,0,0,0,0,0,0,0,0,0,0,0,0,,,0,0,0,0,"Ryan Watson",27853,670245
"Cade Smith","CLE",18,0,0,0,0,0,0,0,0,0,0,0,0,0,,,0,0,0,0,"Cade Smith",27867,671922
"J.T. Ginn","ATH",9,0,0,0,0,0,0,0,0,0,0,0,0,0,,,0,0,0,0,"J.T. Ginn",27889,669372
"Daniel Palencia","CHC",8,0,0,0,0,0,0,0,0,0,0,0,0,0,,,0,0,0,0,"Daniel Palencia",27914,694037
"Coleman Crow","MIL",1,0,0,0,0,0,0,0,0,0,0,0,0,0,,,0,0,0,0,"Coleman Crow",27926,689441
"Ian Seymour","TBR",17,0,0,0,0,0,0,0,0,0,0,0,0,0,,,0,0,0,0,"Ian Seymour",27932,693855
"Luke Little","CHC",1,0,0,0,0,0,0,0,0,0,0,0,0,0,,,0,0,0,0,"Luke Little",28036,681432
"Wilber Dotel","PIT",3,0,0,0,0,0,0,0,0,0,0,0,0,0,,,0,0,0,0,"Wilber Dotel",28901,696062
"Bradgley Rodriguez","SDP",17,0,0,0,0,0,0,0,0,0,0,0,0,0,,,0,0,0,0,"Bradgley Rodriguez",29107,699134
"Jedixson Paez","CHW",3,0,0,0,0,0,0,0,0,0,0,0,0,0,,,0,0,0,0,"Jedixson Paez",29114,699151
"Walbert Urena","LAA",6,0,0,0,0,0,0,0,0,0,0,0,0,0,,,0,0,0,0,"Walbert Urena",29357,700712
"Kendry Rojas","MIN",2,0,0,0,0,0,0,0,0,0,0,0,0,0,,,0,0,0,0,"Kendry Rojas",29423,696070
"Gordon Graceffo","STL",17,0,0,0,0,0,0,0,0,0,0,0,0,0,,,0,0,0,0,"Gordon Graceffo",29519,700669
"Andre Granillo","WSN",8,0,0,0,0,0,0,0,0,0,0,0,0,0,,,0,0,0,0,"Andre Granillo",29542,701552
"Chase Lee","TOR",1,0,0,0,0,0,0,0,0,0,0,0,0,0,,,0,0,0,0,"Chase Lee",29574,695445
"Joe Boyle","TBR",3,0,0,0,0,0,0,0,0,0,0,0,0,0,,,0,0,0,0,"Joe Boyle",29608,671212
"Kyle Backhus","PHI",10,0,0,0,0,0,0,0,0,0,0,0,0,0,,,0,0,0,0,"Kyle Backhus",29615,679775
"Alek Jacob","SDP",1,0,0,0,0,0,0,0,0,0,0,0,0,0,,,0,0,0,0,"Alek Jacob",29628,689690
"Matt Svanson","STL",18,0,0,0,0,0,0,0,0,0,0,0,0,0,,,0,0,0,0,"Matt Svanson",29629,694335
"Andrew Hoffmann","ARI",8,0,0,0,0,0,0,0,0,0,0,0,0,0,,,0,0,0,0,"Andrew Hoffmann",29633,694851
"Sam Bachman","LAA",14,0,0,0,0,0,0,0,0,0,0,0,0,0,,,0,0,0,0,"Sam Bachman",29754,696147
"Mason Montgomery","PIT",16,0,0,0,0,0,0,0,0,0,0,0,0,0,,,0,0,0,0,"Mason Montgomery",29770,682254
"Emmet Sheehan","LAD",7,0,0,0,0,0,0,0,0,0,0,0,0,0,,,0,0,0,0,"Emmet Sheehan",29839,686218
"Bubba Chandler","PIT",8,0,0,0,0,0,0,0,0,0,0,0,0,0,,,0,0,0,0,"Bubba Chandler",29868,696149
"Michael McGreevy","STL",8,0,0,0,0,0,0,0,0,0,0,0,0,0,,,0,0,0,0,"Michael McGreevy",29869,700241
"Sean Burke","CHW",8,0,0,0,0,0,0,0,0,0,0,0,0,0,,,0,0,0,0,"Sean Burke",29878,680732
"Andrew Abbott","CIN",9,0,0,0,0,0,0,0,0,0,0,0,0,0,,,0,0,0,0,"Andrew Abbott",29911,671096
"Andrew Alvarez","WSN",1,0,0,0,0,0,0,0,0,0,0,0,0,0,,,0,0,0,0,"Andrew Alvarez",29914,674841
"Spencer Arrighetti","HOU",5,0,0,0,0,0,0,0,0,0,0,0,0,0,,,0,0,0,0,"Spencer Arrighetti",29921,681293
"Dylan Dodd","ATL",2,0,0,0,0,0,0,0,0,0,0,0,0,0,,,0,0,0,0,"Dylan Dodd",29928,689266
"Riley Martin","CHC",8,0,0,0,0,0,0,0,0,0,0,0,0,0,,,0,0,0,0,"Riley Martin",29934,702303
"Jordan Leasure","CHW",16,0,0,0,0,0,0,0,0,0,0,0,0,0,,,0,0,0,0,"Jordan Leasure",29950,673929
"Tyler Uberstine","BOS",1,0,0,0,0,0,0,0,0,0,0,0,0,0,,,0,0,0,0,"Tyler Uberstine",29961,700413
"Cade Povich","BAL",4,0,0,0,0,0,0,0,0,0,0,0,0,0,,,0,0,0,0,"Cade Povich",30055,700249
"Chase Silseth","LAA",17,0,0,0,0,0,0,0,0,0,0,0,0,0,,,0,0,0,0,"Chase Silseth",30074,681217
"Landen Roupp","SFG",8,0,0,0,0,0,0,0,0,0,0,0,0,0,,,0,0,0,0,"Landen Roupp",30076,694738
"Tyler Samaniego","BOS",12,0,0,0,0,0,0,0,0,0,0,0,0,0,,,0,0,0,0,"Tyler Samaniego",30081,701719
"Ben Casparius","LAD",5,0,0,0,0,0,0,0,0,0,0,0,0,0,,,0,0,0,0,"Ben Casparius",30085,676508
"Jack Anderson","BOS",3,0,0,0,0,0,0,0,0,0,0,0,0,0,,,0,0,0,0,"Jack Anderson",30086,681252
"Andrew Painter","PHI",7,0,0,0,0,0,0,0,0,0,0,0,0,0,,,0,0,0,0,"Andrew Painter",30091,691725
"Christian Scott","NYM",3,0,0,0,0,0,0,0,0,0,0,0,0,0,,,0,0,0,0,"Christian Scott",30107,681035
"Chad Patrick","MIL",8,0,0,0,0,0,0,0,0,0,0,0,0,0,,,0,0,0,0,"Chad Patrick",30113,694477
"Robert Suarez","ATL",17,0,0,0,0,0,0,0,0,0,0,0,0,0,,,0,0,0,0,"Robert Suarez",30115,663158
"Gavin Williams","CLE",9,0,0,0,0,0,0,0,0,0,0,0,0,0,,,0,0,0,0,"Gavin Williams",30122,668909
"Eric Cerantola","KCR",2,0,0,0,0,0,0,0,0,0,0,0,0,0,,,0,0,0,0,"Eric Cerantola",30128,672021
"Brant Hurter","DET",17,0,0,0,0,0,0,0,0,0,0,0,0,0,,,0,0,0,0,"Brant Hurter",30133,676428
"Tanner Bibee","CLE",9,0,0,0,0,0,0,0,0,0,0,0,0,0,,,0,0,0,0,"Tanner Bibee",30134,676440
"Ty Madden","DET",2,0,0,0,0,0,0,0,0,0,0,0,0,0,,,0,0,0,0,"Ty Madden",30140,680744
"Doug Nikhazy","CHW",1,0,0,0,0,0,0,0,0,0,0,0,0,0,,,0,0,0,0,"Doug Nikhazy",30142,680951
"Dylan Smith","SFG",1,0,0,0,0,0,0,0,0,0,0,0,0,0,,,0,0,0,0,"Dylan Smith",30145,681916
"Jack Leiter","TEX",8,0,0,0,0,0,0,0,0,0,0,0,0,0,,,0,0,0,0,"Jack Leiter",30146,683004
"Carlos Rodriguez","MIL",2,0,0,0,0,0,0,0,0,0,0,0,0,0,,,0,0,0,0,"Carlos Rodriguez",30161,692230
"Chase Petty","CIN",1,0,0,0,0,0,0,0,0,0,0,0,0,0,,,0,0,0,0,"Chase Petty",30170,695534
"Mason Black","KCR",4,0,0,0,0,0,0,0,0,0,0,0,0,0,,,0,0,0,0,"Mason Black",30171,696131
"Travis Adams","MIN",1,0,0,0,0,0,0,0,0,0,0,0,0,0,,,0,0,0,0,"Travis Adams",30180,701519
"Will Warren","NYY",8,0,0,0,0,0,0,0,0,0,0,0,0,0,,,0,0,0,0,"Will Warren",30182,701542
"Noah Cameron","KCR",7,0,0,0,0,0,0,0,0,0,0,0,0,0,,,0,0,0,0,"Noah Cameron",30184,702070
"Franco Aleman","CLE",1,0,0,0,0,0,0,0,0,0,0,0,0,0,,,0,0,0,0,"Franco Aleman",30195,680916
"Carter Baumler","TEX",4,0,0,0,0,0,0,0,0,0,0,0,0,0,,,0,0,0,0,"Carter Baumler",30231,691945
"Hunter Dobbins","STL",1,0,0,0,0,0,0,0,0,0,0,0,0,0,,,0,0,0,0,"Hunter Dobbins",30240,690928
"Jack Dreyer","LAD",18,0,0,0,0,0,0,0,0,0,0,0,0,0,,,0,0,0,0,"Jack Dreyer",30249,676263
"Jaden Hill","COL",16,0,0,0,0,0,0,0,0,0,0,0,0,0,,,0,0,0,0,"Jaden Hill",30250,677955
"Bryan Woo","SEA",8,0,0,0,0,0,0,0,0,0,0,0,0,0,,,0,0,0,0,"Bryan Woo",30279,693433
"Didier Fuentes","ATL",6,0,0,0,0,0,0,0,0,0,0,0,0,0,,,0,0,0,0,"Didier Fuentes",30661,800311
"Justin Wrobleski","LAD",7,0,0,0,0,0,0,0,0,0,0,0,0,0,,,0,0,0,0,"Justin Wrobleski",31204,680736
"Chris Roycroft","STL",5,0,0,0,0,0,0,0,0,0,0,0,0,0,,,0,0,0,0,"Chris Roycroft",31261,688297
"Eduardo Rivera","BOS",1,0,0,0,0,0,0,0,0,0,0,0,0,0,,,0,0,0,0,"Eduardo Rivera",31280,700842
"Colton Gordon","HOU",4,0,0,0,0,0,0,0,0,0,0,0,0,0,,,0,0,0,0,"Colton Gordon",31312,676467
"Jack Perkins","ATH",10,0,0,0,0,0,0,0,0,0,0,0,0,0,,,0,0,0,0,"Jack Perkins",31468,678022
"Logan Henderson","MIL",3,0,0,0,0,0,0,0,0,0,0,0,0,0,,,0,0,0,0,"Logan Henderson",31475,701656
"Zach Agnos","COL",12,0,0,0,0,0,0,0,0,0,0,0,0,0,,,0,0,0,0,"Zach Agnos",31552,688642
"Mason Fluharty","TOR",21,0,0,0,0,0,0,0,0,0,0,0,0,0,,,0,0,0,0,"Mason Fluharty",31553,689254
"Paul Gervase","LAD",1,0,0,0,0,0,0,0,0,0,0,0,0,0,,,0,0,0,0,"Paul Gervase",31571,801434
"Zach Maxwell","CIN",1,0,0,0,0,0,0,0,0,0,0,0,0,0,,,0,0,0,0,"Zach Maxwell",31610,687209
"William Kempner","MIA",1,0,0,0,0,0,0,0,0,0,0,0,0,0,,,0,0,0,0,"William Kempner",31615,687531
"David Morgan","SDP",11,0,0,0,0,0,0,0,0,0,0,0,0,0,,,0,0,0,0,"David Morgan",31616,688158
"Spencer Miles","TOR",12,0,0,0,0,0,0,0,0,0,0,0,0,0,,,0,0,0,0,"Spencer Miles",31621,693686
"Jacob Misiorowski","MIL",8,0,0,0,0,0,0,0,0,0,0,0,0,0,,,0,0,0,0,"Jacob Misiorowski",31623,694819
"Brian Fitzpatrick","MIL",3,0,0,0,0,0,0,0,0,0,0,0,0,0,,,0,0,0,0,"Brian Fitzpatrick",31624,702153
"Shane Smith","CHW",3,0,0,0,0,0,0,0,0,0,0,0,0,0,,,0,0,0,0,"Shane Smith",31687,681343
"Blade Tidwell","SFG",8,0,0,0,0,0,0,0,0,0,0,0,0,0,,,0,0,0,0,"Blade Tidwell",31701,694918
"Jonathan Cannon","CHW",1,0,0,0,0,0,0,0,0,0,0,0,0,0,,,0,0,0,0,"Jonathan Cannon",31730,686563
"Mason Barnett","ATH",1,0,0,0,0,0,0,0,0,0,0,0,0,0,,,0,0,0,0,"Mason Barnett",31741,686930
"Mason Miller","SDP",18,0,0,0,0,0,0,0,0,0,0,0,0,0,,,0,0,0,0,"Mason Miller",31757,695243
"JR Ritchie","ATL",3,0,0,0,0,0,0,0,0,0,0,0,0,0,,,0,0,0,0,"JR Ritchie",31760,702275
"AJ Blubaugh","HOU",16,0,0,0,0,0,0,0,0,0,0,0,0,0,,,0,0,0,0,"AJ Blubaugh",31764,805123
"Orion Kerkering","PHI",16,0,0,0,0,0,0,0,0,0,0,0,0,0,,,0,0,0,0,"Orion Kerkering",31776,689147
"Elmer Rodríguez","NYY",2,0,0,0,0,0,0,0,0,0,0,0,0,0,,,0,0,0,0,"Elmer Rodriguez",31811,695684
"Cade Gibson","MIA",1,0,0,0,0,0,0,0,0,0,0,0,0,0,,,0,0,0,0,"Cade Gibson",31815,806188
"Kodai Senga","NYM",5,0,0,0,0,0,0,0,0,0,0,0,0,0,,,0,0,0,0,"Kodai Senga",31838,673540
"Kumar Rocker","TEX",7,0,0,0,0,0,0,0,0,0,0,0,0,0,,,0,0,0,0,"Kumar Rocker",31843,677958
"Connor Prielipp","MIN",4,0,0,0,0,0,0,0,0,0,0,0,0,0,,,0,0,0,0,"Connor Prielipp",31857,687570
"Peyton Pallette","CLE",13,0,0,0,0,0,0,0,0,0,0,0,0,0,,,0,0,0,0,"Peyton Pallette",31865,688883
"Matt Pushard","STL",1,0,0,0,0,0,0,0,0,0,0,0,0,0,,,0,0,0,0,"Matt Pushard",31870,690155
"Cade Horton","CHC",2,0,0,0,0,0,0,0,0,0,0,0,0,0,,,0,0,0,0,"Cade Horton",31872,690990
"Trevor Martin","TBR",3,0,0,0,0,0,0,0,0,0,0,0,0,0,,,0,0,0,0,"Trevor Martin",31878,694680
"Alex Hoppe","SEA",4,0,0,0,0,0,0,0,0,0,0,0,0,0,,,0,0,0,0,"Alex Hoppe",31880,695380
"Logan VanWey","HOU",2,0,0,0,0,0,0,0,0,0,0,0,0,0,,,0,0,0,0,"Logan VanWey",31884,701121
"Duncan Davitt","CHW",1,0,0,0,0,0,0,0,0,0,0,0,0,0,,,0,0,0,0,"Duncan Davitt",31886,701474
"Andrew Morris","MIN",9,0,0,0,0,0,0,0,0,0,0,0,0,0,,,0,0,0,0,"Andrew Morris",31891,702193
"Robby Snelling","MIA",1,0,0,0,0,0,0,0,0,0,0,0,0,0,,,0,0,0,0,"Robby Snelling",31893,702281
"Tyler Schweitzer","CHW",2,0,0,0,0,0,0,0,0,0,0,0,0,0,,,0,0,0,0,"Tyler Schweitzer",31920,805326
"Cameron Foster","BAL",5,0,0,0,0,0,0,0,0,0,0,0,0,0,,,0,0,0,0,"Cameron Foster",31942,671382
"Riley Cornelio","WSN",1,0,0,0,0,0,0,0,0,0,0,0,0,0,,,0,0,0,0,"Riley Cornelio",31953,683000
"Jake Bennett","BOS",2,0,0,0,0,0,0,0,0,0,0,0,0,0,,,0,0,0,0,"Jake Bennett",31959,687562
"Brad Lord","WSN",12,0,0,0,0,0,0,0,0,0,0,0,0,0,,,0,0,0,0,"Brad Lord",31972,695418
"Parker Messick","CLE",8,0,0,0,0,0,0,0,0,0,0,0,0,0,,,0,0,0,0,"Parker Messick",31986,800048
"Noah Schultz","CHW",5,0,0,0,0,0,0,0,0,0,0,0,0,0,,,0,0,0,0,"Noah Schultz",32056,702273
"Cam Schlittler","NYY",9,0,0,0,0,0,0,0,0,0,0,0,0,0,,,0,0,0,0,"Cam Schlittler",32095,693645
"John Klein","MIN",2,0,0,0,0,0,0,0,0,0,0,0,0,0,,,0,0,0,0,"John Klein",32155,804619
"Luis Morales","ATH",3,0,0,0,0,0,0,0,0,0,0,0,0,0,,,0,0,0,0,"Luis Morales",32227,806960
"Brendan Beck","NYY",1,0,0,0,0,0,0,0,0,0,0,0,0,0,,,0,0,0,0,"Brendan Beck",33043,694341
"Hunter Barco","PIT",5,0,0,0,0,0,0,0,0,0,0,0,0,0,,,0,0,0,0,"Hunter Barco",33174,682995
"Seth Halvorsen","COL",3,0,0,0,0,0,0,0,0,0,0,0,0,0,,,0,0,0,0,"Seth Halvorsen",33294,678020
"George Klassen","LAA",2,0,0,0,0,0,0,0,0,0,0,0,0,0,,,0,0,0,0,"George Klassen",33464,691946
"Chase Dollander","COL",9,0,0,0,0,0,0,0,0,0,0,0,0,0,,,0,0,0,0,"Chase Dollander",33482,801403
"Brandyn Garcia","ARI",5,0,0,0,0,0,0,0,0,0,0,0,0,0,,,0,0,0,0,"Brandyn Garcia",33568,805299
"Mitch Farris","LAA",6,0,0,0,0,0,0,0,0,0,0,0,0,0,,,0,0,0,0,"Mitch Farris",33628,815083
"Connelly Early","BOS",8,0,0,0,0,0,0,0,0,0,0,0,0,0,,,0,0,0,0,"Connelly Early",33666,813349
"Paul Skenes","PIT",8,0,0,0,0,0,0,0,0,0,0,0,0,0,,,0,0,0,0,"Paul Skenes",33677,694973
"Nolan McLean","NYM",8,0,0,0,0,0,0,0,0,0,0,0,0,0,,,0,0,0,0,"Nolan McLean",33703,690997
"Josh Ekness","MIA",4,0,0,0,0,0,0,0,0,0,0,0,0,0,,,0,0,0,0,"Josh Ekness",33785,694795
"Trey Gibson","BAL",2,0,0,0,0,0,0,0,0,0,0,0,0,0,,,0,0,0,0,"Trey Gibson",33794,694346
"Philip Abner","ARI",1,0,0,0,0,0,0,0,0,0,0,0,0,0,,,0,0,0,0,"Philip Abner",33821,691769
"Yoshinobu Yamamoto","LAD",7,0,0,0,0,0,0,0,0,0,0,0,0,0,,,0,0,0,0,"Yoshinobu Yamamoto",33825,808967
"Yuki Matsui","SDP",1,0,0,0,0,0,0,0,0,0,0,0,0,0,,,0,0,0,0,"Yuki Matsui",33826,673513
"Shota Imanaga","CHC",8,0,0,0,0,0,0,0,0,0,0,0,0,0,,,0,0,0,0,"Shota Imanaga",33829,684007
"Yariel Rodríguez","TOR",1,0,0,0,0,0,0,0,0,0,0,0,0,0,,,0,0,0,0,"Yariel Rodriguez",33838,684320
"Brandon Sproat","MIL",7,0,0,0,0,0,0,0,0,0,0,0,0,0,,,0,0,0,0,"Brandon Sproat",33850,687075
"Rhett Lowder","CIN",8,0,0,0,0,0,0,0,0,0,0,0,0,0,,,0,0,0,0,"Rhett Lowder",33876,695076
"José Fermin","LAA",6,0,0,0,0,0,0,0,0,0,0,0,0,0,,,0,0,0,0,"Jose Fermin",33908,820862
"Grant Taylor","CHW",15,0,0,0,0,0,0,0,0,0,0,0,0,0,,,0,0,0,0,"Grant Taylor",33927,691799
"Tyler Davis","CHW",6,0,0,0,0,0,0,0,0,0,0,0,0,0,,,0,0,0,0,"Tyler Davis",34847,699823
"Tomoyuki Sugano","COL",8,0,0,0,0,0,0,0,0,0,0,0,0,0,,,0,0,0,0,"Tomoyuki Sugano",35321,608372
"Roki Sasaki","LAD",7,0,0,0,0,0,0,0,0,0,0,0,0,0,,,0,0,0,0,"Roki Sasaki",35323,808963
"Ryan Johnson","LAA",1,0,0,0,0,0,0,0,0,0,0,0,0,0,,,0,0,0,0,"Ryan Johnson",35325,696270
"Chase Burns","CIN",8,0,0,0,0,0,0,0,0,0,0,0,0,0,,,0,0,0,0,"Chase Burns",35333,695505
"Trey Yesavage","TOR",3,0,0,0,0,0,0,0,0,0,0,0,0,0,,,0,0,0,0,"Trey Yesavage",35456,702056
"Payton Tolle","BOS",4,0,0,0,0,0,0,0,0,0,0,0,0,0,,,0,0,0,0,"Payton Tolle",35466,801139
"Tatsuya Imai","HOU",3,0,0,0,0,0,0,0,0,0,0,0,0,0,,,0,0,0,0,"Tatsuya Imai",37124,837227
"Kyle Farmer","ATL",9,14,0,2,3,0,0,0.214285714,0.076923077,0.363636363,0.307692307,0.285714285,0.384615384,0.2846695993627821,0.26442856448037283,77.92497795368054,-0.034645974170416594,-0.39360429010857967,-0.08823734521865845,-0.004114455314188276,"Kyle Farmer",14813,571657
"Nick Yorke","PIT",26,83,1,6,6,0,0.084337349,0.192771084,0.08219178,0.245614035,0.205479452,0.289156626,0.287671232,0.2681757944175996,0.31613837092755787,65.28587710289993,0.162826431915164,-3.1837375024788543,0.5187542587518692,-0.004690111844500043,"Nick Yorke",27504,694377
"Brett Harris","ATH",5,6,0,0,0,0,0.166666666,0.333333333,0,0,0,0.333333333,0,0.24032215277353922,0.2616858283678691,44.63665900518174,0.16556478571146727,-0.2235343217942516,-0.04206910915672779,-0.005659938465482297,"Brett Harris",29788,695391
"Petey Halpin","CLE",7,19,0,2,1,2,0.052631578,0.210526315,0,0.142857142,0.111111111,0.157894736,0.111111111,0.13199537365060104,0.236434258912739,-24.429047876332604,0.5379392583854496,-2.2313101568517837,1.4941028207540512,-0.007244642077388786,"Petey Halpin",27931,690984
"Sung-Mun Song","SDP",6,14,0,3,2,2,0.142857142,0.285714285,0.083333334,0.25,0.166666666,0.285714285,0.25,0.2566344865730831,0.31303586278642925,63.10170731818349,0.372528278734535,-0.22746881183537504,-0.31166914850473404,-0.010004870738318626,"Sung-Mun Song",37122,823550
"Jake Mangum","PIT",30,82,0,13,3,5,0.085365853,0.219512195,0.02739726,0.345454545,0.260273972,0.333333333,0.287671232,0.2856703519821167,0.28543506091154075,77.18238472985341,1.2126487083733082,-0.960547521480227,-1.7407180666923523,-0.0116645773214663,"Jake Mangum",26202,663968
"Jeremy Peña","HOU",10,46,0,5,0,1,0.065217391,0.130434782,0.093023256,0.297297297,0.255813953,0.304347826,0.348837209,0.29456496238708496,0.36038593623949133,84.58427644087398,0.15923876408487558,-0.6713928170568828,-1.0790315866470337,-0.014003810604558665,"Jeremy Pena",21636,665161
"Nick Loftin","KCR",16,50,0,8,10,0,0.16,0.1,0.12195122,0.297297297,0.268292682,0.38,0.390243902,0.34911039352416995,0.32828014373779296,117.79515010074302,0.013714064843952656,1.0559315469225523,-2.967037081718445,-0.016092333697811694,"Nick Loftin",27630,679845
"Andrés Chaparro","WSN",4,10,0,1,0,0,0.1,0.2,0.111111111,0.285714285,0.222222222,0.3,0.333333333,0.2887742638587952,0.48882508277893066,81.21086709745035,-0.21697813738137484,-0.4352117167015969,-0.053701117634773254,-0.017819085361360565,"Andres Chaparro",21797,665953
"José Fermín","STL",17,43,1,2,5,0,0.093023255,0.209302325,0.135135135,0.285714285,0.243243243,0.309523809,0.378378378,0.30670091935566496,0.2599048614501953,95.5449618496456,-0.05242668744176626,-0.27492909797826465,-1.258446753025055,-0.018130567863313508,"Jose Fermin",21746,665877
"Vidal Bruján","NYM",2,4,0,1,0,0,0.25,0,0,0,0,0.25,0,0.1762850433588028,0.23406274616718292,8.022272820695127,-0.0057676308788359165,-0.4330918448100654,0.09598160907626152,-0.021679343208593726,"Vidal Brujan",20536,660644
"Ryan Ritter","COL",6,7,0,1,0,0,0,0.428571428,0,0.25,0.142857142,0.142857142,0.142857142,0.12876942328044347,0.16585714476449148,-41.36921768630471,-0.13705444568768144,-1.2864452866049223,0.8322436567395926,-0.023983809956775463,"Ryan Ritter",31500,690022
"Jace Jung","DET",3,8,0,1,0,0,0.25,0.125,0,0.2,0.166666666,0.375,0.166666666,0.2889582887291908,0.3934377431869507,79.98310925990381,-0.01730289263650775,-0.20487717752272008,-0.32407405972480774,-0.02551847254010216,"Jace Jung",31437,690291
"José Azocar","ATL",2,2,0,0,0,1,0,0.5,0,0,0,0,0,0,0.22300000488758087,-100,0.20000000298023224,-0.3009585911242887,-0.01055651344358921,-0.025536839537977286,"Jose Azocar",18821,640492
"Luis Matos","MIL",9,21,0,1,0,0,0.047619047,0.333333333,0,0.307692307,0.2,0.238095238,0.2,0.20527066787083945,0.12991671335129512,25.16742467901804,-0.06392733054235578,-1.8891876966365804,0.9624398946762085,-0.02714263434725156,"Luis Matos",26467,682641
"Alejandro Osuna","TEX",16,40,0,3,5,0,0.15,0.2,0.03125,0.375,0.28125,0.425,0.3125,0.35491826832294465,0.33600583076477053,126.10432588682143,-0.7033764496445656,0.5197156689652696,-2.199250876903534,-0.02836169586469488,"Alejandro Osuna",27915,696030
"Isiah Kiner-Falefa","BOS",17,42,0,5,4,2,0.047619047,0.166666666,0,0.25,0.205128205,0.243902439,0.205128205,0.21027726952622577,0.2735875606536865,23.010200053375918,0.23364136274904013,-3.554002832054042,1.7846000045537949,-0.03038539729528831,"Isiah Kiner-Falefa",16512,643396
"Austin Slater","- - -",19,44,0,3,1,1,0.09090909,0.295454545,0.025641026,0.333333333,0.23076923,0.295454545,0.256410256,0.2571105659008026,0.2429091822017323,60.00852836122354,0.14686466194689274,-1.8969188905153782,0.21166303753852844,-0.030500351556582782,"Austin Slater",16153,596103
"Patrick Wisdom","SEA",1,1,0,0,0,0,0,1,0,0,0,0,0,0,0,-100,0,-0.24378147841536624,-0.10802468657493591,-0.032560220596926544,"Patrick Wisdom",13602,621550
"Isaac Collins","KCR",35,128,3,15,13,2,0.1328125,0.2890625,0.120370371,0.333333333,0.24074074,0.3515625,0.361111111,0.3279887121170759,0.3048124611377716,103.55307882767231,-1.0856927400454879,-0.5529696681970009,-4.293850421905518,-0.036507376976788214,"Isaac Collins",25477,686555
"Zack Short","DET",4,9,0,1,0,0,0.333333333,0.222222222,0,0,0,0.333333333,0,0.23504672447840372,0.3765281041463216,43.63125233602463,-0.01730289263650775,-0.6115507021027224,-0.06717641651630402,-0.037308734531440985,"Zack Short",19562,670097
"Addison Barger","TOR",9,28,0,2,2,0,0.178571428,0.25,0.045454545,0.0625,0.045454545,0.214285714,0.09090909,0.171675620334489,0.25668767520359587,1.7497658127294924,-0.27078812988474965,-3.4931797489949488,2.1249729096889496,-0.03964668351971197,"Addison Barger",24598,680718
"Sal Frelick","MIL",37,139,3,17,10,1,0.115107913,0.100719424,0.094017094,0.215686274,0.213675213,0.308823529,0.307692307,0.28277359273698593,0.30011576899775755,77.87033719229967,-0.10394744016230106,-3.676712299894592,-1.1015498638153076,-0.04026087171698235,"Sal Frelick",29622,686217
"Randal Grichuk","- - -",22,46,2,10,5,0,0.02173913,0.260869565,0.23255814,0.233333333,0.209302325,0.239130434,0.441860465,0.2924177193123361,0.37804598393647565,83.29672042138439,0.36383822886273265,-0.5361695763774474,-1.5147988805547357,-0.04490159203065802,"Randal Grichuk",10243,545341
"Derek Hill","CHW",30,49,2,6,3,4,0.102040816,0.306122448,0.139534884,0.307692307,0.232558139,0.3125,0.372093023,0.31077180926998454,0.32547350132719,94.68529241769136,-0.10896836267784238,-0.4140121246353632,-1.7504279017448425,-0.045744303087847674,"Derek Hill",16947,656537
"Tanner Murray","CHW",13,33,1,2,3,0,0.06060606,0.212121212,0.107142857,0.238095238,0.214285714,0.28125,0.321428571,0.25932231833857877,0.2756811265022524,59.99357906942628,0.28848147252574563,-1.2579487680232686,-0.3592676743865013,-0.0472082961192632,"Tanner Murray",28848,695020
"Bo Bichette","NYM",40,175,2,16,16,1,0.062857142,0.171428571,0.067901234,0.257575757,0.222222222,0.268571428,0.290123456,0.2541890035356794,0.31896434238978794,60.997894124421094,-0.4307595379650593,-8.358345189840977,2.3686333894729614,-0.048006357772977945,"Bo Bichette",19612,666182
"Jared Oliva","SFG",7,7,0,1,0,1,0,0.142857142,0,0.166666666,0.142857142,0.142857142,0.142857142,0.12876942328044347,0.30785713876996723,-25.203373211092583,0.19423237210139632,-0.8237233949037008,0.11822975613176823,-0.04981817760411833,"Jared Oliva",19968,666931
"Luken Baker","ARI",3,5,0,0,0,0,0,0.6,0,0.5,0.2,0.2,0.2,0.18027719259262084,0.12280000448226928,6.419764707923373,-0.2540388726629317,-0.7975006121519097,0.14680423587560654,-0.05067351481137104,"Luken Baker",21497,663609
"Ryan Bliss","SEA",1,2,0,0,0,0,0,1,0,0,0,0,0,0,0,-100,0,-0.4875629568307325,-0.10802468657493591,-0.05401483747764774,"Ryan Bliss",29547,669208
"Jasson Domínguez","NYY",9,32,1,3,4,0,0.03125,0.125,0.166666666,0.2,0.2,0.25,0.366666666,0.2749579045921564,0.33537858724594116,71.91275318112127,-0.04004703788086772,-1.0928469566855201,-0.5559514760971069,-0.054062741354267974,"Jasson Dominguez",28080,691176
"Brett Sullivan","COL",22,68,0,2,7,0,0.058823529,0.235294117,0.096774194,0.304347826,0.225806451,0.283582089,0.322580645,0.2754588082655152,0.25210249601905027,58.38131220462886,0.7207738007418811,-2.566320271605807,-0.11831876635551453,-0.05537710065363459,"Brett Sullivan",18217,664954
"Jake Rogers","DET",13,40,0,4,4,1,0.025,0.275,0.111111111,0.222222222,0.166666666,0.2,0.277777777,0.2082896962761879,0.24017786979675293,25.5893410238158,0.16823400440625846,-3.3182031067807936,1.3698353171348572,-0.055999342527791124,"Jake Rogers",19452,668670
"Rodolfo Durán","SDP",2,6,0,0,0,0,0,0.333333333,0,0,0,0,0,0,0.3466666539510091,-100,0,-1.4733209682132973,0.7321209013462067,-0.05673343532992671,"Rodolfo Duran",20958,660710
"Victor Robles","SEA",5,13,0,0,1,1,0,0.23076923,0.076923077,0.3,0.23076923,0.23076923,0.307692307,0.2372298790858342,0.2559230877802922,51.8408857913938,0.15724847558885813,-0.576096864069655,-0.47468991577625275,-0.061128273600970784,"Victor Robles",18363,645302
"Jonathan India","KCR",17,58,2,8,8,0,0.137931034,0.224137931,0.145833334,0.181818181,0.166666666,0.310344827,0.3125,0.29453640456857355,0.28535750816608296,80.9966289328057,0.33196021104231477,-0.9590965489027639,-1.6754301339387894,-0.06160351191035006,"Jonathan India",21523,663697
"Tyler Tolbert","KCR",8,5,0,1,0,1,0,0.2,0,0.25,0.2,0.2,0.2,0.18027719259262084,0.2240000009536743,3.9531488611924273,-0.21878630807623267,-0.781308718894709,-0.027337083593010902,-0.06509566386745336,"Tyler Tolbert",25779,686475
"Tyler Freeman","COL",25,93,2,8,12,4,0.032258064,0.129032258,0.1,0.303030303,0.275,0.355555555,0.375,0.33600675927268137,0.33173933993564564,99.55464044095457,-0.9333072658628225,-0.9814142979317946,-2.6210612058639526,-0.0686259275142714,"Tyler Freeman",22532,671289
"Eli White","ATL",26,62,2,8,10,1,0.032258064,0.193548387,0.152542373,0.260869565,0.237288135,0.258064516,0.389830508,0.2823980450630188,0.2732661462599231,76.38029395967187,0.22100557573139668,-1.4799031737102228,-1.1611917316913605,-0.07036699618754513,"Eli White",19346,642201
"Leo Rivas","SEA",35,112,0,8,7,2,0.125,0.303571428,0.043478261,0.220338983,0.141304347,0.272727272,0.184782608,0.22983361211690037,0.23963732285933062,46.8536804976507,1.0395302292890847,-5.932799392826436,1.313317060470581,-0.0708576049338454,"Leo Rivas",21009,660844
"Bryce Eldridge","SFG",5,16,1,1,1,0,0.125,0.3125,0.214285715,0.125,0.142857142,0.25,0.357142857,0.24644368489583332,0.24601672490437826,54.81652701450342,-0.011535261757671833,-0.8512164614711867,-0.3755530118942261,-0.07420879569841415,"Bryce Eldridge",33390,805811
"Caleb Durbin","BOS",38,141,1,14,14,4,0.078014184,0.134751773,0.078740157,0.196261682,0.173228346,0.255319148,0.251968503,0.23861679625003895,0.2695596694946289,42.11916925267838,0.6168703977018595,-8.942748128718666,3.2403051257133484,-0.07757160193561025,"Caleb Durbin",29646,702332
"Eloy Jiménez","TOR",12,35,0,2,3,0,0.085714285,0.2,0,0.36,0.29032258,0.342857142,0.29032258,0.2922255481992449,0.25676438467843193,83.03499266198719,-0.5057890098541975,-1.2013076759974683,-0.9722222089767456,-0.09718550363803362,"Eloy Jimenez",17484,650391
"Daniel Johnson","HOU",8,17,0,1,0,0,0.117647058,0.176470588,0,0.181818181,0.142857142,0.294117647,0.142857142,0.23234382447074442,0.34249210357666016,42.62938356011805,-0.055322342086583376,-1.1977405900216356,-0.3586814748123288,-0.09868021024248994,"Daniel Johnson",19643,669288
"Jarred Kelenic","CHW",9,27,0,0,1,0,0.148148148,0.148148148,0,0.315789473,0.260869565,0.37037037,0.260869565,0.30477320264886926,0.41555570673059533,90.64051106764485,-0.8636230761185288,-1.1596304929728425,-0.760979175567627,-0.10004472167712145,"Jarred Kelenic",22558,672284
"Marcus Semien","NYM",40,156,2,13,13,5,0.07051282,0.198717948,0.084507042,0.272727272,0.225352112,0.283870967,0.309859154,0.2709300325762841,0.29935702155618105,72.3819933752958,0.5182714220136404,-4.485895238698117,-1.419989824295044,-0.10103237159470294,"Marcus Semien",12533,543760
"Joc Pederson","TEX",37,109,2,12,8,0,0.14678899,0.229357798,0.101123595,0.276923076,0.224719101,0.339449541,0.325842696,0.3079241536079197,0.33796219432025876,94.41681397494048,0.0953986793756485,-0.6174466197533988,-4.210018634796143,-0.10306239727756228,"Joc Pederson",11899,592626
"Nick Allen","HOU",18,34,0,6,0,0,0.058823529,0.176470588,0.03125,0.269230769,0.21875,0.264705882,0.25,0.23822978314231424,0.2694559377782485,46.59820788310453,0.3737415485084057,-1.753032942426492,-0.4541252851486206,-0.10425032649716269,"Nick Allen",22277,669397
"Patrick Bailey","- - -",31,92,1,5,5,2,0.076086956,0.25,0.035294118,0.180327868,0.14117647,0.206521739,0.176470588,0.1841451733008675,0.2751072271839603,12.869148312333518,0.19900463055819273,-9.164647106233753,5.213161684572697,-0.10666110000186041,"Patrick Bailey",27478,672275
"César Prieto","STL",2,5,0,0,0,0,0,0.2,0,0,0,0,0,0,0.09679999947547913,-100,0,-1.2370739937346986,0.038831524550914764,-0.1069646286020027,"Cesar Prieto",30163,693409
"Nicky Lopez","CHC",4,5,0,1,0,0,0,0.4,0,0,0,0,0,0,0.14419999122619628,-100,0,-1.2391552389186433,0.019760352559387684,-0.10913922748526529,"Nicky Lopez",19339,670032
"Sebastián Rivero","LAA",12,23,0,0,0,0,0.04347826,0.086956521,0,0.15,0.136363636,0.173913043,0.136363636,0.14823035053584888,0.24696744006613028,-15.829151804011143,-0.0955700445920229,-3.2161291002945385,1.3366035521030426,-0.11025150856408468,"Sebastian Rivero",21735,665861
"Pavin Smith","ARI",2,8,0,1,1,0,0.25,0.25,0,0.25,0.166666666,0.375,0.166666666,0.2889582887291908,0.26243776082992554,80.32420523614302,-0.9359320621006191,-1.1187577045422208,-0.21604937314987183,-0.11127106183401447,"Pavin Smith",19892,656976
"Kyle Higashioka","TEX",19,66,1,5,5,0,0.09090909,0.303030303,0.066666667,0.307692307,0.216666666,0.287878787,0.283333333,0.2654156404914278,0.28291676261208276,65.75388407609239,-0.5225956090725958,-3.1701320821793577,-0.2662314176559448,-0.11517630429729771,"Kyle Higashioka",5517,543309
"César Salazar","HOU",2,6,0,0,0,0,0,0,0,0.166666666,0.166666666,0.166666666,0.166666666,0.15023099382718405,0.32483331362406415,-12.738215444873683,-0.0057676308788359165,-0.7981031045543403,-0.5366713851690292,-0.11557731439163331,"Cesar Salazar",21587,663967
"Logan O'Hoppe","LAA",26,93,1,9,8,0,0.118279569,0.247311827,0.051282051,0.272727272,0.205128205,0.322580645,0.256410256,0.2791147232055664,0.28954458236694336,72.4244549125068,-0.9640086349099874,-3.9679658878644135,-0.42208990454673767,-0.11581595900088795,"Logan O'Hoppe",24729,681351
"Jared Triolo","PIT",13,39,0,2,2,0,0.051282051,0.179487179,0.055555556,0.24137931,0.194444444,0.256410256,0.25,0.23631886946849334,0.2587201720789859,43.622788497733026,0.3627304546535015,-2.191046923790457,-0.19620446860790253,-0.11889190457518041,"Jared Triolo",25807,669707
"Gavin Sheets","SDP",36,118,5,13,13,2,0.059322033,0.220338983,0.218181818,0.227848101,0.209090909,0.262711864,0.427272727,0.30310882905782277,0.30763238163317663,94.70481404371301,0.4489191076718271,-0.27681588003207414,-4.652554750442505,-0.12392850642044903,"Gavin Sheets",19901,657757
"Jim Jarvis","ATL",2,5,0,0,0,0,0,0.4,0,0.333333333,0.2,0.2,0.2,0.18027719259262084,0.17720000743865966,6.936897303037743,-0.005791990837678895,-0.5462505130467459,-0.8417222499847412,-0.126470072433771,"Jim Jarvis",33492,805347
"Scott Kingery","CHC",8,4,0,2,0,1,0,0,0,0.25,0.25,0.25,0.25,0.22534649074077606,0.15600000321865082,39.864605312585304,0.39563837414607406,0.11625214606339479,-1.4911595582962036,-0.12837129062748034,"Scott Kingery",17975,664068
"Zach Dezenzo","HOU",5,9,1,1,2,0,0,0.222222222,0.333333333,0,0.111111111,0.111111111,0.444444444,0.2322365707821316,0.3153333134121365,42.55706381207894,0,-0.6055720663241762,-1.0501089170575142,-0.13774561442502986,"Zach Dezenzo",31562,701305
"Shay Whitcomb","HOU",12,16,1,1,4,0,0.0625,0.5625,0.2,0.2,0.133333333,0.1875,0.333333333,0.23104095458984375,0.21457819640636444,41.75087557840536,-0.011535261757671833,-1.1032170819259235,-0.8204571306705475,-0.14004361695214582,"Shay Whitcomb",27789,694376
"Joey Ortiz","MIL",31,94,0,13,9,4,0.085106382,0.212765957,0.012048193,0.234375,0.180722891,0.25,0.192771084,0.2124102322951607,0.26204355903293775,30.022413569925032,-0.5282507752999663,-8.168396642461278,3.750959277153015,-0.14916461404750597,"Joey Ortiz",25493,687401
"Dylan Carlson","CHC",3,4,0,1,0,0,0,0.5,0,0,0,0,0,0,0.06949999928474426,-100,0.0608527734875679,-0.9304714176473468,-0.6531073600053787,-0.1498239933822853,"Dylan Carlson",20126,666185
"Spencer Jones","NYY",4,12,0,0,1,0,0.083333333,0.5,0,0.2,0.09090909,0.166666666,0.09090909,0.13387717803319296,0.19210424025853476,-23.216120518986276,-0.02492282446473837,-1.7568733051534635,-0.14780402928590775,-0.1525211084969434,"Spencer Jones",31532,682987
"Sam Haggerty","TEX",24,32,0,2,1,1,0.03125,0.40625,0,0.294117647,0.166666666,0.21875,0.166666666,0.18590196035802364,0.17162859439849854,12.138857989024253,0.20026700058951974,-3.093049847862343,0.47078970074653625,-0.15414060665575874,"Sam Haggerty",18054,664059
"Drew Gilbert","SFG",23,72,2,7,7,0,0.069444444,0.194444444,0.107692308,0.265306122,0.23076923,0.295774647,0.338461538,0.28336371098245894,0.2617517001387002,79.92258473028691,-0.16030103201046586,-1.8393181951673923,-1.9568768441677094,-0.15667424277085634,"Drew Gilbert",31545,687551
"Eugenio Suárez","CIN",25,100,3,10,11,0,0.09,0.3,0.131868132,0.310344827,0.23076923,0.3,0.362637362,0.29981087923049926,0.2727037016878423,83.77919461151667,0.22378331795334816,-1.6602442408197882,-3.055180549621582,-0.1603330575484987,"Eugenio Suarez",12552,553993
"Kerry Carpenter","DET",37,117,6,11,17,0,0.094017094,0.341880341,0.235294118,0.275862068,0.215686274,0.299145299,0.450980392,0.3281717509286016,0.301599042168979,106.42422977222716,-0.3973628715611994,0.48306467317232016,-6.191901922225952,-0.1648118962205172,"Kerry Carpenter",25961,681481
"Brent Rooker","ATH",24,103,5,9,18,2,0.106796116,0.330097087,0.177777778,0.226415094,0.188888888,0.27184466,0.366666666,0.28135793641501783,0.29586876763237846,72.30654683768908,0.4066020059399307,-2.934586900849972,-2.3186421617865562,-0.16847927303450747,"Brent Rooker",19627,667670
"Royce Lewis","MIN",26,101,3,10,12,2,0.0990099,0.287128712,0.136363636,0.210526315,0.170454545,0.267326732,0.306818181,0.26486631490216395,0.29636868391886795,63.234373293069,0.40404444513842463,-3.945562775186043,-1.2442946135997772,-0.1691795181617352,"Royce Lewis",20437,668904
"Billy Cook","PIT",28,21,0,5,0,2,0,0.38095238,0,0.307692307,0.19047619,0.19047619,0.19047619,0.1716925643739246,0.13857143265860422,-0.32386911987452993,-0.18865934945642948,-2.635684342145514,0.3141079246997833,-0.17053961467413437,"Billy Cook",29573,695257
"Graham Pauley","MIA",28,81,1,8,9,1,0.061728395,0.234567901,0.12,0.218181818,0.173333333,0.225,0.293333333,0.23389305993914605,0.1972156882286072,42.5197402020878,-0.0018348353914916515,-5.409609398391399,1.181965708732605,-0.1718300725674717,"Graham Pauley",31363,688363
"Christian Koss","SFG",10,15,0,1,0,0,0,0.133333333,0.071428571,0.083333333,0.071428571,0.133333333,0.142857142,0.13453394969304402,0.1579909324645996,-21.283426554518176,-0.0008031795732676983,-2.1138423836566633,-0.05199921876192093,-0.17399561643211287,"Christian Koss",27653,683766
"Dylan Moore","PHI",15,15,0,3,0,1,0.2,0.4,0,0,0,0.2,0,0.14102803468704223,0.2342501958211263,-20.901059493664707,0.2611238812096417,-1.845253599892417,-0.353555291891098,-0.17738485701121345,"Dylan Moore",18042,664238
"CJ Kayfus","CLE",9,25,1,4,2,0,0.08,0.32,0.181818182,0.23076923,0.181818181,0.28,0.363636363,0.292847626209259,0.3051346397399902,84.03150510809768,0.17375174490734935,-0.293865680194576,-2.3369181752204895,-0.18027024994013413,"CJ Kayfus",33704,692216
"Adrian Del Castillo","ARI",25,90,3,7,16,0,0.055555555,0.322222222,0.154761905,0.264150943,0.202380952,0.244444444,0.357142857,0.26594237685203553,0.2549691575296809,64.67311087847754,-0.14870588248595595,-3.8415650204257723,-0.8344427421689034,-0.18872491208658046,"Adrian Del Castillo",29554,680728
"Andrew McCutchen","TEX",27,62,1,6,5,0,0.096774193,0.306451612,0.090909091,0.305555555,0.218181818,0.29032258,0.309090909,0.2741270459467365,0.25481460940453315,71.62786991045184,-0.2612589946947992,-2.3217481151297474,-1.6934122443199158,-0.1891106772847801,"Andrew McCutchen",9847,457705
"Johnathan Rodríguez","BAL",5,11,0,0,1,0,0.272727272,0.363636363,0,0,0,0.272727272,0,0.19231095639142123,0.33161390911449085,16.49907059602502,-0.01730289263650775,-1.0931998723433556,-1.215086743235588,-0.19762225264740946,"Johnathan Rodriguez",22530,671286
"Tyler O'Neill","BAL",22,67,1,10,5,0,0.134328358,0.223880597,0.053571429,0.225,0.178571428,0.313432835,0.232142857,0.26899178882143393,0.2964028031078737,68.20394482918324,-0.4591436255723238,-2.9545124119677526,-1.3697153329849243,-0.202846600151248,"Tyler O'Neill",15711,641933
"Sean Murphy","ATL",4,14,0,1,0,0,0,0.428571428,0,0.125,0.071428571,0.071428571,0.071428571,0.06438471164022173,0.13250000136239187,-71.87137083819961,-0.0057676308788359165,-2.800539826558247,0.3194556199014187,-0.2096489163130816,"Sean Murphy",19352,669221
"Zach McKinstry","DET",19,62,1,2,5,1,0.096774193,0.209677419,0.107142857,0.214285714,0.178571428,0.258064516,0.285714285,0.25117637841932233,0.24383074237454322,54.507265310984764,-0.8326614629477262,-4.136512269697015,-0.0837727040052414,-0.21019875215504155,"Zach McKinstry",19392,656716
"Santiago Espinal","LAD",20,34,0,3,2,0,0,0.147058823,0.0625,0.222222222,0.1875,0.1875,0.25,0.1927492767572403,0.265562504529953,16.405449843308336,-0.8990631196647882,-4.200262230646781,1.0800136402249336,-0.21047061921298654,"Santiago Espinal",19997,669289
"Ramón Urías","STL",25,68,2,9,5,0,0.088235294,0.176470588,0.157894737,0.159090909,0.157894736,0.279411764,0.315789473,0.2765803477343391,0.3067494280198041,75.06261419953556,-0.4534123530611396,-2.4229971090147138,-1.7870008498430252,-0.21219340105273882,"Ramon Urias",18795,602104
"Mike Yastrzemski","ATL",38,125,0,15,6,1,0.064,0.248,0.052173913,0.273809523,0.2,0.264,0.252173913,0.24070067405700685,0.26298989868164063,48.0255847669663,0.3114702794700861,-7.2344890845203444,1.1341147422790527,-0.22160398924336686,"Mike Yastrzemski",14854,573262
"Alec Bohm","PHI",37,149,3,10,20,0,0.073825503,0.147651006,0.097744361,0.189189189,0.180451127,0.248322147,0.278195488,0.24126806835200162,0.27078708442481786,47.26335796150626,-0.5237317783758044,-9.650427649596017,2.7477669715881348,-0.22621796720422976,"Alec Bohm",21618,664761
"Reese McGuire","CHW",11,34,0,1,3,0,0.058823529,0.264705882,0,0.25,0.172413793,0.272727272,0.172413793,0.22396350448781793,0.24300696633078836,36.1515971131678,-0.05321940639987588,-2.596039584595481,-0.8040720522403717,-0.2268932911305805,"Reese McGuire",15674,624512
"James McCann","ARI",20,58,0,3,6,0,0.017241379,0.293103448,0.054545454,0.289473684,0.2,0.214285714,0.254545454,0.20999781042337418,0.19625447477613175,26.630139014184724,-0.11719854036346078,-5.059856153633903,0.9698482155799866,-0.23230185520909635,"James McCann",12859,543510
"Brett Baty","NYM",37,126,1,15,13,2,0.087301587,0.261904761,0.099099099,0.278481012,0.207207207,0.28,0.306306306,0.26731693029403686,0.28994900512695315,69.92504076593703,0.41890738578513265,-3.982488466198302,-2.254116117954254,-0.23236488112666398,"Brett Baty",26123,683146
"Jose Trevino","CIN",12,26,0,1,0,0,0.038461538,0.153846153,0.041666666,0.15,0.125,0.16,0.166666666,0.15156514406204225,0.21105003356933594,-17.029671951183087,-0.16799894673749804,-3.7021423931384856,0.6146638095378876,-0.23305699489043974,"Jose Trevino",16725,624431
"Yoán Moncada","LAA",36,118,3,9,9,0,0.127118644,0.355932203,0.118811882,0.285714285,0.188118811,0.305084745,0.306930693,0.2868199959649878,0.2719016441932091,77.62001873638268,-0.16143419174477458,-3.254779620762573,-3.156618071720004,-0.23343181892452597,"Yoan Moncada",17232,660162
"Andruw Monasterio","BOS",20,63,1,7,9,1,0.079365079,0.19047619,0.137931034,0.288888888,0.24137931,0.301587301,0.379310344,0.30528571775981356,0.33379769703698536,87.0731439642779,-0.5814676065929234,-1.5354056202266024,-2.951683670282364,-0.23402025875054244,"Andruw Monasterio",19455,655316
"Josh Smith","TEX",31,108,0,6,6,2,0.129629629,0.185185185,0.02173913,0.273972602,0.217391304,0.324074074,0.239130434,0.26814014332316743,0.3065821693057106,67.59098041162783,0.21626274287700653,-3.883666319690268,-2.2408321499824524,-0.2400130295032594,"Josh Smith",26396,669701
"Mark Vientos","NYM",32,116,5,11,16,0,0.060344827,0.224137931,0.185185185,0.256410256,0.231481481,0.275862068,0.416666666,0.30442671426411333,0.34738583400331696,95.16013610381657,-1.0292126750573516,-1.6813003255515686,-4.318492889404297,-0.24046338050343535,"Mark Vientos",22184,668901
"Rafael Devers","SFG",41,168,5,16,18,0,0.071428571,0.291666666,0.149350649,0.31372549,0.24025974,0.291666666,0.389610389,0.2975002563143351,0.27638489694306345,89.53560402152841,-0.6561211245134473,-2.698039062277061,-4.944765329360962,-0.24066538451764796,"Rafael Devers",17350,646240
"Luis García Jr.","WSN",36,122,1,16,19,2,0.032786885,0.155737704,0.11965812,0.295918367,0.256410256,0.278688524,0.376068376,0.2881397761282374,0.3117167154947917,80.77940787946483,-0.33683833107352257,-3.0604264481973766,-3.1500662565231323,-0.2426580861474294,"Luis Garcia Jr.",20391,671277
"Rhys Hoskins","CLE",33,118,3,16,14,0,0.194915254,0.27118644,0.163043478,0.237288135,0.184782608,0.347457627,0.347826086,0.32308297339132275,0.30782741611286746,104.41880104507555,-2.1008177548646927,-1.4900541508421674,-5.0158727169036865,-0.2431500008825494,"Rhys Hoskins",16472,656555
"James Outman","MIN",30,35,0,6,0,4,0.057142857,0.371428571,0.06060606,0.2,0.121212121,0.171428571,0.181818181,0.16501386506216867,0.17701433726719448,-4.0948170304956735,0.8796372320502996,-3.3879641223714385,-0.2118982970714569,-0.2438212810475955,"James Outman",24770,681546
"Christopher Morel","MIA",9,31,0,2,1,1,0.064516129,0.354838709,0,0.294117647,0.178571428,0.258064516,0.178571428,0.2146452549965151,0.23443115911176127,29.431003464523876,0.16216129437088966,-2.378755672198589,-1.0676074028015137,-0.253730449013159,"Christopher Morel",21897,666624
"Yohel Pozo","STL",10,18,0,0,3,0,0,0.055555555,0.055555555,0.117647058,0.111111111,0.111111111,0.166666666,0.12125569250848559,0.2336111068725586,-30.560002361861923,-0.032009091693907976,-2.7615995524498107,-0.314153203740716,-0.25780684194173625,"Yohel Pozo",18848,650968
"Denzel Clarke","ATH",22,60,0,4,6,2,0.066666666,0.4,0.018867925,0.310344827,0.16981132,0.228070175,0.188679245,0.19847131402868973,0.19328578880855016,16.417190263372863,0.4926836509257555,-5.381599961110199,0.7494188249111176,-0.2597594607271008,"Denzel Clarke",29858,672016
"Tyler Stephenson","CIN",33,114,2,6,7,0,0.122807017,0.289473684,0.101010101,0.261538461,0.191919191,0.289473684,0.292929292,0.2710096862232476,0.3260135310036795,64.19404014204517,-0.8547371807508171,-5.595792351476946,-0.5496703386306763,-0.2619279341516726,"Tyler Stephenson",17988,663886
"George Springer","TOR",23,97,2,5,7,1,0.092783505,0.195876288,0.127906977,0.23076923,0.197674418,0.28125,0.325581395,0.27795056998729706,0.2877512772878011,73.40956307626256,-0.46254211850464344,-3.483772905466562,-2.484567880630493,-0.26364289822561604,"George Springer",12856,543807
"Tommy Pham","NYM",9,14,0,1,0,0,0.071428571,0.5,0,0,0,0.071428571,0,0.050367155245372226,0.13751792907714844,-77.60339166307256,0.05324744572862983,-2.834732201245804,-0.24732069671154022,-0.27143220255108685,"Tommy Pham",2967,502054
"Ronny Mauricio","NYM",10,32,1,3,2,0,0,0.375,0.09375,0.315789473,0.21875,0.21875,0.3125,0.23432640358805656,0.22431249916553497,47.491089456935164,-0.16272991802543402,-2.114361436682841,-1.5667422711849213,-0.27461881637060415,"Ronny Mauricio",23698,677595
"Drew Millas","WSN",28,72,1,8,6,0,0.083333333,0.277777777,0.09375,0.232558139,0.171875,0.242857142,0.265625,0.23534744892801557,0.24155009133475167,44.87999625582494,-0.09666365990415215,-4.706192878505929,-0.2776225805282593,-0.2787689432012275,"Drew Millas",25643,686452
"Will Brennan","SFG",5,9,0,0,0,0,0,0.222222222,0,0,0,0,0,0,0.057624999433755875,-100,0,-2.2241490815022846,-0.8022335171699524,-0.2819310365924803,"Will Brennan",25660,686823
"Tyler Heineman","TOR",24,63,0,4,3,0,0.015873015,0.222222222,0,0.209302325,0.157894736,0.2,0.157894736,0.1715199887752533,0.20950812000339314,1.6448255044153266,-0.2804561387747526,-7.538581357283922,2.5834506452083588,-0.28213780220744766,"Tyler Heineman",13897,623168
"Blaze Alexander","BAL",35,96,0,8,3,3,0.0625,0.302083333,0.046511628,0.333333333,0.220930232,0.279569892,0.26744186,0.25349791652412823,0.3069717243153562,57.756631033418365,0.8172156871296465,-3.933034385956109,-2.31760510802269,-0.2962725676057982,"Blaze Alexander",23789,677942
"Jake Cronenworth","SDP",32,114,1,13,4,1,0.122807017,0.201754385,0.051546392,0.178082191,0.144329896,0.271929824,0.195876288,0.23377323150634766,0.3048869015877707,47.55578143465265,0.23208812810480595,-6.71203331397663,0.14887511730194092,-0.3048696071807873,"Jake Cronenworth",18036,630105
"Victor Caratini","MIN",30,114,1,6,13,0,0.078947368,0.201754385,0.041666667,0.236842105,0.197916666,0.289473684,0.239583333,0.2519748446188475,0.32947874905770286,54.54182486138966,-1.3616963899694383,-7.431903969414853,0.44976529479026794,-0.3065379980460425,"Victor Caratini",14968,605170
"Jorge Polanco","NYM",14,61,1,3,2,0,0.081967213,0.180327868,0.107142857,0.204545454,0.178571428,0.245901639,0.285714285,0.24373434899283236,0.2701681168352971,53.88860444690437,-0.0472999787889421,-3.314328595931049,-1.7004131525754929,-0.3176369412022477,"Jorge Polanco",13152,593871
"Kyle Manzardo","CLE",37,128,2,10,13,0,0.09375,0.3046875,0.088495575,0.301369863,0.21238938,0.296875,0.300884955,0.2770729623734951,0.3177774684635673,73.39485728032463,-1.1818231493234634,-5.170806800969047,-2.44461353123188,-0.3211365493651402,"Kyle Manzardo",29794,700932
"Rece Hinds","CIN",12,36,0,2,5,0,0.027777777,0.5,0.090909091,0.25,0.121212121,0.166666666,0.212121212,0.1718602329492569,0.1616798428928151,-3.2287696507931827,-0.1400159071199596,-4.456380181278129,0.17849525809288025,-0.3229939370657148,"Rece Hinds",27493,677956
"Juan Brito","CLE",15,56,0,7,3,0,0.071428571,0.303571428,0.078431372,0.264705882,0.176470588,0.25,0.25490196,0.23552052250930242,0.256765501839774,45.376594969207,0.005425638519227505,-3.5776294866825915,-1.568644255399704,-0.32704183755079486,"Juan Brito",26693,682877
"Carson Williams","TBR",7,25,0,4,3,0,0.04,0.36,0.043478261,0.214285714,0.130434782,0.166666666,0.173913043,0.15788035839796066,0.18996878465016684,-9.028313639648022,0.07981593953445554,-3.1129420274816613,-0.9799492657184601,-0.3305839079510121,"Carson Williams",30038,700246
"TJ Friedl","CIN",37,153,2,14,7,4,0.078431372,0.222222222,0.088888889,0.232323232,0.185185185,0.266666666,0.274074074,0.25242119312286376,0.2548397534514127,51.55364331424506,0.8562071025371552,-7.753083957071208,-0.32614850252866745,-0.3341991323285675,"TJ Friedl",19522,670770
"Jahmai Jones","DET",26,50,2,6,5,0,0.06,0.32,0.170212766,0.24137931,0.191489361,0.24,0.361702127,0.2673008322715759,0.36131507873535157,65.37977193472379,-0.4620958333835006,-2.4897160961466964,-2.5637588500976562,-0.33914728085809454,"Jahmai Jones",18872,663330
"Austin Hays","CHW",12,44,1,3,7,0,0.022727272,0.295454545,0.093023256,0.310344827,0.232558139,0.25,0.325581395,0.24610310099845709,0.28293024107467296,51.08003511884892,-0.46332848258316517,-2.9846341896542525,-1.919184923171997,-0.34540747019740764,"Austin Hays",19363,669720
"Victor Scott II","STL",38,114,1,13,5,6,0.070175438,0.263157894,0.051546392,0.253731343,0.18556701,0.252336448,0.237113402,0.22945108146310966,0.2548384036657945,43.014151494449806,0.02740258350968361,-7.518074560162856,0.5192141681909561,-0.34966247881661416,"Victor Scott II",31349,687363
"Noelvi Marte","CIN",11,31,0,2,0,1,0.064516129,0.322580645,0,0.210526315,0.137931034,0.193548387,0.137931034,0.16180078060396255,0.16050006497290828,-10.069317124339555,-0.32398839946836233,-4.287159325943884,-0.13456788659095764,-0.354003895147577,"Noelvi Marte",26517,682622
"George Valera","CLE",13,38,0,1,6,0,0.026315789,0.210526315,0.081081081,0.275862068,0.216216216,0.236842105,0.297297297,0.2383084077584116,0.19858554789894506,47.25642923304642,-0.36332474555820227,-2.7110097113561547,-2.0697150826454163,-0.3543983469798372,"George Valera",22541,671655
"Yainer Diaz","HOU",26,106,2,7,14,0,0.028301886,0.150943396,0.108910891,0.258823529,0.237623762,0.254716981,0.346534653,0.2643898365632543,0.2574316420645084,64.23758697170453,-1.0602490473538637,-5.50062123407902,-1.6930545568466187,-0.3571462931154097,"Yainer Diaz",23003,673237
"Thomas Saggese","STL",20,63,0,5,2,0,0.063492063,0.317460317,0.033898305,0.23076923,0.152542372,0.206349206,0.186440677,0.1855983402993944,0.2512540363130115,13.193764908905676,-0.3640865865163505,-6.7160254217901425,1.1809476613998413,-0.36464185732381116,"Thomas Saggese",27883,695336
"Luis Rengifo","MIL",33,124,0,12,11,2,0.088709677,0.112903225,0.072727273,0.206185567,0.181818181,0.260162601,0.254545454,0.23651277090682357,0.28659323395275677,46.412427056413726,0.35795347997918725,-7.359972520070276,-0.10601073503494263,-0.3652414208103681,"Luis Rengifo",19858,650859
"Felix Reyes","PHI",11,36,1,2,2,0,0,0.25,0.111111112,0.153846153,0.138888888,0.138888888,0.25,0.16876398689217037,0.23133333524068198,-2.0402814641385874,-0.4434802453033626,-4.7101495752469615,-0.06247210502624512,-0.3738559255820899,"Felix Reyes",28763,694025
"Greg Jones","MIL",11,22,0,0,1,1,0,0.409090909,0,0.166666666,0.095238095,0.095238095,0.095238095,0.0858462821869623,0.1747619083949498,-56.04258076942179,-0.21957877196837217,-4.206894654476203,-0.1333012580871582,-0.37482172609137526,"Greg Jones",25448,675659
"Andrew Benintendi","CHW",36,125,2,12,17,0,0.056,0.328,0.130434783,0.333333333,0.234782608,0.272,0.365217391,0.27994717931747437,0.29878028746574153,73.90065087858389,0.051833541598170996,-3.7696006372679087,-4.262999653816223,-0.3748480867107659,"Andrew Benintendi",17901,643217
"Lourdes Gurriel Jr.","ARI",16,65,0,4,4,0,0.092307692,0.184615384,0.033898305,0.255319148,0.20338983,0.276923076,0.237288135,0.2431866719172551,0.2865923954890324,49.19896034251966,0.142856664955616,-3.6924561745679374,-2.0131542682647705,-0.37568483475749836,"Lourdes Gurriel Jr.",19238,666971
"Tim Tawa","ARI",20,54,1,3,6,0,0.111111111,0.203703703,0.108695652,0.171428571,0.152173913,0.245283018,0.260869565,0.23564051007324793,0.26818280953627366,44.06748036079458,-0.5355405295267701,-4.043648739345892,-1.3599883913993835,-0.3803287015027338,"Tim Tawa",29571,694374
"Lenyn Sosa","- - -",29,88,1,8,9,0,0,0.227272727,0.104651163,0.272727272,0.220930232,0.218390804,0.325581395,0.23671332995096842,0.2627471288045247,45.33455132065797,0.13333418034017086,-5.501514825364332,-1.3576761484146118,-0.38769638670451634,"Lenyn Sosa",22896,672820
"Edgar Quero","CHW",29,98,0,3,7,1,0.091836734,0.234693877,0.012345679,0.213114754,0.160493827,0.260416666,0.172839506,0.21515091508626938,0.2515036934300473,30.20938427801881,-0.18878070637583733,-8.200206223004944,0.9761402904987335,-0.3891315624725976,"Edgar Quero",28022,700337
"Jeimer Candelario","LAA",7,20,0,3,0,0,0.05,0.4,0.111111111,0.2,0.111111111,0.2,0.222222222,0.2002182960510254,0.21835575103759766,19.225634370302664,0.09653750341385603,-1.7957636120358942,-2.8382395058870316,-0.40425164896812055,"Jeimer Candelario",13621,600869
"Brenton Doyle","COL",37,107,1,16,3,8,0.093457943,0.336448598,0.06185567,0.3,0.195876288,0.271028037,0.257731958,0.2477193441346427,0.24645682481619027,39.51814602374484,0.8653920157812536,-6.651247285144638,-0.6859359443187714,-0.4071550697541497,"Brenton Doyle",25479,686668
"Rafael Marchán","PHI",17,57,1,3,2,0,0.017543859,0.210526315,0.055555555,0.073170731,0.074074074,0.122807017,0.129629629,0.12233355589080275,0.17978910814251817,-33.61352785768084,-0.24811747577041388,-9.0939787463751,3.3261324167251587,-0.4080384019807567,"Rafael Marchan",21646,665561
"Hao-Yu  Lee","DET",17,49,1,4,6,0,0.061224489,0.326530612,0.152173913,0.24137931,0.173913043,0.224489795,0.326086956,0.2448283786676368,0.27501536388786474,50.2268927799146,-0.8119485094211996,-3.668733315657818,-2.094016656279564,-0.41567274787641484,"Hao-Yu  Lee",30080,701678
"Jake Burger","TEX",39,160,6,14,21,0,0.0375,0.275,0.151315789,0.242718446,0.203947368,0.2375,0.355263157,0.26213881485164164,0.27625231742858886,63.544363753738445,-0.2215866851620376,-7.053956395075866,-2.7037447839975357,-0.42593232504296963,"Jake Burger",22275,669394
"Rob Refsnyder","SEA",25,58,2,4,4,0,0.086206896,0.258620689,0.117647059,0.138888888,0.137254901,0.206896551,0.25490196,0.2105670509667232,0.2715733626793171,33.86249235314822,-0.05412539653480053,-4.547395355399739,-1.6496777720749378,-0.4278552483338237,"Rob Refsnyder",13770,608701
"Marcell Ozuna","PIT",34,145,4,12,14,0,0.096551724,0.255172413,0.131782946,0.238636363,0.193798449,0.28275862,0.325581395,0.27659154310822487,0.3170210609973316,71.00868650321362,-0.4279912537895143,-5.310586588177044,-3.456789970397949,-0.4308999222778286,"Marcell Ozuna",10324,542303
"Jerar Encarnacion","SFG",17,35,0,1,0,0,0.028571428,0.228571428,0.029411764,0.23076923,0.176470588,0.2,0.205882352,0.1855224711554391,0.2103214536394392,13.389375671401252,-1.0917952498421073,-4.612698171944764,-0.7011985778808594,-0.4327467563124058,"Jerar Encarnacion",21871,666464
"Bo Naylor","CLE",28,90,2,4,7,0,0.066666666,0.233333333,0.095238096,0.163934426,0.142857142,0.2,0.238095238,0.20205133358637492,0.29577846960587934,22.808762186154716,0.32569336611777544,-7.811922934018455,0.29307472705841064,-0.4482979729788126,"Bo Naylor",21865,666310
"Nick Castellanos","SDP",25,78,2,5,13,1,0.051282051,0.256410256,0.136986302,0.23076923,0.191780821,0.23076923,0.328767123,0.24196925333568028,0.3026201817896459,53.1291739507968,-0.02911862311884761,-4.275432056645931,-2.604470729827881,-0.4542319084142651,"Nick Castellanos",11737,592206
"Josh Bell","MIN",39,158,3,21,20,0,0.088607594,0.221518987,0.105633802,0.266666666,0.218309859,0.29113924,0.323943661,0.28099324544773824,0.31415429899964153,74.10854991845775,-0.6537682530470192,-5.445584492703327,-4.5869704484939575,-0.4614042300358241,"Josh Bell",13145,605137
"Trevor Story","BOS",38,165,2,15,18,4,0.042424242,0.333333333,0.083870967,0.29,0.2,0.236363636,0.283870967,0.23425478140513104,0.24193709402373342,39.17792015806294,0.7670466052368283,-10.98820434858915,0.6232799291610718,-0.4703205078199725,"Trevor Story",12564,596115
"Josh Lowe","LAA",37,111,4,7,10,1,0.045045045,0.288288288,0.126213592,0.19117647,0.165048543,0.209090909,0.291262135,0.22473507469350643,0.25228290557861327,35.75697494317197,0.09059288259595633,-8.262275827680213,-0.2968173027038574,-0.47948150329499234,"Josh Lowe",19953,666139
"Austin Wynns","ATH",14,43,0,3,0,0,0.069767441,0.232558139,0,0.103448275,0.076923076,0.142857142,0.076923076,0.11475186688559395,0.2851369721548898,-40.03372906322874,-0.1728465696796775,-7.226072630058047,0.9900993406772614,-0.4859687537673065,"Austin Wynns",15271,642851
"Coby Mayo","BAL",35,113,4,11,15,1,0.079646017,0.31858407,0.145631068,0.203125,0.165048543,0.230088495,0.310679611,0.2439317455333946,0.2676394639816959,51.30628806902489,0.2690496747381985,-6.176174381989045,-2.6118313372135162,-0.4957998847311931,"Coby Mayo",28312,691723
"Lawrence Butler","ATH",37,133,3,14,12,4,0.120300751,0.270676691,0.102564103,0.23076923,0.179487179,0.278195488,0.282051282,0.2591812800277363,0.3063694347034801,57.353119845840695,-0.5271057887002826,-7.171044238842767,-2.327969014644623,-0.4967434037369447,"Lawrence Butler",22542,671732
"Andy Ibáñez","- - -",14,26,0,1,5,0,0.038461538,0.115384615,0,0.09090909,0.086956521,0.115384615,0.086956521,0.09645815766774692,0.16389426589012146,-47.01219756359373,-0.01730289263650775,-4.588938488406766,-1.15293338149786,-0.4994072957841229,"Andy Ibanez",18819,628451
"Tyrone Taylor","NYM",32,76,2,4,10,0,0.026315789,0.171052631,0.112676056,0.214285714,0.197183098,0.219178082,0.309859154,0.23516207198574118,0.2525137287296661,48.05935392604199,-0.09277021698653698,-4.677732601585862,-2.6142099499702454,-0.5030809699516986,"Tyrone Taylor",13675,621438
"Blake Perkins","MIL",21,56,0,6,7,1,0.089285714,0.232142857,0.06122449,0.166666666,0.122448979,0.218181818,0.183673469,0.19655092737891458,0.2221294403076172,19.237897231142693,0.14933296956587583,-5.103704303185999,-1.5834025740623474,-0.505788470009088,"Blake Perkins",19921,663368
"Otto Kemp","PHI",10,22,0,0,0,0,0.045454545,0.409090909,0,0.181818181,0.1,0.181818181,0.1,0.14748658375306564,0.22909613089127975,-16.50916916207736,-0.023127168555220123,-3.000255964856043,-2.638646975159645,-0.5083368146108082,"Otto Kemp",31792,805249
"Willy Adames","SFG",40,170,3,14,11,1,0.035294117,0.294117647,0.128834356,0.29090909,0.214723926,0.247058823,0.343558282,0.262590226355721,0.27289628421559053,65.79636762596711,-1.2781114014796913,-8.031721569479005,-2.3410922288894653,-0.5148383475317746,"Willy Adames",15986,642715
"Ezequiel Tovar","COL",40,147,1,10,10,3,0.047619047,0.285714285,0.080291971,0.27368421,0.197080291,0.244897959,0.277372262,0.23792091964864406,0.2837992298359774,32.85510060519511,0.7841349807567894,-10.680103178564021,0.8838425874710083,-0.5301867099501781,"Ezequiel Tovar",24064,678662
"Carlos Santana","ARI",8,26,0,1,0,0,0.076923076,0.307692307,0.041666667,0.125,0.083333333,0.153846153,0.125,0.13818780046242934,0.1875577706557054,-22.201523520949873,-0.017909054411575198,-3.708235672364768,-2.28951358795166,-0.5322507613086226,"Carlos Santana",2396,467793
"Heriberto Hernández","MIA",25,83,0,4,11,3,0.13253012,0.168674698,0.028169014,0.210526315,0.169014084,0.289156626,0.197183098,0.2413451118641589,0.3288629600800664,47.587224317386486,0.14191251853480935,-4.9108639932281,-2.998623788356781,-0.5438575089643007,"Heriberto Hernandez",24878,681715
"Luisangel Acuña","CHW",31,89,0,7,3,6,0.06741573,0.15730337,0.0125,0.208955223,0.175,0.238636363,0.1875,0.20416895232417367,0.2709928425875577,22.80439159010504,1.1343201231211424,-6.9133338534309345,-1.5281800627708435,-0.5467613177486054,"Luisangel Acuna",26548,682668
"Harrison Bader","SFG",16,60,1,4,3,0,0.033333333,0.3,0.087719298,0.153846153,0.122807017,0.15,0.210526315,0.16113977233568827,0.26717503865559894,-3.191150095263487,-0.14475741889327765,-7.336076195419809,-0.40827907621860504,-0.6015024553400304,"Harrison Bader",18030,664056
"Jordan Beck","COL",28,83,1,6,10,2,0.060240963,0.253012048,0.103896104,0.214285714,0.168831168,0.216867469,0.272727272,0.22040519585092383,0.2437161104178723,20.944199687424977,0.04779428197070956,-7.573463812751887,-1.2374160587787628,-0.6365261725934763,"Jordan Beck",31431,687597
"Matt Wallner","MIN",33,131,4,14,10,0,0.076335877,0.374045801,0.129310344,0.253968253,0.172413793,0.267175572,0.301724137,0.2645614429284598,0.29052542184145397,63.028802141086835,-0.41463800333440304,-6.087752010936049,-4.733476281166077,-0.6398905045873462,"Matt Wallner",26466,670242
"Wenceel Pérez","DET",26,82,2,9,8,3,0.060975609,0.121951219,0.103896104,0.169230769,0.168831168,0.219512195,0.272727272,0.22415690015001996,0.288990904645222,36.28838737907237,0.627990853972733,-5.491554304051624,-3.7201424837112427,-0.65119421839198,"Wenceel Perez",22857,672761
"Salvador Perez","KCR",39,163,5,14,17,0,0.036809815,0.226993865,0.131578948,0.214285714,0.190789473,0.233128834,0.322368421,0.24517988018047662,0.2638941164369936,47.71617532790297,-0.6280737998895347,-10.61062733221341,-2.708085060119629,-0.7812033644204655,"Salvador Perez",7304,521692
"Owen Caissie","MIA",35,114,2,11,17,2,0.061403508,0.412280701,0.118811882,0.321428571,0.198019801,0.254385964,0.316831683,0.25520838195817513,0.2790396867600162,57.01441319025539,0.8614981728605926,-4.830209001573945,-6.514350771903992,-0.7964271650282794,"Owen Caissie",27496,683357
"Ke'Bryan Hayes","CIN",37,108,2,7,3,0,0.064814814,0.175925925,0.089108911,0.15,0.138613861,0.194444444,0.227722772,0.19476277463965946,0.30378404635827516,12.345231628845053,-0.09628396178595722,-11.091762604128437,-0.06994619965553284,-0.7970954589244246,"Ke'Bryan Hayes",18577,663647
"Cedric Mullins","TBR",35,132,2,9,11,7,0.045454545,0.181818181,0.084033614,0.159574468,0.142857142,0.1953125,0.226890756,0.19442822970449924,0.21256534636966765,15.615434080735419,-0.27700706757605076,-13.324397115249688,-0.30989575386047363,-0.9254832627800622,"Cedric Mullins",17929,656775