Name,Team,W,L,SV,G,GS,IP,K/9,BB/9,HR/9,BABIP,LOB%,GB%,HR/FB,vFA (pi),ERA,xERA,FIP,xFIP,WAR,NameASCII,PlayerId,MLBAMID
"Cam Schlittler","NYY",5,1,0,9,9,53.1,9.956250237375503,1.5187500362098225,0.1687500040233136,0.24812030075187969,0.79326923,0.488721804,0.023255813,98.12006402220631,1.3500000321865089,2.5204562744385672,1.6547906526923173,2.5428603794375286,2.3729238510131836,"Cam Schlittler",32095,693645
"Cristopher Sánchez","PHI",4,2,0,9,9,55.1,10.897590611873548,2.2771084860631294,0.4879518184420992,0.3576158940397351,0.79646018,0.601307189,0.078947368,,2.114457879915763,2.783839997677411,2.2136762089645554,2.472917432332654,1.950652003288269,"Cristopher Sanchez",20778,650911
"Dylan Cease","TOR",3,1,0,8,8,45.1,13.1029415439982,3.573529511999509,0.19852941733330606,0.3557692307692308,0.74204947,0.48076923,0.033333333,97.97160560344828,2.580882425332979,2.9312219482661654,1.8158200628204733,2.458045557364082,1.908092737197876,"Dylan Cease",18525,656302
"Davis Martin","CHW",5,1,0,8,8,50,9.36,1.8,0.36,0.304,0.87649402,0.408,0.045454545,94.20316386815921,1.62,3.909767658150285,2.337290687561035,3.0526411879062656,1.851138710975647,"Davis Martin",21448,663436
"Max Fried","NYY",4,2,0,9,9,58.2,7.363636682841418,2.7613637560655313,0.15340909755919618,0.23417721518987342,0.68904594,0.471337579,0.017543859,95.06555765086208,2.9147728536247275,2.408269795296818,2.725245216020867,3.8675808515356147,1.7866995334625244,"Max Fried",13743,608331
"Tarik Skubal","DET",3,2,0,7,7,43.1,9.346154120405759,1.2461538827207677,0.41538462757358924,0.29464285714285715,0.71428571,0.459459459,0.0625,97.14186862244898,2.7000000792283303,3.1654871993704576,2.1249829661352386,2.561640741475914,1.5423498153686523,"Tarik Skubal",22267,669373
"Nolan McLean","NYM",1,2,0,8,8,45.1,11.316176787998446,2.3823530079996726,0.5955882519999182,0.25742574257425743,0.69587629,0.461538461,0.09375,96.77330123546511,2.779411842666285,2.3268443449903566,2.3893494906722466,2.5199782379287146,1.4942275285720825,"Nolan McLean",33703,690997
"Seth Lugo","KCR",1,2,0,8,8,47.2,7.930070353158289,3.20979038104026,0.18881119888472117,0.34558823529411764,0.73899371,0.377777777,0.02,91.90598799542683,3.20979038104026,4.455241458417107,2.697710245594988,3.897508267742708,1.4801709651947021,"Seth Lugo",12447,607625
"Jacob Misiorowski","MIL",3,2,0,8,8,44,14.318181818181818,3.477272727272727,0.8181818181818182,0.25925925925925924,0.79710145,0.4,0.133333333,99.65160260881696,2.4545454545454546,2.7242162994201933,2.6172906875610353,2.392613905803724,1.3773590326309204,"Jacob Misiorowski",31623,694819
"Parker Messick","CLE",4,1,0,8,8,47,9.76595744680851,2.106382978723404,0.7659574468085106,0.2743362831858407,0.84541063,0.465517241,0.095238095,93.85830564196833,2.297872340425532,3.059885945526957,2.819418347135503,2.9675015438110273,1.372380256652832,"Parker Messick",31986,800048
"Shota Imanaga","CHC",4,2,0,8,8,47.1,10.077465059454074,2.4718310523189237,0.7605634007135149,0.23076923076923078,0.80729167,0.325,0.070175438,91.99625489892739,2.281690202140545,3.0321794326152913,2.800389270597071,3.392298181816927,1.3568109273910522,"Shota Imanaga",33829,684007
"Jacob deGrom","TEX",3,2,0,8,8,44.2,11.485075280777393,1.6119403902845462,1.2089552927134097,0.2621359223300971,0.85889571,0.296296296,0.109090909,97.4373809070122,2.6194031342123876,3.0267053313198344,2.8486339558469442,2.8309340952476267,1.341410517692566,"Jacob deGrom",10954,594798
"Shohei Ohtani","LAD",2,2,0,6,6,37,10.216216216216216,2.189189189189189,0.4864864864864865,0.21348314606741572,0.89403974,0.522222222,0.058823529,98.11611793154762,0.972972972972973,2.1760706852749614,2.5226960929664406,3.1099785564719022,1.3396947383880615,"Shohei Ohtani",19755,660271
"José Soriano","LAA",6,2,0,9,9,54.1,10.104294714998929,3.3128835131144028,0.8282208782786007,0.24806201550387597,0.94,0.496240601,0.113636363,97.79996822667464,1.6564417565572014,3.7660597960878714,3.1725054127796093,3.113012006797003,1.314427375793457,"Jose Soriano",22100,667755
"Bryce Elder","ATL",4,1,0,9,9,54.2,8.72561016201904,3.2926830800071847,0.4939024620010777,0.2302158273381295,0.81439394,0.428571428,0.056603773,92.82710816688144,1.8109756940039516,2.906715380154133,3.0989980037832177,3.7465917808255553,1.2838188409805298,"Bryce Elder",27779,693821
"Braxton Ashcraft","PIT",2,2,0,8,8,48.2,9.431507342169112,2.5890412311836783,0.7397260660524795,0.2727272727272727,0.73275862,0.475806451,0.085106382,97.01223366477272,2.773972747696798,2.5768577145820855,3.014550956164858,3.3017896118090015,1.2808258533477783,"Braxton Ashcraft",23793,677952
"Mason Miller","SDP",1,0,12,18,0,18.2,18.32142919545273,2.410714367822728,0,0.28,0.83333333,0.68,0,101.23847487877156,0.9642857471290911,0.7234646827160336,-0.1505665665986622,0.22545328194669656,1.2253550291061401,"Mason Miller",31757,695243
"Joe Ryan","MIN",2,3,0,9,9,44.2,9.067164695350574,2.6194031342123876,0.6044776463567049,0.2564102564102564,0.60267857,0.386554621,0.054545454,93.2934871720679,3.425373329354661,3.28371004369139,3.050126504632513,3.9055610221039907,1.210423469543457,"Joe Ryan",21390,657746
"Kevin Gausman","TOR",2,3,0,9,9,51.1,8.415584624044856,1.5779221170084103,1.051948078005607,0.2808219178082192,0.67226891,0.393333333,0.1,94.00131671348315,3.857142952687225,3.4782448688038166,3.2926153672286365,3.4139486794294136,1.2100187540054321,"Kevin Gausman",14107,592332
"Landen Roupp","SFG",5,3,0,8,8,43.2,10.511450993862647,3.9160307624194175,0.20610688223260093,0.2692307692307692,0.67901235,0.533980582,0.035714285,92.81382533482143,3.0916032334890136,2.525315191558735,2.5218708055557437,3.1243122184088925,1.2018640041351318,"Landen Roupp",30076,694738
"Reid Detmers","LAA",1,3,0,8,8,43.2,9.687023464932244,3.0916032334890136,0.6183206466978027,0.3,0.66287879,0.388429752,0.058823529,94.23930680392976,4.328244526884619,2.896840584711945,3.0943899228685243,3.8408214943836407,1.1880539655685425,"Reid Detmers",27468,672282
"Paul Skenes","PIT",5,2,0,8,8,42,9.857142857142858,1.5,0.8571428571428571,0.19,0.71969697,0.44117647,0.093023255,97.51432852909483,2.357142857142857,1.955678034894489,2.807766878037226,3.006903012096882,1.1796079874038696,"Paul Skenes",33677,694973
"Max Meyer","MIA",2,0,0,8,8,42,9.642857142857142,3.2142857142857144,0.42857142857142855,0.26126126126126126,0.75757576,0.419642857,0.05,95.14928953439598,2.7857142857142856,4.030003825167639,2.879195449465797,3.5971072463762193,1.1592566967010498,"Max Meyer",27474,676974
"George Kirby","SEA",5,2,0,9,9,57,7.2631578947368425,2.210526315789474,0.631578947368421,0.2981366459627329,0.80128205,0.569696969,0.081632653,96.8330553604869,2.8421052631578947,2.8920240871064573,3.257641564754018,3.55214265161439,1.1535840034484863,"George Kirby",25436,669923
"Mitch Keller","PIT",4,1,0,8,8,47,6.702127659574468,2.6808510638297873,0.3829787234042553,0.2462686567164179,0.74152542,0.414814814,0.044444444,93.62416972419028,2.872340425531915,3.876474969991202,3.1385672833057163,3.929446696157151,1.1480379104614258,"Mitch Keller",17594,656605
"Jesús Luzardo","PHI",3,3,0,8,8,43.2,11.748092287258252,2.473282586791211,1.0305344111630046,0.38596491228070173,0.58928571,0.487179487,0.172413793,97.32576171875,5.977099584745426,3.2121870347029886,2.956985334713457,2.4007352461937295,1.1074998378753662,"Jesus Luzardo",19959,666200
"Carmen Mlodzinski","PIT",2,3,0,8,7,40,9.225000879764641,2.925000278949764,0.45000004291534834,0.36134453781512604,0.68181818,0.470588235,0.055555555,94.99963249044215,4.500000429153483,4.714659378639947,2.842290661334989,3.4557173679162676,1.0522022396326065,"Carmen Mlodzinski",27572,669387
"Shane McClanahan","TBR",4,2,0,7,7,34.2,8.826923724462342,3.6346156512491996,0.2596154036606571,0.2391304347826087,0.70224719,0.438202247,0.028571428,95.34507181186869,2.5961540366065714,3.573221188874084,2.7422906600511974,3.784596271219801,1.0455242395401,"Shane McClanahan",21483,663556
"Nick Martinez","TBR",4,1,0,8,8,47.2,5.853147165426356,1.8881119888472118,0.5664335966541635,0.25170068027210885,0.89958159,0.402684563,0.052631578,93.1865303147007,1.6993007899624906,3.845387018782927,3.390017974838966,4.2505149657504155,1.0443187952041626,"Nick Martinez",12730,607259
"Chase Burns","CIN",4,1,0,8,8,47,9.191489361702128,3.0638297872340425,1.148936170212766,0.23684210526315788,0.93596059,0.466101694,0.130434782,98.27964038944724,2.106382978723404,3.122582520060413,3.7555885599014607,3.4699532363008947,1.0241656303405762,"Chase Burns",35333,695505
"Sandy Alcantara","MIA",3,2,0,9,9,57.2,6.086705470739176,3.1213874208918853,0.624277484178377,0.2752808988764045,0.6871345,0.461111111,0.06060606,97.47610294117646,3.9017342761148566,3.4713941180649175,3.7589092129665893,4.463844865890919,1.013593316078186,"Sandy Alcantara",18684,645261
"Ryan Weathers","NYY",2,2,0,8,8,45,10.8,2.6,1.2,0.28703703703703703,0.79326923,0.442477876,0.146341463,96.17110450114679,3,4.221024326633914,3.3172906875610355,2.8629818621608947,0.987972617149353,"Ryan Weathers",23796,677960
"Keider Montero","DET",2,2,0,7,7,39.2,6.579832354623,1.8151261667925518,0.6806723125472068,0.23478260869565218,0.68047337,0.307692307,0.046153846,94.54133768284575,3.1764707918869655,3.3239284112939154,3.243341115810518,4.560504565109413,0.9813320636749268,"Keider Montero",22630,672456
"Tyler Glasnow","LAD",3,0,0,7,7,39.2,11.117647771604378,2.9495800210378964,1.1344538542453448,0.18518518518518517,0.80769231,0.453488372,0.147058823,95.61749871222527,2.7226892501888273,2.4756151059481737,3.2685512014604146,2.8331591857236815,0.9723224639892578,"Tyler Glasnow",14374,607192
"Ranger Suarez","BOS",2,2,0,7,7,39,7.384615384615385,2.3076923076923075,0.6923076923076923,0.23300970873786409,0.76219512,0.361904761,0.078947368,92.02410714285715,2.769230769230769,3.491622887908786,3.2454958157661635,3.6133081413232366,0.964745283126831,"Ranger Suarez",17277,624133
"Taj Bradley","MIN",4,1,0,8,8,47,9.957446808510639,3.25531914893617,0.9574468085106383,0.2764227642276423,0.84313725,0.346456692,0.083333333,97.03467451407506,2.872340425531915,3.843150529033646,3.5002694109652905,3.9093852238452182,0.9562364816665649,"Taj Bradley",22543,671737
"Justin Wrobleski","LAD",5,1,0,7,6,44.2,4.432836073282502,2.216418036641251,0.40298509757113654,0.22142857142857142,0.78703704,0.4,0.033898305,93.85034870651533,2.4179105854268195,4.091995310238908,3.5874399680606945,4.8596333797164215,0.9272725731134415,"Justin Wrobleski",31204,680736
"Louis Varland","TOR",1,1,5,19,0,19.2,13.271189443889751,3.203390555421664,0,0.35,0.76190476,0.6,0,98.37850040584415,0.4576272222030949,1.828677383421897,1.2359343296149787,1.8783548045242866,0.9140242338180542,"Louis Varland",27691,686973
"Chris Sale","ATL",6,2,0,8,8,49,10.285714285714286,2.204081632653061,1.1020408163265305,0.22321428571428573,0.88383838,0.449152542,0.133333333,95.58178955894648,2.204081632653061,3.059230560056395,3.4642294630712396,3.161603593765473,0.9130192995071411,"Chris Sale",10603,519242
"Janson Junk","MIA",2,3,0,8,8,44.1,6.699248312448152,2.0300752461964096,0.8120300984785639,0.2631578947368421,0.72072072,0.466165413,0.081632653,94.48350290697674,3.2481203939142556,3.8800776303578473,3.545862128424721,3.924506393819736,0.8985550403594971,"Janson Junk",23301,676083
"Michael Wacha","KCR",4,2,0,8,8,51.1,7.363636546039248,2.9805195543492196,0.8766233983380057,0.21481481481481482,0.82608696,0.335766423,0.075757575,93.08663173874407,2.6298701950140173,3.6568446823586593,3.8575504461575734,4.396211904810217,0.8969454765319824,"Michael Wacha",14078,608379
"Yoshinobu Yamamoto","LAD",3,2,0,7,7,43.2,8.244275289304037,2.061068822326009,1.0305344111630046,0.2543859649122807,0.76315789,0.418803418,0.108695652,95.72479174510542,3.0916032334890136,4.264623028713724,3.529504452026237,3.5197748283475274,0.8910734057426453,"Yoshinobu Yamamoto",33825,808967
"Clay Holmes","NYM",4,3,0,8,8,48.1,6.8896553536686165,2.9793104232080507,0.5586207043515095,0.2222222222222222,0.87336245,0.572463768,0.078947368,94.82640075683594,1.8620690145050316,3.7449226483372726,3.4483251790285965,3.7451116840101704,0.8882443904876709,"Clay Holmes",13649,605280
"Casey Mize","DET",2,2,0,6,6,31,10.161290947778207,3.1935485835874364,0.5806451970158975,0.3037974683544304,0.79545455,0.3875,0.055555555,93.86280851910828,2.9032259850794877,3.426219976091824,2.8592261555539698,3.650744459841561,0.8819261193275452,"Casey Mize",20492,663554
"Nick Pivetta","SDP",1,2,0,4,4,16,13.5,3.375,0,0.3333333333333333,0.55555556,0.333333333,0,94.36178304541926,4.5,1.772794909786522,1.2422906875610353,3.084787882678211,0.8666306734085083,"Nick Pivetta",15454,601713
"Cade Cavalli","WSN",1,2,0,9,9,40.1,9.818182127713987,4.016529052246631,0.22314050290259063,0.37815126050420167,0.66572238,0.441666666,0.023255813,96.54334830465586,4.016529052246631,4.156989501313997,3.191670855195232,4.365977940907156,0.8665454387664795,"Cade Cavalli",27473,676917
"Michael Soroka","ARI",5,2,0,8,8,43.1,9.761538747979348,2.4923077654415353,0.8307692551471785,0.3445378151260504,0.79044118,0.41322314,0.1,93.8642734375,3.5307693343755084,4.768305405987499,3.1865214588233,3.2823436647944226,0.8571921586990356,"Michael Soroka",18383,647336
"Kris Bubic","KCR",3,1,0,8,8,46.1,9.129496653426374,4.467626021889502,0.5827338289421089,0.24778761061946902,0.72834646,0.434782608,0.063829787,92.11334486970684,3.496402973652654,3.9682314805863466,3.484197172450511,4.0664766239167545,0.8511601686477661,"Kris Bubic",21455,663460
"Antonio Senzatela","COL",2,0,2,11,0,24.1,8.136988002199775,2.5890416370635645,0,0.21311475409836064,0.8,0.44262295,0,97.042875,1.1095892730272419,2.8259119082773085,2.1720850105378298,3.5566624485296514,0.8479939699172974,"Antonio Senzatela",15488,622608
"Randy Vásquez","SDP",4,1,0,8,8,44.1,8.526316034024921,2.6390978200553326,0.8120300984785639,0.2916666666666667,0.80578512,0.409836065,0.081632653,94.84591145833333,3.0451128692946146,4.624897488811809,3.4105237786782943,3.7891680440733086,0.8465341329574585,"Randy Vasquez",24719,681190
"Will Warren","NYY",4,1,0,8,8,41.2,11.448000698730512,2.3760001450195403,1.2960000791015673,0.32038834951456313,0.70422535,0.449541284,0.157894736,93.92996847587719,3.4560002109375128,3.6218179560790005,3.309290699279786,2.717562999885014,0.8355051279067993,"Will Warren",30182,701542
"Bryan Woo","SEA",2,2,0,8,8,47,7.276595744680851,1.5319148936170213,1.148936170212766,0.24812030075187969,0.64039409,0.309352517,0.08219178,95.79948874080883,4.0212765957446805,3.5453368463420576,3.7981417513908227,4.318948969118139,0.8354816436767578,"Bryan Woo",30279,693433
"Gavin Williams","CLE",5,3,0,9,9,55.1,10.734940005726182,3.578313335242061,1.3012048491789312,0.2734375,0.76642336,0.459259259,0.16,96.55164755544355,3.740963941389427,4.353447486725281,3.858254560010149,3.2472371243628295,0.8247842192649841,"Gavin Williams",30122,668909
"Matthew Boyd","CHC",2,1,0,5,5,24,11.625000923872067,2.2500001788139485,0.7500000596046495,0.3770491803278688,0.4964539,0.396825396,0.086956521,92.57562785388127,6.000000476837196,4.138439165196602,2.3672906279563857,2.629272727751298,0.8219645619392395,"Matthew Boyd",15440,571510
"Sean Burke","CHW",2,3,0,8,6,44,7.363636523238887,2.0454545897885796,1.0227272948942898,0.264,0.72727273,0.3984375,0.094339622,94.29290165791984,3.6818182616194437,3.775818057096264,3.8445634305969745,4.0582405147297775,0.8101987540721893,"Sean Burke",29878,680732
"Kyle Harrison","MIL",3,1,0,7,7,33.2,10.960396867536554,3.475247787267688,0.8019802586002356,0.3125,0.87939698,0.3625,0.103448275,94.82869746767241,2.405940775800707,3.4577602579855484,3.2658055502647825,3.316609936753632,0.8010814785957336,"Kyle Harrison",27758,690986
"David Peterson","NYM",1,4,0,9,5,39.1,8.694915746142582,3.203390011736741,0.45762714453382014,0.344,0.56701031,0.524193548,0.06060606,92.37277243955292,5.491525734405842,4.414370325549689,3.0664432270572775,3.583196911282205,0.7919024527072906,"David Peterson",20302,656849
"Grant Taylor","CHW",1,0,0,15,4,19.2,13.27118815679882,3.6610174225651915,0,0.375,0.69230769,0.458333333,0,98.71668768647928,2.288135889103245,2.7006411571812237,1.3884769046830283,2.601937684047844,0.7585468590259552,"Grant Taylor",33927,691799
"Drew Rasmussen","TBR",3,1,0,8,8,42.2,9.070313040632787,1.4765625880099886,1.4765625880099886,0.22123893805309736,0.75342466,0.487179487,0.162790697,96.10546875,3.1640626885928325,2.975184892922309,3.726665723882618,3.0086278130491975,0.7579580545425415,"Drew Rasmussen",25385,656876
"Riley O'Brien","STL",3,1,11,19,0,19,10.894737935792817,0.4736842580779485,0.4736842580779485,0.3333333333333333,0.69892473,0.604166666,0.111111111,,2.8421055484676914,2.3447968610426964,1.8541326660198392,1.8348835314981908,0.7493858337402344,"Riley O'Brien",20348,676617
"Freddy Peralta","NYM",2,3,0,8,8,43.1,8.93076949283217,3.7384616481623034,0.8307692551471785,0.2542372881355932,0.76446281,0.436974789,0.102564102,94.10593633104739,3.1153847068019194,3.8082962543458647,3.717290705167331,3.7807173551088606,0.7328043580055237,"Freddy Peralta",18679,642547
"Michael McGreevy","STL",3,2,0,8,8,45.1,6.5514707719991,1.9852941733330607,0.9926470866665303,0.2,0.875,0.447154471,0.113636363,91.66473524305556,2.1838235906663668,5.063894772905314,3.7569965878572438,3.6856919906497367,0.7324017882347107,"Michael McGreevy",29869,700241
"Payton Tolle","BOS",1,2,0,4,4,22.2,10.720588535998528,2.3823530079996726,0.7941176693332243,0.23529411764705882,0.65934066,0.38,0.08,96.62318065068493,2.779411842666285,1.9948397183261,2.8084671494870035,3.2097253078992822,0.7259690761566162,"Payton Tolle",35466,801139
"Dylan Lee","ATL",1,0,0,19,0,18.2,11.089287225081202,0.9642858456592349,0,0.175,0.77777778,0.375,0,93.33669026692708,0.9642858456592349,1.6393160217137632,0.9744332527627355,2.4033088232367397,0.7226457595825195,"Dylan Lee",19996,669276
"Gregory Soto","PIT",3,0,3,20,0,20.1,11.508197440988349,3.098360849496863,0.4426229784995519,0.1282051282051282,0.87301587,0.447368421,0.055555555,96.88512073863636,1.3278689354986557,1.821297273555666,2.3795857233951154,2.982956234649161,0.721761167049408,"Gregory Soto",19677,642397
"Logan Webb","SFG",2,4,0,8,8,48,7.875,2.8125,0.75,0.3333333333333333,0.63664596,0.56849315,0.129032258,92.73712409032534,5.0625,4.5520790737597,3.5756240208943693,3.3989162915075823,0.7108654379844666,"Logan Webb",17995,657277
"Peter Lambert","HOU",2,3,0,5,5,29.1,8.897727658433379,3.681818341420709,0.30681819511839237,0.2631578947368421,0.77380952,0.460526315,0.038461538,94.48230369227707,2.7613637560655313,3.4473307152101467,3.0150179558549044,3.816119992479056,0.7057695388793945,"Peter Lambert",17969,663567
"Bailey Ober","MIN",3,2,0,8,8,43,6.6976744186046515,3.13953488372093,1.0465116279069768,0.24603174603174602,0.69565217,0.366412213,0.086206896,89.29605215567129,4.186046511627907,3.8295307039107898,4.32659301314243,4.708472744115563,0.7054356932640076,"Bailey Ober",21224,641927
"Jacob Latz","TEX",0,1,4,16,1,20.2,7.40322671745383,1.7419356982244305,0.4354839245561076,0.08,0.92105263,0.431372549,0.038461538,94.01936436906645,0.8709678491122153,1.8966537760250464,2.681806763004928,3.8188549056170644,0.7039303183555603,"Jacob Latz",21306,656641
"Aaron Civale","ATH",4,1,0,8,8,41.2,7.12800043505862,2.808000171386729,0.8640000527343782,0.3153846153846154,0.88014981,0.295454545,0.066666666,91.91743109199439,2.5920001582031347,4.164026953851945,3.789290728576663,4.562773412714858,0.7009625434875488,"Aaron Civale",19479,650644
"Erik Sabrowski","CLE",1,1,0,20,0,17.1,15.057696726196502,3.6346164511508796,0.5192309215929828,0.20689655172413793,0.79365079,0.166666666,0.052631578,94.44623711768617,2.076923686371931,2.427193826224777,1.7326748966464145,2.521463994359015,0.6946223378181458,"Erik Sabrowski",24978,681870
"Rhett Lowder","CIN",3,3,0,8,8,38.1,6.33913064505969,4.22608709670646,0.46956523296738445,0.2857142857142857,0.5859375,0.429752066,0.044444444,93.19010836693549,5.400000179124921,4.943241804527291,3.795551579625035,4.7652385440695095,0.6935873031616211,"Rhett Lowder",33876,695076
"Ben Brown","CHC",1,1,1,13,1,29.2,8.191011938117548,2.7303373127058492,0.3033708125228721,0.22077922077922077,0.7421875,0.525641025,0.045454545,96.6074090651524,1.8202248751372327,2.575814467295557,2.645380534747679,3.2482040417709444,0.6869611516594887,"Ben Brown",23590,676962
"Jack Perkins","ATH",2,1,3,10,0,15.1,12.326088745337387,2.93478303460414,0,0.358974358974359,0.57142857,0.41025641,0,96.59003721992924,4.108696248445796,3.3658441302200295,1.7477252714124367,2.937909967691172,0.6839586496353149,"Jack Perkins",31468,678022
"Michael King","SDP",3,2,0,8,8,45.2,8.868613632570455,3.941606058920202,0.7883212117840405,0.22429906542056074,0.79741379,0.457943925,0.088888888,93.978759765625,2.7591242412441415,3.759754587264113,3.8618162764681845,4.106444006967555,0.6722531914710999,"Michael King",19853,650633
"Sean Newcomb","CHW",0,0,0,17,0,22.2,8.73529656783176,3.176471479211549,0,0.3384615384615385,0.74193548,0.546875,0,94.39277129120879,3.176471479211549,3.202644903543419,2.367290477191642,3.4820790087758295,0.668541431427002,"Sean Newcomb",16943,656794
"Logan Gilbert","SEA",2,3,0,9,9,50,9.36,1.8,1.44,0.3053435114503817,0.80321285,0.376811594,0.142857142,95.6340560913086,3.78,4.357280958196241,3.8972906875610356,3.3895549607276916,0.6464986205101013,"Logan Gilbert",22250,669302
"Cade Smith","CLE",2,0,11,18,0,18.1,11.781818998983141,1.9636364998305234,0.49090912495763084,0.3829787234042553,0.69444444,0.354166666,0.052631578,96.66048648852657,3.436363874703416,3.04526431863705,1.8627451460026454,2.6085092167290624,0.6445231437683105,"Cade Smith",27867,671922
"Emmet Sheehan","LAD",2,1,0,7,7,35.2,10.850468063387867,2.523364665904155,1.514018799542493,0.34782608695652173,0.73891626,0.428571428,0.181818181,94.44507905876495,4.794392865217895,4.147020865338923,3.818225316978856,2.9301591909361604,0.6438199877738953,"Emmet Sheehan",29839,686218
"Aaron Ashby","MIL",7,0,0,19,1,26,14.192310295161889,5.192308644571423,0.34615390963809484,0.33962264150943394,0.82822086,0.574074074,0.0625,97.20369466145833,2.076923457828569,2.2813209838361144,2.1942135951927826,2.5580951307011466,0.6368460804224014,"Aaron Ashby",23550,676879
"Emerson Hancock","SEA",3,1,0,8,8,47.2,9.440559944236059,1.6993007899624906,1.5104895910777694,0.2672413793103448,0.85051546,0.451612903,0.156862745,95.18091833726415,3.20979038104026,3.8990971982774494,3.8935145051982225,3.2136720225889412,0.633821964263916,"Emerson Hancock",27470,676106
"Yusei Kikuchi","LAA",0,3,0,7,7,31,9.580645161290322,4.064516129032258,0.8709677419354839,0.3516483516483517,0.65502183,0.372340425,0.078947368,95.54063527960527,5.806451612903226,4.692971901808773,3.697935848851358,4.160667484229611,0.6317999362945557,"Yusei Kikuchi",20633,579328
"Dustin May","STL",3,4,0,8,8,42.2,6.750000402331376,2.3203126383014108,0.843750050291422,0.35658914728682173,0.66780822,0.431818181,0.085106382,97.20094774590164,4.851562789175676,4.629495170943181,3.820415729470554,4.148047323472262,0.6284633874893188,"Dustin May",19716,669160
"Andrew Abbott","CIN",2,2,0,9,9,46.1,6.410072118363199,3.884892192947393,0.9712230482368482,0.3103448275862069,0.73015873,0.432432432,0.092592592,92.62870346653006,4.467626021889502,4.7367284211437894,4.390672017471569,4.623886388292469,0.6104234457015991,"Andrew Abbott",29911,671096
"Jack Kochanowicz","LAA",2,2,0,8,8,45.1,5.955882519999182,4.56617659866604,0.3970588346666121,0.2535211267605634,0.66993464,0.584507042,0.055555555,96.36058704565603,3.9705883466661214,4.991339793522233,4.08787895007942,4.629137772391042,0.6067090034484863,"Jack Kochanowicz",27688,686799
"Foster Griffin","WSN",4,1,0,8,8,46.2,8.100000441414993,2.8928573005053546,1.157142920202142,0.216,0.84134615,0.4375,0.125,91.60918137122844,2.1214286870372603,4.095229952752347,4.081576454396154,3.854064039803824,0.6058540344238281,"Foster Griffin",16432,656492
"Trevor Rogers","BAL",2,3,0,6,6,30.1,8.010989346807683,2.967033091410253,0.8901099274230759,0.33695652173913043,0.68627451,0.389473684,0.075,92.68075440528635,4.747252946256404,3.656499128656642,3.7106973058430857,4.276157619774659,0.6030285954475403,"Trevor Rogers",22286,669432
"Walker Buehler","SDP",2,2,0,8,8,36.1,7.678899351308957,2.972477168248629,0.7431192920621572,0.3090909090909091,0.64102564,0.469026548,0.09090909,93.87849864130435,5.2018350444351,4.874809235676126,3.6402264856788498,3.8418497155684825,0.6011828184127808,"Walker Buehler",19374,621111
"Joey Cantillo","CLE",3,1,0,9,9,45.1,8.139706110665548,3.9705883466661214,0.9926470866665303,0.2892561983471074,0.77777778,0.448,0.1,91.90509301686217,2.977941259999591,3.8598365249789004,4.131996598375711,4.246490042862103,0.5976114869117737,"Joey Cantillo",23335,676282
"MacKenzie Gore","TEX",2,3,0,8,8,40,10.8,4.725,1.125,0.297029702970297,0.68,0.361904761,0.108695652,95.65259671498494,5.175,4.149578365963153,3.9922906875610353,3.98166918233037,0.5933998823165894,"MacKenzie Gore",22201,669022
"Rico Garcia","BAL",3,0,3,20,0,19,10.421053677714868,3.3157898065456397,0.4736842580779485,0,1,0.542857142,0.083333333,95.56556619623656,0.4736842580779485,1.849368613045553,2.5909748452522035,2.7933795308904994,0.5849666595458984,"Rico Garcia",20023,670329
"Raisel Iglesias","ATL",0,0,6,10,0,10.2,11.812500704079909,0.843750050291422,0,0.2608695652173913,1,0.347826086,0,94.31962025316456,0,1.130193030391263,0.7735405478626407,2.2212170017429482,0.5849353075027466,"Raisel Iglesias",17130,628452
"Robert Suarez","ATL",3,0,4,17,0,17,8.47058918566863,1.588235472312868,0,0.2608695652173913,0.93333333,0.422222222,0,99.06037065319549,0.5294118241042893,2.8400951224322926,1.764349359294518,3.085579989185255,0.579547107219696,"Robert Suarez",30115,663158
"Jeffrey Springs","ATH",3,2,0,8,8,44,7.9772727272727275,2.4545454545454546,1.4318181818181819,0.256198347107438,0.78199052,0.357142857,0.118644067,91.56320659129693,3.8863636363636362,3.499285993888481,4.367290687561035,4.181486956165596,0.5770689845085144,"Jeffrey Springs",17677,605488
"Grant Wolfram","BAL",1,1,0,16,0,13,13.846159940643284,0.6923079970321642,0,0.5,0.56521739,0.485714285,0,95.38538360595703,4.846155979225149,3.2066382942128597,0.9634435856831916,1.9353106658271553,0.5719675421714783,"Grant Wolfram",21623,664991
"Bryan Baker","TBR",1,0,11,18,0,16.2,10.260000391387955,2.160000082397464,0.540000020599366,0.225,0.79365079,0.463414634,0.066666666,97.11262019230769,2.160000082397464,1.7399161239251695,2.3372906578063954,2.820717324328008,0.568913459777832,"Bryan Baker",19804,641329
"Mick Abel","MIN",1,2,0,4,3,20.1,10.18032802801176,4.426229577396417,0,0.38596491228070173,0.74285714,0.381818181,0,95.81224628523285,3.9836066196567756,5.002133865769951,2.7730283870968697,4.222862268216439,0.5664465092122555,"Mick Abel",27756,690953
"Spencer Arrighetti","HOU",4,1,0,5,5,28.2,9.41860486005306,5.337209420696734,0.313953495335102,0.273972602739726,0.83743842,0.342465753,0.034482758,92.671546875,1.8837209720106118,5.394276445533081,3.675430234823439,4.642072612631475,0.5537850260734558,"Spencer Arrighetti",29921,681293
"Jose A. Ferrer","SEA",0,1,2,21,0,20,7.200001373291277,1.3500002574921146,0,0.36764705882352944,0.83870968,0.454545454,0,,1.8000003433228193,2.514156371798464,2.4172905540466054,3.9614789740087106,0.5503166317939758,"Jose A. Ferrer",24017,678606
"Adrian Morejon","SDP",3,1,1,18,0,21,11.14286017904559,2.1428577267395363,0.8571430906958146,0.3508771929824561,0.55555556,0.627118644,0.222222222,98.96832985101744,5.571430089522795,3.1640638502748306,2.7363382028073397,2.099874528470632,0.5484138131141663,"Adrian Morejon",20039,670970
"Aroldis Chapman","BOS",0,1,8,13,0,12.2,11.368421623251143,2.131579054359589,0,0.25925925925925924,0.90909091,0.307692307,0,97.18637134989754,0.7105263514531964,3.8490187280554933,1.5383432398872658,2.7574391895764006,0.547386109828949,"Aroldis Chapman",10233,547973
"Ryan Zeferjahn","LAA",2,1,1,14,0,20.2,11.758065963014905,4.790323170117184,0,0.2391304347826087,0.56,0.466666666,0,97.15949089972527,4.3548392455610765,1.9847134181495185,2.536645454819559,3.8272427272641485,0.5378207564353943,"Ryan Zeferjahn",25420,666171
"Trey Yesavage","TOR",1,1,0,3,3,13.1,10.125000241398817,3.3750000804662723,0,0.3611111111111111,0.94736842,0.294117647,0,94.4647609904661,0.6750000160932544,2.175505877024223,2.217290666103363,4.217716239924444,0.5241944789886475,"Trey Yesavage",35456,702056
"David Bednar","NYY",1,3,10,17,0,17,11.117648306190077,2.6470591205214467,0.5294118241042893,0.3673469387755102,0.63559322,0.5625,0.076923076,95.9866923983135,3.7058827687300253,2.562402999782342,2.4702317914335703,2.779025710069154,0.5054242014884949,"David Bednar",19569,670280
"Jhoan Duran","PHI",1,1,5,10,0,9.2,13.034483615907051,2.7931036319800824,0,0.3333333333333333,0.7,0.571428571,0,100.35587366615853,1.8620690879867217,2.633481526073205,1.1517733169083846,1.7326591703229763,0.5038121938705444,"Jhoan Duran",21029,661395
"Aaron Nola","PHI",2,3,0,8,8,42,9.428571428571429,3.2142857142857144,1.5,0.3418803418803419,0.72796935,0.411290322,0.159090909,92.3095071517413,5.142857142857143,4.309962967948587,4.260147830418179,3.564136521305357,0.49845102429389954,"Aaron Nola",16149,605400
"Hunter Brown","HOU",1,0,0,2,2,10.2,14.343750854954175,5.062500301748532,0,0.25,0.90909091,0.5,0,96.23904622395834,0.843750050291422,1.8195149173259773,1.6172905981540628,2.406932300270594,0.49608731269836426,"Hunter Brown",25880,686613
"Juan Morillo","ARI",1,1,1,19,0,18.2,10.125002413988689,2.4107148604734974,0.4821429720946995,0.18181818181818182,0.80882353,0.511111111,0.058823529,98.89575031459732,1.928571888378798,1.90497407789803,2.528004832778625,3.110043841628844,0.49175992608070374,"Juan Morillo",21924,666661
"Joe Boyle","TBR",0,1,0,3,3,15.2,9.191489734710114,3.4468086505162927,0.5744681084193821,0.23255813953488372,0.38461538,0.409090909,0.052631578,97.74098011363637,5.170212975774439,4.326961301314659,3.0534608977366595,3.926163508579998,0.4916939437389374,"Joe Boyle",29608,671212
"Brandon Woodruff","MIL",2,1,0,6,6,30,7.5,2.1,1.2,0.23809523809523808,0.71969697,0.298850574,0.085106382,92.29045024671052,3.6,3.0693773727156954,3.983957354227702,4.449922260145346,0.49129170179367065,"Brandon Woodruff",16162,605540
"Zack Wheeler","PHI",1,0,0,3,3,17.1,9.346154531783656,3.1153848439278855,0.5192308073213142,0.23255813953488372,0.70512821,0.5,0.071428571,94.71108774038461,3.1153848439278855,2.4011056061071874,2.828829127938083,3.21267358386116,0.49079710245132446,"Zack Wheeler",10310,554430
"Bryan Hudson","CHW",1,0,1,20,2,19,10.421054723850999,4.263158750666317,0,0.3469387755102041,0.88888889,0.586956521,0,91.95708986792233,0.9473686112591816,2.6715901998284335,2.3804484343594496,3.267063804003689,0.48782719671726227,"Bryan Hudson",19924,663542
"Will Klein","LAD",1,2,0,12,0,16.1,9.367348761918352,3.3061230924417715,0,0.3617021276595745,0.7826087,0.44680851,0,97.96164772727273,2.7551025770348097,2.83926104471491,2.137698660170881,3.4269097764748144,0.4787375032901764,"Will Klein",27787,694361
"Luis Severino","ATH",2,4,0,9,9,48.2,8.691781276116634,5.363013978880476,0.9246575825655994,0.3125,0.7826087,0.435114503,0.104166666,97.19364289314517,4.0684933632886375,4.593537404579216,4.4323592494321105,4.481319962215647,0.476702481508255,"Luis Severino",15890,622663
"Logan Henderson","MIL",0,1,0,3,3,13,11.076923076923077,1.3846153846153846,0.6923076923076923,0.3,0.56603774,0.225806451,0.0625,93.2439296392747,4.153846153846154,2.7548795884792483,2.1172906875610353,2.8450536251068117,0.4735584557056427,"Logan Henderson",31475,701656
"Shane Baz","BAL",1,4,0,8,8,44.1,7.714286599328361,3.8571432996641803,1.0150377104379422,0.3358208955223881,0.671875,0.35971223,0.092592592,96.73231710967433,5.481203636364888,4.57933872772025,4.290223152955991,4.533958494110645,0.4726223051548004,"Shane Baz",22264,669358
"Kyle Bradish","BAL",1,5,0,8,8,41,9.878048780487806,4.829268292682927,1.0975609756097562,0.36607142857142855,0.69354839,0.495652173,0.128205128,,4.829268292682927,4.312106109878142,4.1904614192683525,3.940424543255713,0.4696665406227112,"Kyle Bradish",24586,680694
"Colin Rea","CHC",4,1,1,8,5,38,8.28947430832569,2.8421054771402368,0.9473684923800789,0.3157894736842105,0.73839662,0.521367521,0.114285714,93.90037560096154,4.026316092615335,4.491011950148874,3.6699223081160812,3.594481737606103,0.4683602601289749,"Colin Rea",12317,607067
"Tanner Bibee","CLE",0,5,0,9,9,45.1,8.933823779998773,3.573529511999509,1.3897059213331424,0.2926829268292683,0.78544061,0.418604651,0.142857142,94.4261658031088,4.169117763999427,3.8001282840508,4.396702488153452,3.9067001645057546,0.452090859413147,"Tanner Bibee",30134,676440
"Chase Dollander","COL",3,2,0,9,2,43,9.837209738674153,3.5581396927119275,1.0465116743270375,0.26851851851851855,0.80851064,0.531531531,0.125,99.04022854477611,3.34883735784652,3.42663958449576,3.838220952097439,3.6324603725109403,0.45063892006874084,"Chase Dollander",33482,801403
"Chad Patrick","MIL",2,2,0,8,5,34.1,6.553398300963404,4.456310844655114,0.5242718640770723,0.29,0.79646018,0.353535353,0.042553191,94.48317583869485,3.1456311844624336,4.249024297738661,3.903698483676644,5.0681338814878725,0.4475000128149986,"Chad Patrick",30113,694477
"Bryan King","HOU",0,1,3,14,0,16.2,8.100001235962102,2.7000004119873675,0,0.34,0.68,0.5,0,91.81639380971338,3.2400004943848413,2.920456427887333,2.7572906326293865,3.852260561378174,0.44455376267433167,"Bryan King",25890,687911
"Edward Cabrera","CHC",3,1,0,8,8,46.1,8.352518214836895,2.913669144710545,1.3597122675315876,0.30952380952380953,0.76628352,0.438461538,0.162790697,95.83019415222772,3.884892192947393,4.323377836767048,4.26117561103999,3.599960865494541,0.44379478693008423,"Edward Cabrera",21690,665795
"Jake Irvin","WSN",1,4,0,8,8,39.2,9.302521604811828,3.6302523335851036,1.1344538542453448,0.30275229357798167,0.65384615,0.421052631,0.108695652,92.67092322335026,5.2184877295285865,5.065621558933647,4.276954627456277,4.2662438651924415,0.4409573972225189,"Jake Irvin",21504,663623
"Noah Cameron","KCR",2,2,0,7,7,35.2,8.074766930893295,3.532710532265817,1.2616823329520774,0.34513274336283184,0.64705882,0.279661016,0.098039215,92.44197944972827,5.551402264989141,6.407870315711481,4.322898250159687,4.507781722909297,0.43393078446388245,"Noah Cameron",30184,702070
"Bradgley Rodriguez","SDP",0,2,0,17,1,19.2,6.406781110843328,2.2881361110154743,0,0.2542372881355932,0.8,0.551724137,0,98.44374545784883,1.8305088888123795,1.9141284489429993,2.4562735888232314,3.9552546969449502,0.4332016818225384,"Bradgley Rodriguez",29107,699134
"Jack Dreyer","LAD",2,1,0,18,0,19.2,9.15254355641298,2.288135889103245,0.45762717782064893,0.2653061224489796,0.80645161,0.408163265,0.045454545,93.43119853251689,2.288135889103245,3.114695041076384,2.6596635097403865,3.569007483700322,0.4328685998916626,"Jack Dreyer",30249,676263
"Eduardo Rodriguez","ARI",4,0,0,8,8,48,6.1875,4.125,0.75,0.22695035460992907,0.85877863,0.4375,0.075471698,91.95905539772727,2.25,4.600179059158938,4.200624020894369,4.66732801043739,0.425681471824646,"Eduardo Rodriguez",13164,593958
"Gus Varland","WSN",0,1,4,16,0,15,10.2000025939948,3.000000762939647,0.6000001525879294,0.37777777777777777,0.69444444,0.355555555,0.05,95.62946213942308,4.800001220703435,4.520076142304139,2.717290585835749,3.7223673571145808,0.42504626512527466,"Gus Varland",24737,681402
"Jack Leiter","TEX",1,3,0,8,8,42.2,10.33593811606992,3.796875226311399,1.4765625880099886,0.3153153153153153,0.72796935,0.418803418,0.170731707,97.19301970108695,4.851562789175676,4.616056983412387,4.3594782616011845,3.5756368755913863,0.41646459698677063,"Jack Leiter",30146,683004
"Alex Vesia","LAD",1,1,2,17,0,13.1,11.475001915097556,4.725000788569582,0,0.23333333333333334,0.64285714,0.2,0,91.44973127216312,3.375000563263987,2.972451288913791,2.1422905248403277,3.8268596700902675,0.41641542315483093,"Alex Vesia",25007,681911
"Framber Valdez","DET",2,2,0,8,8,43.1,7.269230982537812,3.1153847068019194,1.0384615689339731,0.3014705882352941,0.67241379,0.524822695,0.119047619,94.87429809570312,4.569230903309482,4.295349439280042,4.317290722773627,4.177904032000787,0.4077792465686798,"Framber Valdez",17295,664285
"Mason Montgomery","PIT",1,0,0,16,2,15.2,13.212768906541742,4.595745706623215,0.5744682133279019,0.3142857142857143,0.80645161,0.444444444,0.071428571,98.70669572712988,2.872341066639509,3.3340054982189558,2.542822474233133,2.967501510378027,0.39332592487335205,"Mason Montgomery",29770,682254
"Connelly Early","BOS",3,2,0,8,8,42.2,8.226562990341364,3.796875226311399,1.0546875628642776,0.26126126126126126,0.83673469,0.408695652,0.111111111,94.15685671542553,3.1640626885928325,4.702337841401876,4.3594782616011845,4.316618862265724,0.3910697102546692,"Connelly Early",33666,813349
"Brock Burke","CIN",1,2,1,19,0,17.2,11.207549993149737,5.603774996574868,0,0.34782608695652173,0.64285714,0.4,0,96.40648509837963,3.056604543586292,4.298822718813301,2.6644603848075104,4.094755063700249,0.3837641477584839,"Brock Burke",17968,656271
"Kumar Rocker","TEX",1,4,0,7,7,32.1,7.51546421308475,3.618556843337102,1.1134021056421852,0.32,0.72072072,0.538461538,0.111111111,94.70848592122395,5.010309475389834,5.190920438790097,4.354404138274575,4.309158752677094,0.3797209560871124,"Kumar Rocker",31843,677958
"Keaton Winn","SFG",0,1,0,19,0,18.1,7.363636874364463,2.9454547497457853,0,0.19148936170212766,0.66666667,0.456521739,0,96.78565253586065,2.454545624788154,1.6727242737781287,2.4627451876175277,3.8410288993003645,0.3762455880641937,"Keaton Winn",23499,676775
"Devin Williams","NYM",2,1,5,15,0,12.2,14.921054503924534,4.263158429692724,0.7105264049487873,0.4666666666666667,0.66326531,0.4,0.09090909,93.79276232215447,5.684211239590298,3.0930999357897337,2.248869525956962,2.4416496491725774,0.3700825273990631,"Devin Williams",15816,642207
"Jeff Hoffman","TOR",1,2,3,18,0,16.2,16.200002471924204,3.7800005767823146,1.080000164794947,0.5,0.67375887,0.487804878,0.181818181,96.91980502136752,5.400000823974735,2.9315169382966055,2.6972906234741116,2.063803402070555,0.36669161915779114,"Jeff Hoffman",17432,656546
"Kevin Ginkel","ARI",1,2,0,17,0,16,10.687501911074264,2.250000402331424,0.562500100582856,0.3409090909090909,0.64516129,0.5,0.0625,94.67411534926471,3.9375007040799925,2.7756014919982115,2.304790542274688,2.89609803476465,0.36613929271698,"Kevin Ginkel",19876,656464
"Daniel Lynch IV","KCR",1,0,1,16,0,16.1,11.5714308235462,2.7551025770348097,0.551020515406962,0.17142857142857143,0.55555556,0.472222222,0.058823529,94.4509336890244,2.204082061627848,2.3783535924986636,2.627494673865958,3.2926820834225823,0.3653538227081299,"Daniel Lynch IV",21537,663738
"Kevin Kelly","TBR",2,1,2,17,0,18,7.000001483493696,2.0000004238553415,0.5000001059638354,0.1875,0.51470588,0.612244897,0.09090909,93.1007792154948,3.0000006357830125,3.393100328977419,3.1172906875610353,3.2529507859953455,0.3629729747772217,"Kevin Kelly",25679,687330
"Noah Schultz","CHW",2,2,0,5,5,25,8.28,5.76,0.72,0.23076923076923078,0.62913907,0.333333333,0.068965517,95.83233963815789,4.68,4.234394009733876,4.237290687561035,4.82570725619793,0.3614557385444641,"Noah Schultz",32056,702273
"Tyler Rogers","TOR",1,2,0,18,0,17.2,5.094340355976084,2.0377361423904334,0,0.2542372881355932,0.73684211,0.706896551,0,,2.0377361423904334,2.292636728972077,2.6644604336964948,3.300146889018106,0.3596186339855194,"Tyler Rogers",15541,643511
"Trevor Megill","MIL",0,2,4,15,0,14,10.285714285714286,3.857142857142857,0,0.3076923076923077,0.47368421,0.428571428,0,97.54148267663044,5.785714285714286,3.7052962714960276,2.3315764018467497,3.835655744799546,0.35697609186172485,"Trevor Megill",17722,656730
"Nathan Eovaldi","TEX",4,4,0,8,8,47.2,8.874126347581896,1.8881119888472118,1.8881119888472118,0.27692307692307694,0.77777778,0.492857142,0.222222222,94.69428399268617,4.153846375463866,4.400735131369865,4.690717344933712,3.2887172506374913,0.35159292817115784,"Nathan Eovaldi",9132,543135
"Walbert Urena","LAA",1,3,0,6,4,22.1,8.865672146565004,6.447761561138185,0.40298509757113654,0.2903225806451613,0.625,0.516129032,0.041666666,97.88733539384666,3.2238807805690923,3.282478609507982,3.87848476075096,4.804964393298232,0.3461020886898041,"Walbert Urena",29357,700712
"Eric Orze","MIN",1,1,1,17,0,19,7.578948890073453,5.210527361925499,0,0.30357142857142855,0.67857143,0.410714285,0,92.73667783994932,4.263158750666317,3.519430804673117,3.1699222770754343,4.795383788089873,0.34527587890625,"Eric Orze",27626,679358
"Zac Gallen","ARI",1,3,0,8,8,38.1,5.869565412092306,2.8173913978043066,0.9391304659347689,0.3228346456692913,0.70610687,0.507692307,0.093023255,93.75391370467557,4.695652329673845,5.432824634791998,4.1868559404311885,4.405039885855731,0.33497124910354614,"Zac Gallen",19291,668678
"Jimmy Herget","COL",0,1,1,14,3,15,9.60000122070328,1.800000228881865,1.20000015258791,0.3488372093023256,0.65934066,0.25,0.076923076,92.54824951171875,5.400000686645595,4.035041179622127,3.517290738423672,4.2172236311350435,0.3342059925198555,"Jimmy Herget",17556,623474
"J.T. Ginn","ATH",1,1,0,9,6,37.1,7.473214731152595,3.6160716441060945,1.2053572147020315,0.22448979591836735,0.77777778,0.509803921,0.147058823,94.49116149129746,3.6160716441060945,3.658292649947318,4.483362197556671,4.020758182921771,0.3332117786630988,"J.T. Ginn",27889,669372
"Mike Burrows","HOU",2,4,0,8,8,44.2,8.462687048993867,2.820895682997956,1.6119403902845462,0.34375,0.75704225,0.377777777,0.142857142,95.07844566231343,5.037313719639207,3.7902910197057222,4.639678833940884,4.071317913334532,0.33295902609825134,"Mike Burrows",24728,681347
"Brent Headrick","NYY",3,1,0,22,0,21.2,9.553848957310883,3.32307789819509,0.8307694745487725,0.3050847457627119,0.87301587,0.310344827,0.074074074,94.19972467996988,2.076923686371931,3.7114551468502315,3.3019061263496514,3.8512662618180276,0.33240070939064026,"Brent Headrick",27702,687396
"Eduard Bazardo","SEA",2,2,0,21,0,19.2,7.779662777452613,3.203390555421664,0.4576272222030949,0.2962962962962963,0.84070796,0.296296296,0.041666666,94.89769744873047,2.2881361110154743,4.123362747782702,3.1172906875610353,4.169394855248052,0.3316304087638855,"Eduard Bazardo",20997,660825
"Jakob Junis","TEX",0,1,3,16,1,19,4.263158322701536,2.3684212903897426,0,0.17543859649122806,0.76470588,0.421052631,0,92.1763657789964,1.894737032311794,3.9518125622026394,3.2751854402536846,4.974531394813257,0.33016006648540497,"Jakob Junis",13619,596001
"Abner Uribe","MIL",2,1,3,16,0,14.1,9.418606113394866,2.5116282969052977,0.6279070742263244,0.2631578947368421,0.66176471,0.384615384,0.066666666,,3.7674424453579465,3.325898841867649,2.768453424101966,3.3305775207670973,0.3280930817127228,"Abner Uribe",25327,682842
"José Suarez","- - -",0,1,1,9,1,18.1,11.781818998983141,6.872727749406832,0,0.47058823529411764,0.66666667,0.469387755,0,93.47853569135275,6.381818624449201,4.0562055576153995,2.9536543125751584,4.025652754995143,0.32765383273363113,"Jose Suarez",19911,660761
"Graham Ashcraft","CIN",1,0,1,20,0,20.2,10.451614189346582,5.225807094673291,0.4354839245561076,0.26666666666666666,0.84745763,0.565217391,0.076923076,,1.7419356982244305,3.3666295998281472,3.165677790289492,3.4196856938605937,0.32519248127937317,"Graham Ashcraft",27552,668933
"Ryan Helsley","BAL",0,2,7,12,0,10.2,12.65625075437133,5.9062503520399545,0,0.2916666666666667,0.78571429,0.608695652,0,98.85552915592784,2.531250150874266,2.8470857399320937,2.273540637269613,3.0631823393861444,0.32117992639541626,"Ryan Helsley",18138,664854
"Tyler Wells","BAL",0,1,0,14,0,18.1,8.836365168548094,1.9636367041217984,0.9818183520608992,0.3137254901960784,0.74257426,0.215686274,0.074074074,93.4335304542824,3.436364232213147,3.598214575127525,3.390018007577952,4.039261726103443,0.31899136304855347,"Tyler Wells",20000,669330
"Juan Mejia","COL",0,3,2,16,1,19.1,11.637932983948318,4.189655874221394,0.9310346387158654,0.4,0.75342466,0.346153846,0.1,97.51402213356711,4.655173193579327,3.47880180140948,3.4276355671329903,3.5350225369378325,0.3180466741323471,"Juan Mejia",23237,675848
"Colin Holderman","CLE",0,0,0,10,0,14.2,10.431819312336154,2.454545720549683,0.6136364301374208,0.17647058823529413,0.72916667,0.457142857,0.083333333,97.07784016927083,1.8409092904122624,3.061977893164837,2.5036542574236145,2.7658603295488406,0.3174423575401306,"Colin Holderman",22361,670059
"Erik Miller","SFG",0,0,2,12,0,11.1,13.500002650654135,4.76470681787793,0,0.32,0.71428571,0.56,0,97.26298384232955,3.1764712119186203,2.096498367796141,1.7055257044860932,2.448717996337587,0.3163225054740906,"Erik Miller",26252,669062
"Taylor Rogers","MIN",0,1,0,17,0,16.1,7.163267536791599,3.3061234785191993,0,0.37735849056603776,0.7037037,0.196078431,0,,4.4081646380256,5.120515810753459,2.811168143253702,5.045801005799723,0.3160528540611267,"Taylor Rogers",13449,573124
"Brooks Raley","NYM",0,1,0,16,0,15,10.800002059936917,3.000000572204699,0.6000001144409398,0.21212121212121213,0.94827586,0.34375,0.076923076,,1.2000002288818796,2.979877843832873,2.5839572525024224,2.9339237211083797,0.31565284729003906,"Brooks Raley",10061,548384
"Cole Sulser","TBR",1,0,2,16,1,20.2,6.967742792897722,3.483871396448861,0.4354839245561076,0.2857142857142857,0.7421875,0.444444444,0.037037037,92.28985964371854,2.6129035473366455,4.066356290301895,3.3592262012033176,4.56420051604938,0.3134634643793106,"Cole Sulser",15256,642121
"Mason Fluharty","TOR",2,0,0,21,1,14.2,11.659095963172897,4.295456407484751,0.6136366296406788,0.35135135135135137,0.6122449,0.378378378,0.055555555,92.4697036743164,5.522729666766109,1.884958482001083,2.844563296609623,3.681054542964743,0.3027139203622937,"Mason Fluharty",31553,689254
"Garrett Crochet","BOS",3,3,0,6,6,30,11.1,3.3,1.5,0.345679012345679,0.6097561,0.364705882,0.15625,96.07792178468208,6.3,4.833132278713951,4.3172906875610355,3.648018566767375,0.30219635367393494,"Garrett Crochet",27463,676979
"Evan Sisk","PIT",0,0,0,12,0,15,10.800002059936917,2.4000004577637593,0,0.35135135135135137,0.85,0.378378378,0,91.08757071659483,1.8000003433228193,2.167215968609104,2.1172904968261355,3.52109815133714,0.30133217573165894,"Evan Sisk",24995,681895
"Joel Kuhnel","ATH",0,1,4,14,0,14.2,3.068182549693542,2.4545460397548338,0,0.21739130434782608,0.78571429,0.52173913,0,95.57286580403645,1.8409095298161253,3.866175866827385,3.253654356436304,4.306510147523643,0.29666921496391296,"Joel Kuhnel",19995,669270
"José Alvarado","PHI",0,1,0,18,0,13.1,12.150003765822625,4.725001464486576,0,0.475,0.68965517,0.405405405,0,97.43251546223958,5.400001673698944,3.043295868752992,2.6672905480861235,3.825432001118948,0.2930337190628052,"Jose Alvarado",17780,621237
"Matt Brash","SEA",2,0,0,14,0,11.1,6.352941889251472,1.588235472312868,0,0.1111111111111111,0.83333333,0.384615384,0,96.9267578125,0,3.75781137462062,2.4996435594393644,3.490566531857417,0.292308509349823,"Matt Brash",25756,666374
"Brant Hurter","DET",4,1,0,17,0,21.2,6.230771059115794,2.4923084236463176,0.41538473727438624,0.1864406779661017,0.79545455,0.583333333,0.076923076,92.38069661458333,1.661538949097545,3.4628980409093213,3.3019061263496514,3.5441906294987584,0.2920483350753784,"Brant Hurter",30133,676428
"Jonathan Bowlan","PHI",1,0,0,12,0,12.2,8.526317501332635,2.1315793753331587,0,0.34285714285714286,0.46666667,0.411764705,0,97.31571030890805,5.68421166755509,2.468591264234792,1.9330799234870584,3.373829899158947,0.2845548987388611,"Jonathan Bowlan",24607,680742
"Luis Castillo","SEA",0,4,0,8,8,38.1,8.686956809896612,3.0521740142879987,1.4086956989021533,0.3644067796610169,0.59027778,0.341463414,0.12,95.05740897147147,6.573913261543382,5.753597717221457,4.552073343850266,4.348343841556571,0.28454098105430603,"Luis Castillo",15689,622491
"Shane Drohan","MIL",1,1,1,6,1,16,7.312500435858991,3.375000201165688,0,0.28,0.6,0.489795918,0,94.63390649723101,3.375000201165688,2.88994649303861,2.617290657758711,4.0210981281881,0.28415110893547535,"Shane Drohan",27814,675660
"Tyler Alexander","TEX",1,0,2,19,0,20,6.750001287460573,2.2500004291535243,0.45000008583070483,0.3492063492063492,0.83333333,0.476190476,0.04347826,91.456259765625,2.2500004291535243,2.930108291421519,3.1672906970977803,4.131669375807751,0.2821190655231476,"Tyler Alexander",17735,641302
"Kyle Hurt","LAD",0,0,0,10,0,10,12.6,0.9,0,0.23809523809523808,0.85714286,0.428571428,0,96.2467070788872,0.9,1.3795081234729567,0.9172906875610352,2.1807173356413845,0.27285096049308777,"Kyle Hurt",27514,669165
"Sonny Gray","BOS",3,1,0,6,6,28,4.821428571428571,2.25,0.9642857142857143,0.27956989247311825,0.76219512,0.489583333,0.09090909,92.19522596914557,3.5357142857142856,5.452471579333707,4.295862116132464,4.5574922505233975,0.26861339807510376,"Sonny Gray",12768,543243
"Isaac Mattson","PIT",0,0,0,19,0,17.1,6.75000123794285,4.67307778011428,0,0.32727272727272727,0.66666667,0.185185185,0,94.02991561307252,4.67307778011428,6.7157142228325615,3.174983005834051,5.199705569602413,0.2659098505973816,"Isaac Mattson",20385,676755
"Tanner Scott","LAD",0,1,3,18,0,16.1,8.816327216971823,1.1020409021214779,1.1020409021214779,0.15789473684210525,0.97222222,0.325,0.111111111,96.67005504261364,1.653061353182217,3.432338338611838,3.1172906875610353,3.072506987846437,0.265216201543808,"Tanner Scott",17586,656945
"Michael Petersen","MIA",1,1,1,14,0,15,9.60000122070328,3.000000381469775,0.600000076293955,0.2926829268292683,0.54216867,0.357142857,0.045454545,97.22899661847015,4.80000061035164,3.883252451004589,2.850623986985944,4.042874972497214,0.26471129059791565,"Michael Petersen",20827,656848
"Brennan Bernardino","COL",2,1,0,18,2,15,7.80000303745388,2.400000934601194,0.6000002336502985,0.32558139534883723,0.69892473,0.431818181,0.09090909,90.50555419921875,3.600001401901791,3.7145683575487034,3.2506240728166573,3.413416219831714,0.26414577662944794,"Brennan Bernardino",16835,657514
"Didier Fuentes","ATL",1,0,0,6,1,12.2,11.368421623251143,2.8421054058127857,0.7105263514531964,0.3125,0.68493151,0.333333333,0.071428571,96.97071580762987,4.263158108719178,3.427518874717394,2.8015011980262816,3.326762020279048,0.25776103883981705,"Didier Fuentes",30661,800311
"Braydon Fisher","TOR",2,0,0,20,1,21.2,8.307694745487725,3.32307789819509,0.41538473727438624,0.2692307692307692,0.6779661,0.433962264,0.055555555,94.88644058977971,2.907693160920704,3.8108685572106484,3.2557522666524976,3.8219924156524154,0.25677680410444736,"Braydon Fisher",24609,680755
"Tommy Nance","TOR",0,2,0,18,0,18.1,10.309093769168859,2.9454553626196742,0.490909227103279,0.3191489361702128,0.67961165,0.468085106,0.083333333,,3.927273816826232,3.689255049969313,2.5172905211014722,2.727055414264603,0.2554379105567932,"Tommy Nance",19178,667297
"Patrick Corbin","TOR",1,1,0,6,6,30,6.300000400543238,2.700000171661388,0.9000000572204626,0.2988505747126437,0.79365079,0.382022471,0.103448275,91.36736429148706,3.6000002288818505,6.2014617720650955,4.317290763854985,4.374304574677238,0.25463369488716125,"Patrick Corbin",9323,571578
"Pete Fairbanks","MIA",0,2,5,10,1,9,13.000001377529713,4.000000423855297,1.0000001059638242,0.36363636363636365,0.31746032,0.09090909,0.066666666,97.08250021632713,10.000001059638242,3.46741166146029,3.339512933330774,4.234747561675377,0.2494535744190216,"Pete Fairbanks",17998,664126
"Enyel De Los Santos","HOU",0,1,3,15,0,16,7.875000938773267,2.2500002682209335,0.5625000670552334,0.2916666666666667,0.625,0.306122448,0.045454545,94.82407540137615,4.500000536441867,3.0915939135684303,2.929790665209291,4.047525955243143,0.24827028810977936,"Enyel De Los Santos",18403,660853
"Spencer Miles","TOR",1,0,0,12,1,21,7.71428641494446,2.142857337484572,0.8571429349938288,0.26229508196721313,0.69306931,0.516129032,0.111111111,96.33124077029345,3.0000002724784007,3.3164702893563405,3.355385947281544,3.3205541803849083,0.24722544103860855,"Spencer Miles",31621,693686
"Jeremiah Estrada","SDP",1,1,0,11,0,11.1,12.705884847674481,4.76470681787793,0.7941178029796551,0.22727272727272727,0.47169811,0.318181818,0.1,95.73690592447916,3.970589014898275,3.6164602149426455,3.0290553761188512,3.12065014712295,0.2456248551607132,"Jeremiah Estrada",22210,669093
"Tanner Banks","PHI",0,2,0,16,0,16.2,11.340001730346943,4.860000741577261,0.5400000823974735,0.46296296296296297,0.68452381,0.314814814,0.047619047,92.0250946969697,5.940000906372209,3.8191504216384016,2.9972906692504857,3.9860881274414925,0.24553950130939484,"Tanner Banks",16990,621383
"Andrew Morris","MIN",1,1,0,9,1,17.1,7.788462966857134,2.5961543222857113,0.5192308644571423,0.34545454545454546,0.6779661,0.327272727,0.041666666,96.07679682192595,4.67307778011428,3.324389942322246,3.0019060510150037,4.195639574683426,0.24464201182127,"Andrew Morris",31891,702193
"Anthony Bender","MIA",1,0,1,17,0,14.2,10.43182134726912,4.90909239871488,0,0.2894736842105263,0.66666667,0.447368421,0,96.87584577287946,4.29545584887552,2.820147282071561,2.8445633320768753,4.184561698773647,0.24394215643405914,"Anthony Bender",19742,669622
"Tyler Phillips","MIA",0,0,2,12,0,23.2,9.126761544107952,4.943662503058474,0.380281731004498,0.2698412698412698,0.91503268,0.390625,0.041666666,97.03914969308036,1.140845193013494,4.088048645677526,3.4130653672312006,4.287349008311239,0.23619428277015686,"Tyler Phillips",20629,663969
"Garrett Whitlock","BOS",2,1,0,15,0,15.1,11.152174144250914,3.521739203447657,1.1739130678158858,0.2894736842105263,0.74074074,0.394736842,0.133333333,,3.521739203447657,4.24966174358411,3.508595043499664,3.1862326977733324,0.2287769615650177,"Garrett Whitlock",20191,676477
"Orlando Ribalta","WSN",0,0,1,6,0,6,7.5,3,0,0.2,0.6,0.4,0,96.91964721679688,3,1.175232363442861,2.4506240208943693,4.322367203235627,0.22849616408348083,"Orlando Ribalta",26247,687377
"Yennier Cano","BAL",1,1,0,18,0,14,7.0714304982404705,0.642857318021861,0.642857318021861,0.1388888888888889,0.89285714,0.594594594,0.1,94.78455200195313,1.285714636043722,3.450786866398914,2.6887191422131282,2.762867295813999,0.2283998429775238,"Yennier Cano",25911,666974
"Jake Bird","NYY",1,1,0,15,0,13,9.692309825378526,2.769231378679579,0.6923078446698947,0.3142857142857143,0.64102564,0.5,0.083333333,,4.846154912689263,2.893730599001857,3.1172906875610353,3.4131129558245443,0.22547753155231476,"Jake Bird",21267,656234
"Kai-Wei Teng","HOU",1,3,0,15,2,26,7.961539629648595,2.7692311755299457,1.0384616908237296,0.2463768115942029,0.80645161,0.408450704,0.115384615,94.6450623629386,3.1153850724711893,3.6680154659872723,3.886521569652687,3.790328942295332,0.22202914953231812,"Kai-Wei Teng",24282,678906
"Lucas Erceg","KCR",3,1,10,17,0,16.1,7.714286314850345,6.612245412728868,0,0.2682926829268293,0.69565217,0.5,0,97.5595509746287,3.306122706364434,3.723229626406559,3.60708664405947,4.638455416663013,0.2201419472694397,"Lucas Erceg",19360,668674
"Jonathan Loáisiga","ARI",0,1,1,18,0,16.1,6.612246184883543,1.6530615462208857,0.551020515406962,0.2857142857142857,0.73863636,0.489795918,0.0625,97.19317237367021,3.3061230924417715,4.087723950267589,3.17851518927292,3.757755191075949,0.21806176006793976,"Jonathan Loaisiga",19753,642528
"Robbie Ray","SFG",3,4,0,8,8,45.2,9.262774238462475,3.547445453028182,1.576642423568081,0.22429906542056074,0.92783505,0.274336283,0.129032258,93.6383082613032,2.7591242412441415,4.151788082729973,4.518750619621551,4.14727741599009,0.214803546667099,"Robbie Ray",11486,592662
"Martín Pérez","ATL",2,2,0,7,5,34,6.352941354665794,2.9117647875551556,1.0588235591109656,0.20430107526881722,0.88815789,0.457446808,0.129032258,90.45739397321428,2.3823530079996726,4.420744668932424,4.381996605388022,4.132526862785709,0.2135901115834713,"Martin Perez",6902,527048
"Steven Matz","TBR",4,1,0,7,7,37.1,6.7500002299036375,3.133928678169546,1.4464286206936365,0.21782178217821782,0.77380952,0.373831775,0.139534883,,3.8571429885163644,4.737897777032457,4.831576460234976,4.359176023533654,0.21313269436359406,"Steven Matz",13361,571927
"Lance McCullers Jr.","HOU",2,3,0,7,7,34,9.794117647058824,5.294117647058823,1.3235294117647058,0.30952380952380953,0.5,0.426966292,0.161290322,91.88051932198661,7.411764705882353,4.496012956299351,4.79376127579633,4.1619385990149835,0.21162769198417664,"Lance McCullers Jr.",14120,621121
"Connor Prielipp","MIN",1,1,0,4,4,19,9.947368421052632,3.3157894736842106,1.4210526315789473,0.1956521739130435,0.6547619,0.346938775,0.115384615,95.70795641447368,3.3157894736842106,3.338320607380577,4.380448582297877,4.248816585227063,0.20920613408088684,"Connor Prielipp",31857,687570
"Coleman Crow","MIL",0,0,0,1,1,5.1,6.750000402331376,1.687500100582844,0,0.25,0.6,0.4375,0,91.58512878417969,3.375000201165688,4.478173006868445,2.1797906316816773,4.02228793662025,0.20900596678256989,"Coleman Crow",27926,689441
"Taylor Clarke","ARI",1,1,0,19,0,19.1,4.189655861304688,0.9310346358454862,0.4655173179227431,0.1896551724137931,0.68493151,0.568965517,0.058823529,94.74525669642857,2.3275865896137153,2.8984723824749032,3.479359712612058,4.04132836923109,0.20806853473186493,"Taylor Clarke",17611,664199
"Joe Mantiply","TOR",1,0,0,15,0,16,9.000002145767724,1.6875004023314482,0.5625001341104827,0.3023255813953488,0.84337349,0.487804878,0.083333333,,2.250000536441931,4.051224351537999,2.679790583252882,2.9201461806250797,0.2074103057384491,"Joe Mantiply",14857,573009
"Brandyn Garcia","ARI",0,0,0,5,0,5.2,9.529412833877208,0,0,0.09090909090909091,1,0.636363636,0,,0,0.9771325713125413,0.999643391143878,1.7428356204574176,0.20479577779769897,"Brandyn Garcia",33568,805299
"Huascar Brazobán","NYM",2,1,0,17,2,18.2,6.750002299037082,3.8571441708783323,0.48214302135979153,0.21568627450980393,0.81632653,0.557692307,0.0625,96.66798502604166,2.410715106798958,3.0138729825632007,3.76014804937409,4.266983124934754,0.2026156187057495,"Huascar Brazoban",6107,623211
"Chris Bassitt","BAL",3,2,0,8,7,38,6.157895045927702,4.263158108719178,0.7105263514531964,0.35714285714285715,0.72271386,0.464566929,0.076923076,91.42950439453125,5.21052657732344,5.039378003869877,4.669922344440242,5.084356262175815,0.19782344810664654,"Chris Bassitt",12304,605135
"Enmanuel De Jesus","DET",2,0,0,10,0,14,9.64285845659235,5.14285784351592,0,0.41304347826086957,0.51851852,0.355555555,0,94.18983945741758,6.4285723043948995,4.439043739358651,2.688719200601376,4.393342688184398,0.19699127972126007,"Enmanuel De Jesus",18554,646241
"Ryne Stanek","STL",1,0,1,19,0,17,12.176473320562323,6.882354485535226,0.5294118835027096,0.37777777777777777,0.60810811,0.355555555,0.058823529,98.42128405448717,6.352942602032516,4.17553035018631,3.4702319432295083,4.109333591043058,0.19031929969787598,"Ryne Stanek",15947,592773
"Eury Pérez","MIA",2,4,0,8,8,41.1,9.798387398208723,4.572580785830738,1.5241935952769123,0.29245283018867924,0.67049808,0.348214285,0.132075471,98.131917537062,5.008064670195569,4.935257883643145,4.8834197741517436,4.481850201267297,0.18994353711605072,"Eury Perez",27768,691587
"Tim Hill","NYY",0,0,0,19,0,17.1,3.6346164511508796,1.0384618431859656,0.5192309215929828,0.20754716981132076,0.95238095,0.735849056,0.125,89.58418273925781,1.0384618431859656,3.4078182920323252,3.405752310668248,3.3036633822911177,0.188766211271286,"Tim Hill",16814,657612
"Garrett Cleavinger","TBR",1,1,0,7,0,5.2,14.294119250815813,6.352941889251472,0,0.46153846153846156,0.7,0.333333333,0,97.50272623697917,4.764706416938604,3.262945119627749,2.0584670393524567,3.2971207548750225,0.18141977488994598,"Garrett Cleavinger",17897,664076
"Riley Martin","CHC",0,0,0,8,1,8.1,10.80000041198732,2.160000082397464,1.080000041198732,0.2222222222222222,0.89285714,0.333333333,0.111111111,94.80841388124408,2.160000082397464,2.453654290396677,2.9972906829833983,2.953402659005622,0.1754341647028923,"Riley Martin",29934,702303
"Ty Madden","DET",0,0,0,2,0,11,9.818181818181818,1.6363636363636365,0.8181818181818182,0.19230769230769232,0.75757576,0.592592592,0.142857142,93.25615617340686,2.4545454545454546,2.312865686446162,2.6627452330155807,2.374259024587545,0.17416736483573914,"Ty Madden",30140,680744
"Griffin Canning","SDP",0,1,0,2,2,9.1,11.571428965549092,4.821428735645456,0.9642857471290911,0.391304347826087,0.58823529,0.541666666,0.142857142,94.66380208333334,6.7500002299036375,3.3757975801739994,3.54586213072952,3.205860516358949,0.17305435240268707,"Griffin Canning",19867,656288
"Jake Woodford","MIL",1,0,1,11,0,16.1,7.714286314850345,1.653061353182217,0.5510204510607389,0.36363636363636365,0.7079646,0.392857142,0.058823529,92.98875427246094,4.4081636084859115,5.345460550602327,2.7499437201872095,3.4151310520656053,0.17193272709846497,"Jake Woodford",18674,663765
"Ron Marinaccio","SDP",1,0,0,15,0,22.2,7.544118493486123,2.382353208469302,0.794117736156434,0.3076923076923077,0.67460317,0.462686567,0.083333333,93.6906970796131,4.367647548860387,3.632174377451291,3.38199659961318,3.721322106014299,0.16810254752635956,"Ron Marinaccio",23488,676760
"Andrew Painter","PHI",1,4,0,7,6,32.2,8.265306765911085,3.306122706364434,1.653061353182217,0.36538461538461536,0.65843621,0.376146788,0.139534883,96.65360050764768,6.887755638259237,4.993368664614076,4.862188782586709,4.322302545571521,0.16775529831647873,"Andrew Painter",30091,691725
"Ian Seymour","TBR",1,0,1,17,0,18,10.500002225240543,4.000000847710683,1.0000002119276707,0.3541666666666667,0.63492063,0.319148936,0.09090909,91.84525128264926,6.000001271566025,4.812881251059455,3.7284019281835006,3.999722125052121,0.16730010509490967,"Ian Seymour",27932,693855
"Brandon Young","BAL",3,1,0,5,5,26,6.576923076923077,3.8076923076923075,1.3846153846153846,0.25925925925925924,0.59210526,0.364705882,0.095238095,94.22198386270492,4.153846153846154,4.258208266815886,4.924982995253343,5.192671850782174,0.16591458022594452,"Brandon Young",27819,687064
"Kyle Hart","SDP",0,1,0,12,0,16.2,5.400000823974735,3.2400004943848413,0,0.24,0.5,0.574468085,0,93.28440856933594,5.400000823974735,3.6201608306586714,3.3572907241821346,4.536489108988521,0.16557826101779938,"Kyle Hart",19646,606996
"Tobias Myers","NYM",0,1,1,13,1,24.2,7.2972980496481865,1.4594596099296373,1.4594596099296373,0.2463768115942029,0.72164948,0.375,0.133333333,92.6065214180652,3.283784122341684,2.692447744601456,4.09026376084746,3.6894889196361835,0.16256140545010567,"Tobias Myers",22191,668964
"Tyler Samaniego","BOS",0,0,0,12,0,14.1,6.9069787356071375,3.767442946694802,0,0.21052631578947367,1,0.485714285,0,93.69875266335227,0,3.576096385079184,3.0475232255852056,4.320744245784699,0.1621248424053192,"Tyler Samaniego",30081,701719
"Burch Smith","DET",0,2,0,8,1,11.2,12.342857847019157,3.0857144617547894,0.7714286154386973,0.3793103448275862,0.82191781,0.448275862,0.125,94.48483812486803,3.0857144617547894,3.2300829443141845,2.5172906533309374,2.365615709881933,0.154904305934906,"Burch Smith",12784,572143
"Dietrich Enns","BAL",1,0,0,8,0,10.2,9.281252212822965,5.9062514081600686,0,0.25925925925925924,0.85714286,0.333333333,0,93.96416692450495,1.6875004023314482,3.4732320650861777,3.023540665209288,4.734431325726215,0.14911526441574097,"Dietrich Enns",13932,608650
"Jalen Beeks","TEX",2,1,0,19,0,18,8.500001801385201,3.0000006357830125,1.0000002119276707,0.25,0.87209302,0.469387755,0.105263157,93.63104204136691,2.500000529819177,3.494364398581081,3.672846360854186,3.710198610345877,0.1470232605934143,"Jalen Beeks",17192,656222
"Casey Legumina","- - -",1,1,0,12,0,15.1,5.86956606920828,2.93478303460414,0,0.38461538461538464,0.78571429,0.333333333,0,93.59136186079546,3.5217396415249675,5.1841736387552,3.3781602906369588,5.209213669527321,0.146655997261405,"Casey Legumina",25921,668984
"Spencer Strider","ATL",1,0,0,2,2,9.1,13.500000459807275,6.7500002299036375,0.9642857471290911,0.2222222222222222,0.8490566,0.315789473,0.1,95.67701898619185,2.892857241387273,3.289098549285694,3.7601478523137626,3.871370056197622,0.14524468779563904,"Spencer Strider",27498,675911
"Garrett Acton","MIN",1,1,0,4,0,6.2,12.150001158714405,4.050000386238135,0,0.26666666666666666,0.375,0.333333333,0,95.0120365203373,2.70000025749209,2.4603477918312224,2.217290601730339,3.6912884983954735,0.14467358589172363,"Garrett Acton",27583,670183
"Justin Slaten","BOS",0,1,0,5,0,4.1,12.461539375711542,4.153846458570514,0,0.2222222222222222,0.75,0.333333333,0,96.95855034722223,0,1.8055045909383753,1.732675201370864,3.0284974995911536,0.14350643754005432,"Justin Slaten",25648,686580
"Andrew Alvarez","WSN",1,0,0,1,0,4.1,10.384616146426286,0,0,0.36363636363636365,1,0.545454545,0,93.5980583639706,0,2.3057296081284306,0.8095982105774167,1.7814649342426336,0.14084498584270477,"Andrew Alvarez",29914,674841
"Cal Quantrill","TEX",1,0,0,5,0,13.1,7.425000177025799,4.050000096559526,0.6750000160932544,0.2894736842105263,0.54216867,0.307692307,0.052631578,93.91103707107843,4.050000096559526,4.993507209995392,3.79229070365429,4.817716254229559,0.13966676592826843,"Cal Quantrill",19312,615698
"Lake Bachar","MIA",0,0,0,11,0,19,10.421053677714868,3.3157898065456397,0.947368516155897,0.16666666666666666,0.84507042,0.38095238,0.095238095,94.90223319575472,2.3684212903897426,2.1267226845397342,3.4330801929463344,3.6162357440629815,0.13921840488910675,"Lake Bachar",19222,669199
"Orion Kerkering","PHI",1,0,0,16,0,15,6.6000008392335054,3.60000045776373,0.600000076293955,0.20930232558139536,0.8974359,0.348837209,0.04,97.2239520733173,1.800000228881865,1.8710382560142287,3.9172907892863087,5.39030328784944,0.13790859282016754,"Orion Kerkering",31776,689147
"Peyton Gray","TEX",0,0,0,6,0,9.2,7.448276351946887,5.586207263960165,0,0.25,0.92307692,0.222222222,0,92.29035295758929,0.9310345439933608,4.999065275444889,3.3241872528928935,5.357287739843964,0.13411137461662292,"Peyton Gray",25310,682608
"Jack Flaherty","DET",0,3,0,8,8,34,11.117647058823529,6.882352941176471,1.3235294117647058,0.2976190476190476,0.64814815,0.325581395,0.116279069,93.02047434774143,5.5588235294117645,4.7455222741854275,5.29376127579633,5.157400029634728,0.13331621885299683,"Jack Flaherty",17479,656427
"Jaden Hill","COL",0,1,0,16,0,13.2,9.878052686526035,5.926831611915621,0.6585368457684023,0.34146341463414637,0.79646018,0.463414634,0.071428571,97.07078598484848,3.951221074610414,4.085557843795636,3.8489982939703715,4.335825565590345,0.12963561713695526,"Jaden Hill",30250,677955
"Calvin Faucher","MIA",4,2,1,17,0,16,9.000001072883734,7.312500871718034,0,0.24390243902439024,0.56521739,0.525,0,96.66329956054688,3.3750004023314,4.187758818465803,3.5547907397151057,4.607646405292239,0.12928654253482819,"Calvin Faucher",20116,676534
"Brad Keller","PHI",1,1,3,17,0,16.2,9.720001483154523,3.2400004943848413,1.080000164794947,0.3181818181818182,0.69306931,0.478260869,0.133333333,,4.320000659179788,3.440715998724773,3.7772907882690587,3.480717391095898,0.12849107384681702,"Brad Keller",15734,641745
"Brenan Hanifee","DET",0,0,0,5,1,7.1,4.9090918002051405,1.2272729500512851,0,0.2916666666666667,1,0.545454545,0,96.61251395089286,0,2.1317658713875005,2.4354723819769886,4.15832721482474,0.12592697981745005,"Brenan Hanifee",22304,669724
"Cody Laweryson","MIN",0,0,1,5,0,6.1,11.36842333511018,2.842105833777545,0,0.21428571428571427,0.42857143,0.428571428,0,93.30352145522389,4.263158750666317,3.5601185357355876,2.4857116133882475,3.3723269830324867,0.12506233155727386,"Cody Laweryson",26429,689520
"Alan Rangel","PHI",0,0,0,1,0,3,15,0,0,0.42857142857142855,0.66666667,0.285714285,0,93.0668586282169,3,2.9051137520466215,-0.2160426457722977,1.1877647409836458,0.1245390996336937,"Alan Rangel",19524,660604
"Ryan Fernandez","STL",1,0,0,4,0,5.2,14.294119250815813,3.176470944625736,0,0.4666666666666667,0.66666667,0.6,0,94.87467651367187,1.588235472312868,2.5819233041424163,0.999643391143878,1.9905663635619306,0.12438973784446716,"Ryan Fernandez",24862,681676
"Pierce Johnson","CIN",1,1,1,18,0,16,8.437502514571701,2.812500838190567,1.1250003352762268,0.28888888888888886,0.81395349,0.282608695,0.09090909,94.84852359169408,3.3750010058286803,6.753101790696629,3.804790892452063,4.110026140208677,0.12430322915315628,"Pierce Johnson",13435,572955
"Drew Anderson","DET",1,0,1,13,0,22.2,11.514707174268294,4.764706416938604,1.191176604234651,0.3333333333333333,0.68181818,0.457627118,0.15,95.43360619028662,5.558824153095038,4.115282728925001,3.999643727734851,3.517709014918476,0.1232098788022995,"Drew Anderson",15130,623454
"John King","MIA",1,0,1,19,0,16.2,8.100003089905965,3.2400012359623855,0.5400002059937309,0.05555555555555555,1,0.459459459,0.071428571,90.95889282226562,0.5400002059937309,2.4380776305658745,3.5372908477783818,3.9364892049354623,0.12279777973890305,"John King",22051,667463
"Yohan Ramírez","PIT",2,1,1,17,0,24,9.750001549721011,5.250000834465159,0.37500005960465427,0.2786885245901639,0.64606742,0.491803278,0.055555555,96.55259627525253,4.1250006556511964,3.330936095570594,3.867290806770344,4.37847976142193,0.12204854190349579,"Yohan Ramirez",19444,670990
"Sam Bachman","LAA",0,0,0,14,0,19,9.947370418221407,4.736843056295908,0.9473686112591816,0.20930232558139536,0.76923077,0.533333333,0.117647058,,3.315790139407136,2.633551845783907,3.854132940762621,3.7417500537175865,0.1214996799826622,"Sam Bachman",29754,696147
"Steven Okert","HOU",0,0,0,20,1,17.2,6.113209767799057,3.5660390312161168,1.0188682946331762,0.25,0.72916667,0.288461538,0.071428571,90.98308967141544,4.075473178532705,4.407794528311567,4.419177952925649,5.172382386669369,0.11989638162776828,"Steven Okert",13580,595345
"Christian Scott","NYM",0,0,0,3,3,11,12.272728336744164,5.727273223813944,0.8181818891162776,0.21739130434782608,0.73529412,0.227272727,0.083333333,96.32858133761682,3.2727275564651106,3.3048997430337166,4.02638167546801,4.375989764057426,0.119244284927845,"Christian Scott",30107,681035
"Blake Snell","LAD",0,1,0,1,1,3,15,6,0,0.5454545454545454,0.375,0.636363636,0,96.37689971923828,12,3.7153212886904274,1.7839573542277025,2.251893149813017,0.11669797450304031,"Blake Snell",13543,605483
"Grant Holmes","ATL",2,1,0,7,7,37.1,6.991071666685911,4.098214425298637,1.4464286206936365,0.24074074074074073,0.73891626,0.442477876,0.136363636,94.71431280339806,4.33928586208091,4.26331895655539,5.019076466621187,4.5842780147744016,0.11645109206438065,"Grant Holmes",16944,656550
"Tatsuya Imai","HOU",1,0,0,3,3,8.2,13.5000024758857,11.42307901805713,0,0.3684210526315789,0.63157895,0.578947368,0,94.76618303571429,7.269232102399991,3.8237012437356284,4.271137053021351,5.081026078528696,0.11633523553609848,"Tatsuya Imai",37124,837227
"Mark Leiter Jr.","ATH",0,1,3,18,0,15.2,9.76595962657433,3.446809279967411,1.1489364266558038,0.43137254901960786,0.56737589,0.320754716,0.117647058,92.66438094429348,8.617023199918528,5.659358714533403,3.947078106812449,3.810783964147995,0.11626778542995453,"Mark Leiter Jr.",15551,643410
"Hunter Bigge","TBR",1,0,0,12,0,14.2,7.363637640456744,4.909091760304496,0.613636470038062,0.10810810810810811,0.77586207,0.394736842,0.05,96.86475466008773,2.454545880152248,2.804449319725889,4.0036544776160135,5.031573819610532,0.11496105045080185,"Hunter Bigge",26259,685801
"Trevor McDonald","SFG",1,0,0,2,2,12.1,8.756756982462006,1.459459497077001,1.459459497077001,0.2727272727272727,0.89285714,0.685714285,0.333333333,,2.918918994154002,3.7228841766996728,4.009182602441426,2.5840077808861377,0.1097293570637703,"Trevor McDonald",26448,686790
"Blade Tidwell","SFG",0,0,1,8,0,12,7.5,2.25,0.75,0.28125,0.79365079,0.363636363,0.071428571,96.34921746504934,3,3.4317597050504975,3.5339573542277023,4.0883993054429695,0.10889171063899994,"Blade Tidwell",31701,694918
"Luis Medina","ATH",1,1,0,10,0,14.2,9.204546452061312,4.295455010961946,0.6136364301374208,0.2222222222222222,0.83333333,0.361111111,0.058823529,97.468994140625,1.8409092904122624,4.514354260308361,3.594563466556807,4.335340290576177,0.10854215919971466,"Luis Medina",21649,665622
"Carlos Carrasco","ATL",0,0,0,2,0,2.1,7.714286765273879,0,0,0.16666666666666666,1,0.5,0,92.0660400390625,0,2.4604451714916684,1.4030047397223955,2.004636558869344,0.10812635719776154,"Carlos Carrasco",6632,471911
"Paul Blackburn","NYY",1,1,0,11,1,15.2,5.744681433888845,4.021277003722191,0,0.29411764705882354,0.73913043,0.529411764,0,93.9197006225586,2.8723407169444224,4.1134894862486835,3.3726098624005396,4.806285636881052,0.1066131591796875,"Paul Blackburn",14739,621112
"Justin Sterner","ATH",1,3,0,19,0,19.2,10.067798888468086,3.203390555421664,1.3728816666092845,0.3148148148148148,0.70175439,0.5,0.166666666,93.52903451492537,4.118644999827854,2.659714553053171,3.9308501936998708,3.2326398473050757,0.0977359190583229,"Justin Sterner",27694,686993
"Luke Weaver","NYM",2,1,0,16,0,16.1,8.816328246511391,3.3061230924417715,1.102041030813924,0.25,0.67901235,0.444444444,0.111111111,95.03374720982143,4.408164123255696,4.10395052017142,3.851984708103651,3.8072010031593706,0.09297456592321396,"Luke Weaver",16918,596133
"Zack Kelly","BOS",0,2,0,14,0,14,7.71428729076807,4.500000919614707,0.6428572742306725,0.2564102564102564,0.6626506,0.435897435,0.09090909,96.82069227430556,3.857143645384035,5.8433311646485535,3.8315765478173383,4.005996673055578,0.08893047273159027,"Zack Kelly",20349,677161
"Gavin Collyer","TEX",1,0,0,11,0,9.2,7.448277086763889,3.7241385433819447,0,0.17391304347826086,1,0.478260869,0,97.82174604366988,0,2.4648823885115982,3.6345321519196387,5.086746928725776,0.08883842825889587,"Gavin Collyer",26349,686560
"Zach Pop","PHI",0,0,0,7,1,7.1,7.363636682841418,3.681818341420709,0,0.23809523809523808,0.66666667,0.523809523,0,95.89068167550224,3.681818341420709,4.032587254235835,3.117290687561035,4.64871699404397,0.08882256783545017,"Zach Pop",20185,647315
"Cody Ponce","TOR",0,0,0,1,1,2.1,11.571430147910819,3.8571433826369397,0,0.16666666666666666,0.5,0.5,0,95.72285970052083,3.8571433826369397,2.3073750330631038,1.8315762266820554,3.6364716841229026,0.08747938275337219,"Cody Ponce",17920,664074
"Trevor Richards","- - -",0,0,0,3,0,5.1,10.125000603497064,5.062500301748532,1.687500100582844,0.4,0.69767442,0.3125,0.125,92.30356685450819,6.750000402331376,6.010388925470352,4.9922907993197505,4.660501859677504,0.0870647132396698,"Trevor Richards",19309,670950
"Michael Lorenzen","COL",2,4,0,9,8,39,6,2.769230769230769,1.6153846153846154,0.3873239436619718,0.625,0.469798657,0.162790697,94.04927326862077,6.923076923076923,5.787056266570106,5.2711368414071895,4.4855911396252806,0.0856816004961729,"Michael Lorenzen",14843,547179
"Brent Suter","LAA",1,2,0,16,2,24,8.625001370907048,4.1250006556511964,1.1250001788139627,0.3064516129032258,0.69444444,0.523809523,0.176470588,,4.500000715255851,3.8577691460717434,4.200624193085592,3.5699876584674075,0.08564819395542145,"Brent Suter",13942,608718
"Andrés Muñoz","SEA",3,3,8,17,0,16,14.625000871717981,3.937500234693303,1.687500100582844,0.35294117647058826,0.61797753,0.388888888,0.23076923,98.56812686011905,5.625000335276147,4.8910648318835985,3.6172907173633595,2.3203841418009077,0.08433013409376144,"Andres Munoz",20373,662253
"Camilo Doval","NYY",1,0,0,18,0,15.2,9.76595962657433,1.7234046399837055,1.7234046399837055,0.2727272727272727,0.57971014,0.553191489,0.214285714,98.1768918504902,5.744682133279018,2.851814611745394,4.010907908293327,2.776012105935393,0.08240626752376556,"Camilo Doval",21992,666808
"Tejay Antone","CIN",0,0,0,3,0,3,12,0,0,0.16666666666666666,0,0.333333333,0,96.6010971069336,3,3.8638287115012866,0.45062402089436926,1.8544314076503123,0.08215490728616714,"Tejay Antone",16233,622088
"Austin Warren","NYM",0,1,0,7,0,9,10.000002119276708,3.0000006357830125,1.0000002119276707,0.23809523809523808,0.92105263,0.409090909,0.125,94.27109662224265,1.0000002119276707,3.05498529799259,3.3395129568782953,3.142897258993058,0.08193818479776382,"Austin Warren",24937,681810
"DL Hall","MIL",0,0,0,17,1,19,9.947370418221407,6.631580278814272,0.4736843056295908,0.21428571428571427,0.88983051,0.53488372,0.071428571,94.59424686431885,1.8947372225183632,3.7026943475180003,3.959396119791419,4.309570054022512,0.08176548033952713,"DL Hall",22207,669084
"Eduardo Rivera","BOS",0,0,0,1,0,3.1,8.10000077247627,0,0,0.14285714285714285,1,0.714285714,0,95.75240652901786,0,1.3894236592564595,1.3172905158996424,2.1595750282797193,0.08168713003396988,"Eduardo Rivera",31280,700842
"Will Vest","DET",1,3,0,13,0,11.2,10.02857361462699,4.62857243752015,0.7714287395866917,0.3125,0.44871795,0.666666666,0.125,95.93167818509616,6.171429916693533,3.253814996600707,3.5458622095536416,3.394187241695198,0.08083935081958771,"Will Vest",19769,676684
"Paul Gervase","LAD",0,0,0,1,0,3,15,3,0,0.5,0.8,0.5,0,92.99309671336206,3,2.3260774706269185,0.7839573542277023,1.7198289453983313,0.07986333221197128,"Paul Gervase",31571,801434
"Luinder Avila","KCR",0,2,0,6,1,12,9,4.5,0.75,0.47368421052631576,0.6779661,0.435897435,0.071428571,96.59242630004883,6.75,6.224140492222013,3.7006240208943693,4.255065972109636,0.07896444201469421,"Luinder Avila",24452,679883
"Cameron Foster","BAL",0,0,0,5,0,7.2,10.565218267458896,7.043478844972598,0,0.5,0.66666667,0.5,0,96.3364788552989,5.869565704143831,3.0231762165198206,3.1172906875610353,4.582133299565739,0.07875753939151764,"Cameron Foster",31942,671382
"Andre Pallante","STL",3,3,0,7,7,37.1,6.991071666685911,3.8571429885163644,1.205357183911364,0.26785714285714285,0.74468085,0.534482758,0.131578947,94.92621640220207,4.33928586208091,4.453103023655018,4.831576460234976,4.519380396835368,0.07614585757255554,"Andre Pallante",26108,669467
"Alex Hoppe","SEA",0,0,0,4,0,4.2,15.428573530547759,5.7857150739554095,0,0.5,0.5,0.333333333,0,97.20032319568452,9.64285845659235,5.568764898641782,2.2601477136417154,2.8617795327886646,0.07474564015865326,"Alex Hoppe",31880,695380
"Dylan Dodd","ATL",0,0,1,2,0,4,9,2.25,0,0.2727272727272727,0.75,0.363636363,0,93.96476236979167,2.25,2.285055952256024,1.8672906875610353,3.2710980743169786,0.07458900660276413,"Dylan Dodd",29928,689266
"Nick Mears","KCR",2,2,0,17,0,14.2,6.750001170418682,4.2954552902664345,0.613636470038062,0.24390243902439024,0.78313253,0.463414634,0.071428571,95.07215134640957,3.0681823501903103,5.722886056982093,3.9354726476117845,4.389107049991454,0.07445535063743591,"Nick Mears",25376,683232
"Gabe Speier","SEA",0,2,1,15,0,12.1,8.756759013809775,3.648649589087406,0.7297299178174812,0.35135135135135137,0.75268817,0.432432432,0.066666666,94.89906424906717,2.918919671269925,4.582976690578366,3.6848584014190764,4.33813782396436,0.07375942915678024,"Gabe Speier",17170,642100
"Nolan Hoffman","PHI",0,0,0,2,0,3.1,5.40000051498418,2.70000025749209,0,0.4166666666666667,0.83333333,0.5,0,93.73018022017045,2.70000025749209,3.7498054542661508,2.8172906589508036,4.501859683710957,0.07350948452949524,"Nolan Hoffman",23381,676510
"Tim Herrin","CLE",0,1,0,16,0,12.2,4.263159071639959,5.684212095519945,0,0.2558139534883721,0.95,0.404761904,0,94.42039022640306,0,2.923502624679662,4.301501540794357,6.518040131788352,0.07322121411561966,"Tim Herrin",25139,682120
"George Soriano","STL",1,0,1,18,0,17,7.941178252540645,5.2941188350270965,0.5294118835027096,0.2,0.71428571,0.565217391,0.058823529,96.93134369721284,3.176471301016258,3.8374187060962317,4.058467369343631,4.69756901715718,0.07294376939535141,"George Soriano",21863,666277
"Javier Assad","CHC",3,1,0,7,3,24,4.875000581145356,2.6250003129244224,1.1250001341104667,0.2597402597402597,0.54263566,0.443037974,0.1,93.3240907250381,6.000000715255823,4.834470673977599,4.533957523107549,4.663716772020986,0.07131630927324295,"Javier Assad",21741,665871
"Sam Moll","CIN",1,2,0,18,0,16.1,8.265308696297998,4.959185217778799,0.5510205797532,0.21428571428571427,0.77669903,0.571428571,0.09090909,92.11207116168478,1.6530617392595996,3.494249407817573,4.280556355928901,4.430059336422383,0.06936981528997421,"Sam Moll",14874,594580
"Brock Stewart","LAD",0,0,0,2,0,2,13.5,4.5,0,0,1,0.666666666,0,95.44237342247597,0,1.5418114447813178,1.6172906875610353,2.319194380939007,0.06893404573202133,"Brock Stewart",16727,592779
"Grant Anderson","MIL",1,1,0,18,0,17,7.94117914351715,3.17647165740686,1.0588238858022867,0.24390243902439024,0.72368421,0.511627906,0.125,93.30303565492021,3.17647165740686,3.469430890039011,3.9408203765183694,3.732639023393183,0.06743603199720383,"Grant Anderson",20546,681982
"Chris Martin","TEX",1,1,0,8,0,6.1,9.947370418221407,0,1.4210529168887724,0.5,0.56603774,0.19047619,0.166666666,94.83185011340726,7.105264584443862,6.808264496706578,3.433080224647429,2.7103712880522277,0.06460300832986832,"Chris Martin",11847,455119
"Edgardo Henriquez","LAD",1,0,0,13,0,14,7.714286239779761,4.500000306538194,0.6428571866483135,0.2702702702702703,0.59139785,0.486486486,0.076923076,100.3981701078869,4.500000306538194,3.610164651796253,4.260147908269148,4.635111935799207,0.06435690820217133,"Edgardo Henriquez",26944,683618
"Joey Gerber","NYM",0,0,0,1,0,2,22.5,4.5,0,0.6666666666666666,1,0,0,94.2967529296875,0,2.7144199604097947,-0.38270931243896467,0.319194380939007,0.06100154295563698,"Joey Gerber",24591,680702
"Brandon Eisert","CHW",0,0,0,2,0,2.1,7.714286765273879,3.8571433826369397,0,0.5454545454545454,0.42857143,0.666666666,0,88.60184548117898,15.428573530547759,6.281087244754944,2.6887192006013754,2.6887192006013754,0.06027830392122269,"Brandon Eisert",27668,685126
"Paxton Schultz","WSN",0,0,1,10,0,13.2,8.560976605412623,1.3170733239096344,1.3170733239096344,0.25,0.81967213,0.365853658,0.1,94.05911207932692,2.6341466478192688,4.723880844540828,3.775827349515853,3.9277406160947677,0.059564314782619476,"Paxton Schultz",25501,687606
"Yuki Matsui","SDP",0,0,0,1,0,2.2,6.750001609325793,3.3750008046628963,0,0.375,1,0.571428571,0,91.69882202148438,0,3.2395965766375694,2.742290598154047,3.795146389241386,0.05879933759570122,"Yuki Matsui",33826,673513
"Brady Singer","CIN",2,2,0,8,8,38.1,6.1043480285759975,2.3478261648369223,1.8782609318695378,0.3435114503816794,0.74817518,0.410071942,0.166666666,90.4533857865767,5.634782795608613,5.7542178321569475,5.491203809785034,4.535971288471408,0.05792004242539406,"Brady Singer",25377,663903
"Franco Aleman","CLE",0,0,0,1,0,2,4.5,0,0,0.4,1,0.4,0,97.30459196671195,0,3.79087819732595,2.1172906875610353,3.5210980743169786,0.056657575070858,"Franco Aleman",30195,680916
"Ryan Rolison","CHC",3,0,0,7,0,9,10.000001059638242,4.000000423855297,1.0000001059638242,0.2857142857142857,0.72916667,0.333333333,0.111111111,94.32361421130952,4.000000423855297,3.276342520923736,3.6728463019853823,3.632209239990823,0.056313131004571915,"Ryan Rolison",22200,669020
"Brian Fitzpatrick","MIL",0,0,0,3,0,3.2,4.909091760304496,4.909091760304496,0,0.42857142857142855,0.875,0.5,0,94.4384536743164,2.454545880152248,3.498797421218416,3.6627453275948683,5.5770284596443656,0.05417456850409508,"Brian Fitzpatrick",31624,702153
"Mason Black","KCR",0,0,0,4,0,4.2,9.64285845659235,3.8571433826369397,0,0.4666666666666667,1,0.266666666,0,94.09275309244792,0,5.013178017852639,2.2601477136417154,4.666674990229511,0.05306702107191086,"Mason Black",30171,696131
"Daniel Palencia","CHC",1,0,2,8,0,7,9.00000122615286,2.57142892175796,1.28571446087898,0.2777777777777778,0.90909091,0.315789473,0.111111111,99.37121269030449,2.57142892175796,4.6380575533297925,3.831576499160469,3.7793288464427897,0.05297853425145149,"Daniel Palencia",27914,694037
"Dax Fulton","MIA",0,0,0,1,0,4,6.75,4.5,0,0.2727272727272727,0.6,0.727272727,0,95.8681281594669,4.5,2.9922553776560314,3.1172906875610353,3.468242534250021,0.05232957750558853,"Dax Fulton",27757,690978
"Stephen Kolek","KCR",1,0,0,1,1,6,4.5,0,1.5,0.16666666666666666,0.38461538,0.421052631,0.166666666,94.14299210258152,4.5,3.522474686478894,4.283957354227702,3.521098074316979,0.051186881959438324,"Stephen Kolek",21487,663568
"Austin Voth","TOR",0,0,0,1,0,2.2,3.3750008046628963,3.3750008046628963,0,0.3,0.75,0.3,0,91.5165506998698,3.3750008046628963,3.140741236356777,3.492290776968024,6.124430254686372,0.05010177567601204,"Austin Voth",15047,608723
"Logan VanWey","HOU",0,0,0,2,0,2,13.5,0,0,0.25,1,0.25,0,93.65516764322916,0,1.199630736067954,0.11729068756103533,2.2230017676949503,0.0476856604218483,"Logan VanWey",31884,701121
"Jared Koenig","MIL",0,0,0,3,0,2.1,15.428573530547759,7.714286765273879,0,0.42857142857142855,0.6,0.428571428,0,96.08489990234375,0,2.0607036229073126,2.2601477136417154,3.463411351935614,0.046721093356609344,"Jared Koenig",27517,657649
"Craig Kimbrel","NYM",0,2,0,10,0,9.1,11.571430147910819,5.7857150739554095,0.9642858456592349,0.391304347826087,0.54794521,0.208333333,0.09090909,93.56423514229911,6.750000919614645,4.349566309324149,3.8672907897404403,4.128920959775655,0.046654731035232544,"Craig Kimbrel",6655,518886
"Ryan Yarbrough","NYY",0,0,0,8,0,12.2,7.105264049487873,3.5526320247439367,0.7105264049487873,0.20588235294117646,0.73529412,0.323529411,0.055555555,87.93216959635417,3.5526320247439367,2.4705427624142233,4.222553984148037,5.191122497393183,0.044395044445991516,"Ryan Yarbrough",16502,642232
"Josh Ekness","MIA",0,0,1,4,0,3.1,5.40000051498418,2.70000025749209,0,0.2222222222222222,0.66666667,0.333333333,0,97.34957320601852,2.70000025749209,7.080384460809089,2.8172906589508036,4.080717427520918,0.04335026070475578,"Josh Ekness",33785,694795
"Lazaro Estrada","TOR",0,0,0,1,0,4,6.75,4.5,0,0,1,0.5,0,92.3325259560033,0,2.9203079676243426,3.1172906875610353,3.468242534250021,0.04311027005314827,"Lazaro Estrada",24914,681751
"Kyle Backhus","PHI",0,0,0,10,1,9.2,9.310347276976296,0.9310347276976296,1.8620694553952593,0.32142857142857145,0.65217391,0.533333333,0.222222222,,4.655173638488148,2.9357424490429533,4.048325415258665,2.665662963311531,0.041827489621937275,"Kyle Backhus",29615,679775
"Ryan Gusto","MIA",0,0,0,1,0,1,9,0,0,0,1,0.5,0,94.89745330810547,0,20.33285187511687,1.1172906875610353,2.5210980743169786,0.03928161412477493,"Ryan Gusto",26440,687473
"Jake Bennett","BOS",1,1,0,2,2,10.1,3.4838710749186568,3.4838710749186568,0.8709677687296642,0.30303030303030304,0.73529412,0.666666666,0.166666666,92.93839345079788,4.354838843648321,5.534107526977659,4.762452028494845,4.319501465242471,0.038420092314481735,"Jake Bennett",31959,687562
"Kervin Castro","NYY",0,0,0,1,0,2,9,0,0,0.3333333333333333,0.5,0.5,0,93.88778250558036,4.5,4.018675890870628,1.1172906875610353,1.819194380939007,0.038008976727724075,"Kervin Castro",21656,665645
"Jayden Murray","HOU",0,0,0,5,0,7,6.428571428571429,6.428571428571429,0,0.36363636363636365,0.69230769,0.363636363,0,95.33694893973214,5.142857142857143,2.825537489801294,3.8315764018467497,6.037559438177517,0.03708792105317116,"Jayden Murray",26482,681151
"Sean Manaea","NYM",0,0,0,9,0,23.1,10.028572794856043,4.242857720900634,1.157143014791082,0.37681159420289856,0.67010309,0.323943661,0.103448275,90.26035563151042,6.557143750482798,5.306417687272638,4.360147999744049,4.433451476127527,0.033951085060834885,"Sean Manaea",15873,640455
"William Kempner","MIA",0,0,0,1,0,1,9,0,0,0,1,0.5,0,98.02919921875,0,0.6093012596342252,1.1172906875610353,2.5210980743169786,0.03371535986661911,"William Kempner",31615,687531
"Yacksel Ríos","CHC",0,0,0,1,0,1.2,10.800004119874618,0,0,0,1,0.333333333,0,98.51786041259766,0,4.510702723178379,0.7172897720333422,1.5595745253930429,0.03357640281319618,"Yacksel Rios",15007,605441
"Chase Silseth","LAA",0,0,0,17,0,13.1,9.450002928973152,6.75000209212368,0.675000209212368,0.3055555555555556,0.87378641,0.444444444,0.076923076,96.22222541360294,2.700000836849472,3.6849074966666775,4.242291036248315,4.636003360364192,0.033562853932380676,"Chase Silseth",30074,681217
"Keegan Akin","BAL",0,0,0,7,1,6.2,9.450000901222316,0,2.70000025749209,0.42857142857142855,0.48780488,0.318181818,0.2,93.38807136781755,9.450000901222316,4.3558459192256365,4.917290859222428,3.1230017682396007,0.033365387469530106,"Keegan Akin",19362,669211
"Richard Lovelady","- - -",2,1,1,15,1,17,9.000002019546065,6.352942602032516,0.5294118835027096,0.32608695652173914,0.83333333,0.488888888,0.083333333,91.86859187373409,2.1176475340108385,4.046797897030852,4.176114454566455,4.402331484214737,0.032915810123085976,"Richard Lovelady",19337,663992
"Kirby Yates","LAA",0,0,0,2,0,1.2,10.800004119874618,5.400002059937309,0,0.5,0.5,0.333333333,0,90.5203515625,10.800004119874618,5.727528587960918,2.517290458679112,3.3595752120388127,0.03269997239112854,"Kirby Yates",9073,489446
"Nick Davila","SEA",0,0,0,3,0,3,6,3,0,0.3333333333333333,1,0.333333333,0,95.6253173828125,0,6.862927976401784,2.7839573542277023,4.187764740983646,0.03233348950743675,"Nick Davila",27741,689546
"JT Brubaker","SFG",0,0,0,14,0,18.2,7.232143842444263,5.303572151125792,0.48214292282961746,0.3392857142857143,0.74324324,0.368421052,0.047619047,93.57301958869485,3.8571433826369397,5.422336542017668,3.9744336614803553,4.857288520431649,0.03223948925733566,"JT Brubaker",17578,664141
"Tim Mayza","PHI",1,1,0,18,1,21,9.000000817435202,3.0000002724784007,1.2857144024907432,0.18867924528301888,0.71428571,0.553571428,0.176470588,94.88468170166016,3.428571739975315,2.7603397921050137,4.1172907783871695,3.3965633593477684,0.03100307285785675,"Tim Mayza",15042,641835
"Alec Gamboa","BOS",0,0,0,1,0,1,18,0,0,0,1,0,0,95.40164184570312,0,0.21099498766838512,-0.8827093124389647,0.5210980743169786,0.03053872101008892,"Alec Gamboa",26227,687941
"Jake Rogers","DET",0,0,0,1,0,1,9,0,0,0.5,1,0.25,0,76.59293038504464,0,7.0150691973899,1.1172906875610353,2.5210980743169786,0.029640698805451393,"Jake Rogers",19452,668670
"Brooks Kriske","ATH",0,0,0,1,0,1,9,0,0,0.5,1,0.25,0,92.8402587890625,0,4.145976395627787,1.1172906875610353,2.5210980743169786,0.029614022001624107,"Brooks Kriske",21189,621139
"Jack Anderson","BOS",0,0,0,3,0,8,6.75,2.25,1.125,0.30434782608695654,0.81395349,0.391304347,0.111111111,91.022216796875,3.375,5.786506727899265,3.9922906875610353,3.9465739976614715,0.02822493575513363,"Jack Anderson",30086,681252
"Robert Garcia","TEX",0,1,0,9,0,8,6.750001609325793,7.875001877546758,0,0.23809523809523808,0.58333333,0.523809523,0,94.53705193014706,3.3750008046628963,4.491573273469715,4.242290955782001,5.2951467468693405,0.025867575779557228,"Robert Garcia",23363,676395
"Alek Jacob","SDP",1,0,0,1,0,2,13.5,4.5,0,0.25,1,0.25,0,83.68999280427632,0,4.723528301985111,3.1172906875610353,5.22300176769495,0.025517670437693596,"Alek Jacob",29628,689690
"Cody Bolton","HOU",0,1,1,6,3,13.2,11.853659088025864,7.902439392017243,1.317073232002874,0.35294117647058826,0.78512397,0.352941176,0.153846153,94.97438361055107,5.268292928011496,7.38001977127568,5.239242005787888,4.672131932661185,0.02546735107898712,"Cody Bolton",23265,675989
"Fernando Cruz","NYY",3,1,0,19,0,15.1,13.500006997070622,6.456525085555515,1.1739136519191846,0.34375,0.86206897,0.303030303,0.105263157,93.37384787570225,2.9347841297979613,4.082698338527699,4.356421764586841,4.40027007090236,0.02531289868056774,"Fernando Cruz",7048,518585
"Cade Horton","CHC",1,0,0,2,2,7.1,4.909091121894278,2.454545560947139,1.2272727804735695,0.15789473684210525,0.86956522,0.55,0.2,,2.454545560947139,3.1376297820007886,4.617290752584287,3.801704844563188,0.025215795263648033,"Cade Horton",31872,690990
"Jared Shuster","STL",0,0,0,4,0,7.2,2.3478262816575324,3.521739422486299,0,0.2222222222222222,0.66666667,0.518518518,0,93.75575086805556,2.3478262816575324,2.1383978818128155,3.769464654688128,5.600517919694008,0.02495102398097515,"Jared Shuster",27472,694363
"Vince Velasquez","CHC",0,0,0,1,0,2.1,3.8571433826369397,0,0,0.14285714285714285,1,0.142857142,0,91.4923095703125,0,0.749161901466896,2.2601477136417154,5.268306809376461,0.024692773818969727,"Vince Velasquez",11189,592826
"Carl Edwards Jr.","NYM",0,0,0,2,0,6,16.500002622604786,6.000000953674468,1.500000238418617,0.2222222222222222,1,0.4,0.25,,1.500000238418617,2.620266951339214,3.6172907670339076,2.38649549590823,0.024675311520695686,"Carl Edwards Jr.",13607,605218
"Tayler Saucedo","LAA",0,0,0,1,0,0.2,27.000028163224034,0,0,0,0,0,0,92.3230972290039,13.500014081612017,2.346979916922369,1.6172891229374784,1.6172891229374784,0.02277625910937786,"Tayler Saucedo",17888,642048
"Brad Lord","WSN",1,0,0,12,0,25.1,6.394737644539085,2.131579214846362,1.065789607423181,0.26582278481012656,0.75539568,0.61728395,0.15,94.92277554266467,3.5526320247439367,3.7336530334001283,4.183080294984216,3.7518755462087907,0.022406980395317078,"Brad Lord",31972,695418
"Peyton Pallette","CLE",1,2,0,13,0,17.2,9.679245631352753,6.11320776717016,0.5094339805975133,0.2826086956521739,0.67669173,0.340425531,0.058823529,95.58441260026738,4.58490582537762,5.104662044244484,4.079554873134116,4.694539361767001,0.021862035617232323,"Peyton Pallette",31865,688883
"Kyle Freeland","COL",1,4,0,6,6,30,8.4,2.4,2.1,0.3258426966292135,0.70680628,0.4375,0.189189189,91.69127887228261,6,5.189167749307174,5.483957354227702,4.1819864645600315,0.021695055067539215,"Kyle Freeland",16256,607536
"Jake Eder","LAD",1,0,0,4,0,4,2.25,2.25,0,0.23076923076923078,0.75,0.307692307,0,95.40295780066288,2.25,9.925095648664787,3.3672906875610353,6.174905461072922,0.0208930391818285,"Jake Eder",27590,671109
"Cam Sanders","PIT",0,0,0,5,0,5,12.600002403259735,9.000001716614097,0,0.42857142857142855,0.5,0.153846153,0,95.86313384433963,10.800002059936917,4.62792806827759,3.9172908401489552,5.601860025562161,0.020773809403181076,"Cam Sanders",23479,676742
"Jordan Romano","LAA",0,2,4,11,0,8,13.500003218651585,6.750001609325793,1.1250002682209654,0.45454545454545453,0.54216867,0.347826086,0.1,94.67821226728724,10.125002413988689,4.296858582202188,4.36729098558433,4.497050249966279,0.020438741892576218,"Jordan Romano",16122,605447
"Carlos Rodriguez","MIL",0,0,0,2,0,4,11.25,0,2.25,0.36363636363636365,1,0.333333333,0.166666666,93.97126988002232,2.25,1.3399672874688937,3.8672906875610353,2.7230017676949503,0.019988026469945908,"Carlos Rodriguez",30161,692230
"Zach Eflin","BAL",0,0,0,1,1,3.2,17.181821161065738,4.909091760304496,2.454545880152248,0.42857142857142855,1,0.5,0.5,91.94852992466518,2.454545880152248,3.747245235115135,4.480927287645618,1.7011853802455024,0.01955823227763176,"Zach Eflin",13774,621107
"Chase Shugart","PHI",2,0,0,12,0,13.2,9.219513910714854,1.9756101237246115,1.3170734158164077,0.2727272727272727,0.98591549,0.457142857,0.133333333,96.09059244791666,1.9756101237246115,3.7975802892661656,4.288022612731176,3.9263477260154938,0.01820623129606247,"Chase Shugart",21544,663767
"P.J. Higgins","CIN",0,0,0,1,0,1,9,0,0,0,1,0,0,53.644281005859376,0,0.08341555652393026,1.1172906875610353,3.924905461072922,0.017811868339776993,"P.J. Higgins",18433,664731
"Reese McGuire","CHW",0,0,0,1,0,1,0,0,0,0,1,0,0,65.15606689453125,0,0.05950962917515829,3.1172906875610353,7.328712847828865,0.01777038350701332,"Reese McGuire",15674,624512
"Andrew Kittredge","BAL",0,1,0,7,0,5.2,11.11765017724042,4.764707218817324,1.5882357396057745,0.5217391304347826,0.4109589,0.434782608,0.166666666,,12.705885916846196,3.100021711923841,4.529055789432835,3.7213222076700774,0.017702272161841393,"Andrew Kittredge",12828,552640
"Hunter Stratton","ATL",0,0,0,1,0,1,9,0,0,0.5,1,1,0,96.75177001953125,0,1.4444929795758106,1.1172906875610353,1.1172906875610353,0.01764034293591976,"Hunter Stratton",23455,676702
"Jesse Scholtens","TBR",3,2,0,6,2,27.1,6.9146344680150875,3.2926830800071847,1.317073232002874,0.23376623376623376,0.85034014,0.407407407,0.125,93.16016582414215,3.2926830800071847,4.234401121513501,4.909973697787169,4.65101647999116,0.01662158966064453,"Jesse Scholtens",19205,669947
"Tyler Schweitzer","CHW",0,0,0,2,0,2.1,3.8571433826369397,3.8571433826369397,0,0.25,0.66666667,0.375,0,94.69490559895833,3.8571433826369397,2.301743242909768,3.5458621745206953,5.952389451108491,0.014527363702654839,"Tyler Schweitzer",31920,805326
"José Urquidy","PIT",0,1,1,5,0,6.1,8.526316217438357,2.8421054058127857,1.4210527029063929,0.5185185185185185,0.44871795,0.5,0.111111111,92.98975372314453,8.526316217438357,3.914760722343536,4.222553900932675,4.164806500266267,0.014015613123774529,"Jose Urquidy",18413,664353
"Yariel Rodríguez","TOR",0,0,0,1,0,1,18,9,0,0,1,0,0,96.56299845377605,0,2.152321452238935,2.1172906875610353,2.1172906875610353,0.013347337022423744,"Yariel Rodriguez",33838,684320
"Jose Trevino","CIN",0,0,0,4,0,5,1.8,1.8,0,0.5384615384615384,0.5,0.346153846,0,41.09605341372283,14.4,8.6009555134358,3.917290687561035,5.601859551668167,0.011137316934764385,"Jose Trevino",16725,624431
"Seth Johnson","PHI",0,0,0,3,0,3.2,9.818183520608992,7.363637640456744,0,0.38461538461538464,0.44444444,0.384615384,0,97.60505981445313,7.363637640456744,5.443755873557052,4.208199967628701,6.122483099678198,0.00996105931699276,"Seth Johnson",26020,686751
"Matt Strahm","KCR",1,0,0,15,0,14.2,9.204545853551771,3.681818341420709,1.2272727804735695,0.2564102564102564,0.80246914,0.341463414,0.09090909,91.45024896978022,3.681818341420709,2.2976335818894604,4.2763816468971845,4.609365468738287,0.009718287736177444,"Matt Strahm",13799,621381
"Paul Sewald","ARI",0,3,9,17,0,14.2,11.045456460685116,2.454545880152248,1.840909410114186,0.10344827586206896,0.73529412,0.096774193,0.125,91.59212493896484,3.0681823501903103,3.560663713512745,4.344563627637159,3.98261201593162,0.009551770985126495,"Paul Sewald",13892,623149
"Christian Koss","SFG",0,0,0,2,0,2,0,0,0,0.5,0.4,0.4,0,,13.5,7.250206168427796,3.1172906875610353,5.22300176769495,0.00935846846550703,"Christian Koss",27653,683766
"Philip Abner","ARI",0,0,0,1,0,2.1,3.8571433826369397,3.8571433826369397,0,0.16666666666666666,0,0.5,0,89.88478440504808,7.714286765273879,2.201110252871359,3.5458621745206953,4.749125812814594,0.0068337214179337025,"Philip Abner",33821,691769
"Hunter Dobbins","STL",0,0,0,1,1,4.1,8.307692917141027,10.384616146426286,0,0.2,0.57142857,0.6,0,95.58687789351852,6.230769687855771,5.174670642530206,4.732675421449569,6.028497719669858,0.006669272668659687,"Hunter Dobbins",30240,690928
"Easton McGee","MIL",0,0,0,2,0,2,4.5,4.5,0,0.25,1,0.75,0,92.49376424153645,0,7.588926180300006,3.6172906875610353,3.6172906875610353,0.006630486808717251,"Easton McGee",22176,668834
"Garrett Stubbs","PHI",0,0,0,1,0,1,0,0,0,0,1,0,0,43.984799194335935,0,5.771632136207733,3.1172906875610353,5.924905461072922,0.005885252263396978,"Garrett Stubbs",18067,596117
"Jose Espada","BAL",0,0,0,1,0,1,0,0,0,0.5,1,0.5,0,93.92097981770833,0,4.678670262087482,3.1172906875610353,4.521098074316979,0.005265178624540567,"Jose Espada",21131,664744
"Chris Paddack","MIA",0,5,0,7,6,30.2,7.923913700594173,2.9347828520719155,1.7608697112431495,0.3431372549019608,0.5733945,0.392523364,0.136363636,93.11572136450066,7.630435415386981,4.333339714541136,4.975986493873249,4.446666613584057,0.004429684951901436,"Chris Paddack",20099,663978
"Tyler Tolbert","KCR",0,0,0,1,0,0.2,0,0,0,0.5,1,0.5,0,51.86168212890625,0,3.456490416383852,3.1172906875610362,3.1172906875610362,0.0037835983093827963,"Tyler Tolbert",25779,686475
"Austin Hedges","CLE",0,0,0,1,0,0.1,0,0,0,0,1,0,0,71.10514831542969,0,11.338883119027079,3.1172906875610362,3.1172906875610362,0.0018214751034975052,"Austin Hedges",12976,595978
"Jonathan Cannon","CHW",0,0,0,1,0,0,0,27,0,0,0.66666667,0,0,94.96405029296875,9,46.75535580234732,12.117290687561034,12.117290687561034,0,"Jonathan Cannon",31730,686563
"Lou Trivino","BAL",0,0,0,2,0,3,9.000002861023859,9.000002861023859,0,0.5,0.33333333,0.333333333,0,96.07855224609375,18.000005722047717,3.657770986854275,4.117291005452575,6.4569707271433,-0.0008654355769976974,"Lou Trivino",15043,642152
"Matt Pushard","STL",0,0,0,1,0,1,9,9,0,0.6,0.25,0.2,0,94.91879708426339,27,7.365133540125992,4.117290687561035,8.328712847828864,-0.0010012034326791763,"Matt Pushard",31870,690155
"Dylan Smith","SFG",0,0,0,1,0,0.2,0,13.500014081612017,0,0,1,0,0,94.1854019165039,0,2.299091165021214,7.617295381431708,11.828721934559754,-0.0038333407137542963,"Dylan Smith",30145,681916
"Travis Adams","MIN",0,0,0,1,0,1.1,13.500003218651585,13.500003218651585,0,0.6666666666666666,0.66666667,0.8,0,94.27123084435097,13.500003218651585,3.0899021931146025,4.617291045188989,5.670146836276329,-0.005216284655034542,"Travis Adams",30180,701519
"Jackson Rutledge","WSN",0,0,0,1,0,1.1,13.500003218651585,13.500003218651585,0,0.75,0.125,0.75,0,,47.25001126528055,7.762487317797271,4.617291045188989,5.670146836276329,-0.005387195385992527,"Jackson Rutledge",26215,671131
"Kendry Rojas","MIN",1,0,0,2,0,5.1,8.43750050291422,10.125000603497064,0,0.5,0.92307692,0.5,0,96.24177631578948,1.687500100582844,7.1375693787523575,4.617290776968008,5.670146379790049,-0.006461460143327713,"Kendry Rojas",29423,696070
"Ryne Nelson","ARI",1,3,0,8,8,38,8.289474516364098,3.3157898065456397,1.894737032311794,0.23853211009174313,0.48913043,0.258620689,0.125,96.33833385286783,5.684211096935383,5.073196645738519,5.117290888334596,4.744755923368077,-0.006505479570478201,"Ryne Nelson",26253,669194
"Blake Treinen","LAD",1,1,0,15,0,12,9.000001430511702,2.2500003576279255,1.500000238418617,0.3235294117647059,0.84507042,0.583333333,0.2,94.80989837646484,3.7500005960465423,7.669224714753783,4.283957539664404,3.2871302035195855,-0.0068682217970490456,"Blake Treinen",12572,595014
"Anthony Molina","ATL",0,0,0,1,0,2,0,4.5,0,0,1,0.8,0,96.49632679332386,0,3.1142398272857683,4.617290687561035,5.319194380939007,-0.008206328377127647,"Anthony Molina",26952,683627
"Doug Nikhazy","CHW",0,0,0,1,0,2,4.5,9,0,0.16666666666666666,0.66666667,0.833333333,0,88.06918674045139,4.5,3.355400611861805,5.117290687561035,5.819194380939007,-0.009174114093184471,"Doug Nikhazy",30142,680951
"Carlos Rodón","NYY",0,0,0,1,1,4.1,8.307692917141027,10.384616146426286,0,0.18181818181818182,0.625,0.7,0,95.46626499720982,6.230769687855771,4.5245707269266005,5.4249831645446545,6.072894313654799,-0.010069993324577808,"Carlos Rodon",16137,607074
"Mason Barnett","ATH",0,0,0,1,0,2,4.5,9,0,0.16666666666666666,1,0.666666666,0,95.51087188720703,0,3.853349171589493,5.117290687561035,5.819194380939007,-0.010394740849733353,"Mason Barnett",31741,686930
"Seth Halvorsen","COL",0,0,0,3,0,3,6,9,0,0.2222222222222222,0.8,0.777777777,0,99.05384018841912,3,4.059545901311905,4.783957354227702,5.251893149813017,-0.012490102089941502,"Seth Halvorsen",33294,678020
"Duncan Davitt","CHW",0,0,0,1,0,1,0,9,0,0,1,0.5,0,92.71275329589844,0,36.07428454209492,6.117290687561035,7.521098074316979,-0.012513445690274239,"Duncan Davitt",31886,701474
"Joel Peguero","SFG",0,0,0,3,0,3.1,2.70000025749209,2.70000025749209,0,0.18181818181818182,0.5,0.727272727,0,100.5594482421875,2.70000025749209,1.97262936524078,4.317290802001965,5.58071757057208,-0.013465273194015026,"Joel Peguero",21951,666711
"Dylan Moore","PHI",0,0,0,2,0,1.2,0,5.400002059937309,0,0.16666666666666666,0.66666667,0.666666666,0,68.56129760742188,5.400002059937309,6.095320481232869,6.717292060852575,7.559576814212275,-0.01361493207514286,"Dylan Moore",18042,664238
"Chase Petty","CIN",0,0,0,1,1,5.2,1.588235472312868,3.176470944625736,1.588235472312868,0.15789473684210525,0.65217391,0.4,0.142857142,97.72444915771484,4.764706416938604,6.233869400252264,6.117291024152008,5.55728832143168,-0.01454235427081585,"Chase Petty",30170,695534
"Dean Kremer","BAL",0,1,0,2,2,11,13.090909090909092,1.6363636363636365,3.272727272727273,0.19047619047619047,0.68181818,0.36,0.333333333,93.6638671875,4.090909090909091,4.101342161639696,5.4809270511973995,2.2850805640220644,-0.014866621233522892,"Dean Kremer",19350,665152
"Cole Henry","WSN",0,2,0,7,0,7,10.28571568703184,5.14285784351592,1.28571446087898,0.35,0.51724138,0.238095238,0.083333333,94.14865885416667,6.4285723043948995,4.467566029465858,4.831576635399676,5.380960801828945,-0.014984378591179848,"Cole Henry",27570,669371
"Jordan Hicks","CHW",0,1,1,16,0,14.2,5.522728589448376,7.977274629203209,0,0.3404255319148936,0.79310345,0.54347826,0,98.32823689778645,3.6818190596322506,3.6361982070538184,4.549109210751355,5.889107490317059,-0.015271645970642567,"Jordan Hicks",19618,663855
"Miguel Rojas","LAD",0,0,0,1,0,1,0,9,0,0.25,0.66666667,0.5,0,54.825229220920136,9,6.192076392333811,9.117290687561034,10.521098074316978,-0.01575818844139576,"Miguel Rojas",7802,500743
"Alek Manoah","LAA",0,0,0,2,0,6,4.5,7.5,0,0.11764705882352941,1,0.294117647,0,89.2972412109375,0,4.715052746647487,4.617290687561036,6.956969665487608,-0.015850549563765526,"Alek Manoah",26410,666201
"Kyle Leahy","STL",4,3,0,8,8,39.2,7.260504667170207,3.857143104434172,1.3613446250944137,0.32786885245901637,0.81597222,0.488188976,0.171428571,93.92665030103211,4.31092464613231,6.023010279064615,4.98283702565338,4.255104000924066,-0.0169959869235754,"Kyle Leahy",24763,681517
"Jose Quintana","COL",1,2,0,6,6,30,4.200000267028826,3.900000247955338,1.5000000953674377,0.23404255319148937,0.76470588,0.319587628,0.1,89.91950717037672,3.900000247955338,4.475598932675352,5.750624188317204,5.923636510576936,-0.01780267432332039,"Jose Quintana",11423,500779
"Trent Thornton","CHC",1,0,0,2,0,2,0,4.5,0,0.16666666666666666,1,0.666666666,0,95.0301513671875,0,15.809819242441474,4.617290687561035,5.319194380939007,-0.019315611571073532,"Trent Thornton",17948,663423
"Elmer Rodríguez","NYY",0,1,0,2,2,8.2,5.192308073213143,8.307692917141027,0,0.3448275862068966,0.75,0.448275862,0,95.51072966746794,5.192308073213143,7.487535693769726,5.4249831645446545,7.044761037320017,-0.020139986649155617,"Elmer Rodriguez",31811,695684
"Gregory Santos","SFG",0,0,0,3,0,5,1.8000003433228193,5.400001029968458,0,0.2777777777777778,0.375,0.5,0,96.26154119318181,3.6000006866456387,5.951430716226515,4.517290954589895,5.921098609100899,-0.0213059950619936,"Gregory Santos",21894,666619
"Phil Maton","CHC",0,1,0,11,0,9.2,12.103451460069186,4.655173638488148,0.9310347276976296,0.36,0.60240964,0.56,0.142857142,,7.448277821581037,4.946426234018296,4.255222021413694,3.9269445254590827,-0.021641606464982033,"Phil Maton",18064,664208
"Jason Adam","SDP",1,0,1,13,0,12,3.7500002980232474,2.2500001788139485,0.7500000596046495,0.16216216216216217,0.9375,0.513513513,0.066666666,93.2205226732337,1.500000119209299,2.4906508935485188,4.367290786902117,5.038716740373854,-0.02221069484949112,"Jason Adam",11861,592094
"Ian Hamilton","ATL",0,0,0,1,0,1,9,18,0,0.5,0.25,0.5,0,94.58438449435764,27,10.27607087830241,7.117290687561035,8.521098074316978,-0.024765444919466972,"Ian Hamilton",19261,641656
"Yerry De los Santos","NYY",0,0,0,2,0,5.1,10.125000603497064,5.062500301748532,1.687500100582844,0.2727272727272727,1,0.833333333,1,95.72760009765625,1.687500100582844,3.1256474725880774,4.9922907993197505,2.818004554738931,-0.025835910812020302,"Yerry De los Santos",21420,660787
"Zach Agnos","COL",0,0,2,12,0,24.2,6.932433147165778,3.6486490248240933,1.094594707447228,0.3076923076923077,0.59171598,0.405063291,0.096774193,94.64382742117117,5.837838439718549,4.740041164520928,4.4956692080501375,4.678832564343762,-0.02691355161368847,"Zach Agnos",31552,688642
"Joey Wiemer","WSN",0,0,0,1,0,1,0,9,0,0.4,0.75,0.4,0,57.17465389476103,9,8.564726128457025,9.117290687561034,11.924905461072921,-0.027438826858997345,"Joey Wiemer",27690,686894
"Chris Murphy","CHW",1,0,1,6,0,6,9.000001430511702,7.500001192093085,1.500000238418617,0.4,0.55555556,0.4,0.125,95.40657552083333,10.500001668930318,4.080943010292947,5.783957778083021,5.489034246880779,-0.027794556692242622,"Chris Murphy",26214,669684
"Bennett Sousa","HOU",0,0,0,5,0,3.1,10.80000102996836,13.50000128746045,0,0.375,0.625,0.125,0,93.880126953125,8.10000077247627,5.998818696178378,5.217290887832661,6.901859912592815,-0.02845531702041626,"Bennett Sousa",21345,656986
"Charlie Barnes","CHC",0,0,0,1,0,3,3,9,0,0.3333333333333333,0.5,0.416666666,0,90.099296875,9,6.546193420498289,6.450624020894369,7.386495612064998,-0.030223948881030083,"Charlie Barnes",19865,656212
"Shane Smith","CHW",0,2,0,3,3,8.1,11.880001812744418,9.720001483154523,1.080000164794947,0.4074074074074074,0.48543689,0.444444444,0.1,95.4727684227196,10.80000164794947,4.502305361533122,5.637291072082578,5.761859955197414,-0.03118780441582203,"Shane Smith",31687,681343
"José Fermin","LAA",1,1,0,6,0,6.2,10.800002574921269,4.050000965595475,1.3500003218651586,0.14285714285714285,0.60606061,0.466666666,0.25,96.48592476222827,5.4000012874606345,4.370381128300003,4.91729111671458,3.809575284668111,-0.03249192610383034,"Jose Fermin",33908,820862
"Lucas Sims","CHW",0,2,0,9,0,10,9.000001716614097,6.300001201629867,0.9000001716614097,0.2962962962962963,0.64102564,0.384615384,0.1,94.2138922275641,4.5000008583070485,4.419201400499889,4.817291011810365,4.921098418365999,-0.03871201351284981,"Lucas Sims",13470,608371
"Sam Aldegheri","LAA",1,0,0,2,1,5.2,3.176470944625736,4.764706416938604,1.588235472312868,0.25,0.78947368,0.19047619,0.083333333,92.37894984654018,4.764706416938604,7.90462169881619,6.293761632186771,6.972412644989009,-0.03874988853931427,"Sam Aldegheri",26443,691951
"Sam Hentges","SFG",0,0,0,1,0,0.1,0,27.000028163224034,0,0,1,1,0,92.955517578125,0,7.278405847833736,12.117300075302381,12.117300075302381,-0.03896906599402428,"Sam Hentges",18548,656529
"Chris Devenski","PIT",0,0,0,3,0,2.1,11.57143487736014,0,3.857144959120047,0.5,0.83333333,0.444444444,0.333333333,93.15340983072916,7.714289918240094,3.4647825132538506,6.117292322432183,2.3507569099480614,-0.04232719540596008,"Chris Devenski",12763,606965
"Trevor Martin","TBR",0,0,0,3,0,4.1,8.307692917141027,2.076923229285257,2.076923229285257,0.35714285714285715,0.75757576,0.533333333,0.2,95.60358220880681,6.230769687855771,5.630399867406897,5.655752412243016,4.275530064939673,-0.04353601485490799,"Trevor Martin",31878,694680
"Bailey Falter","KCR",0,0,0,2,0,3.1,10.80000102996836,5.40000051498418,2.70000025749209,0.5384615384615384,0.58139535,0.214285714,0.2,92.86825933689025,13.50000128746045,3.423670987874084,6.41729100227359,4.623001911290763,-0.04648881033062935,"Bailey Falter",20070,663559
"Luis Mey","CIN",0,0,0,3,0,5,10.8,5.4,1.8,0.1,1,0.636363636,0.25,98.29104614257812,1.8,4.677525552356809,6.3172906875610355,4.840336596965789,-0.04674019291996956,"Luis Mey",25620,682825
"Julian Fernández","WSN",0,0,0,3,0,4,6.75,4.5,2.25,0.16666666666666666,0.55555556,0.25,0.111111111,96.60911923363095,2.25,3.588799537806254,6.367290687561035,6.275857307761908,-0.04723171889781952,"Julian Fernandez",18341,642759
"Cole Sands","MIN",1,1,1,12,0,11.2,8.485716135453607,3.0857149583467667,1.5428574791733833,0.30303030303030304,0.75757576,0.44117647,0.153846153,93.93578069982394,4.62857243752015,4.276735849368109,4.488719557937376,3.8243905012246135,-0.04760890454053879,"Cole Sands",21461,663485
"Cole Winn","TEX",2,1,1,18,0,16,10.125001810491408,3.9375007040799925,1.6875003017485681,0.29545454545454547,0.79787234,0.29787234,0.136363636,95.17768998579545,4.500000804662848,4.233726522358905,4.617290955781985,4.110026021865369,-0.048651158809661865,"Cole Winn",22113,668390
"Ethan Roberts","CHC",0,0,0,5,0,5.2,3.176471479211549,4.764707218817324,0,0.07142857142857142,1,0.642857142,0,,0,4.8282509561107165,5.0584677026347595,6.0493908418207045,-0.04898422956466675,"Ethan Roberts",24930,681799
"Wilber Dotel","PIT",0,0,0,3,0,6.2,5.40000051498418,4.050000386238135,1.350000128746045,0.058823529411764705,1,0.5,0.111111111,98.36899499725877,1.350000128746045,3.3768820812124294,5.217290887832661,5.1624308547213245,-0.051559507846832275,"Wilber Dotel",28901,696062
"César Salazar","HOU",0,0,0,1,0,1,0,0,9,0,1,0.25,0.333333333,51.12582092285156,9,0.7939622389821682,16.117290687561034,7.328712847828865,-0.05254468321800232,"Cesar Salazar",21587,663967
"Luke Little","CHC",0,0,0,1,0,1,9,0,9,0.3333333333333333,1,0.75,1,,9,14.87446095441504,14.117290687561034,2.5210980743169786,-0.054023802280426025,"Luke Little",28036,681432
"Edwin Díaz","LAD",1,0,4,7,0,6,15,7.5,1.5,0.5,0.58823529,0.25,0.142857142,96.06273716517858,10.5,4.434829353231077,4.950624020894369,4.421732638776303,-0.056662265211343765,"Edwin Diaz",14710,621242
"Cooper Criswell","SEA",1,1,1,14,0,17.1,8.307692917141027,1.5576924219639428,1.5576924219639428,0.20512820512820512,0.92592593,0.547619047,0.2,91.06523301866319,2.076923229285257,3.460919637650069,4.213444614128254,3.1782778536507474,-0.05829427391290665,"Cooper Criswell",24975,681867
"Chase Lee","TOR",0,0,0,1,0,1.1,6.750001609325793,0,6.750001609325793,0,1,0.25,0.333333333,90.86380004882812,6.750001609325793,3.503952626536928,11.367292654514781,4.775857703195099,-0.0594538077712059,"Chase Lee",29574,695445
"Taylor Rashi","ARI",1,0,0,3,0,3.2,9.818183520608992,2.454545880152248,2.454545880152248,0.2222222222222222,0,0.5,0.333333333,91.09366280691964,9.818183520608992,4.275118588606586,5.299109247696367,2.902223966706151,-0.059941552579402924,"Taylor Rashi",26344,688497
"Ben Williamson","TBR",0,0,0,1,0,1,0,0,9,0,1,0.25,0.333333333,48.30488804408482,9,16.435727635446604,16.117290687561034,7.328712847828865,-0.06036926060914993,"Ben Williamson",33197,810938
"Matt Waldron","SDP",1,1,0,4,3,18.2,7.232143103468183,2.410714367822728,1.9285714942581822,0.3333333333333333,0.59055118,0.467741935,0.153846153,91.81015061598558,7.714285977032729,3.53357422946424,5.420862194591642,4.590451026432356,-0.06045589596033096,"Matt Waldron",25550,663362
"Kolby Allard","CLE",0,0,0,4,0,8.2,9.346154531783656,3.1153848439278855,2.076923229285257,0.4666666666666667,0.58139535,0.40625,0.2,89.801318359375,10.384616146426286,6.28812023555149,5.4249831645446545,4.044760817241311,-0.06074106693267822,"Kolby Allard",18694,663465
"Tanner Gordon","COL",0,0,0,5,0,17,10.588235294117647,2.1176470588235294,2.6470588235294117,0.3333333333333333,0.70588235,0.29787234,0.208333333,93.77898363797169,6.352941176470588,3.882097771596708,5.29376127579633,3.4520775865106024,-0.060897838324308395,"Tanner Gordon",27669,685299
"Matt Gage","SFG",3,1,0,20,0,17.2,5.603775601576176,5.094341455978341,0.5094341455978342,0.16666666666666666,0.90909091,0.458333333,0.05,92.54771989115169,1.0188682911956684,3.563962369245418,4.3059703606226485,5.159337520661204,-0.0631791427731514,"Matt Gage",17381,657424
"Victor Vodnik","COL",1,2,4,14,0,15.2,8.042553517871351,5.170212975774439,1.1489362168387642,0.3617021276595745,0.64885496,0.458333333,0.117647058,98.93444358301527,6.319149192613204,4.230074984005465,4.904524802643557,4.768230684868934,-0.0638418048620224,"Victor Vodnik",24614,680767
"Tyler Davis","CHW",0,1,0,6,0,6.1,5.684210811625571,4.263158108719178,1.4210527029063929,0.06666666666666667,0.27777778,0.4375,0.125,96.77049719769022,5.684210811625571,3.1605617098744347,5.327817114304313,5.048415904603518,-0.06395821273326874,"Tyler Davis",34847,699823
"Elvis Alvarado","ATH",2,0,0,10,0,9.2,8.379312549278668,6.517243093883407,0.9310347276976296,0.37037037037037035,0.54216867,0.357142857,0.066666666,98.63684303977273,8.379312549278668,7.395453497368902,4.772463536801266,5.6059579769073125,-0.06497931480407715,"Elvis Alvarado",21662,665660
"Scott Barlow","ATH",0,0,0,18,0,18.2,8.196430525609891,4.339286748852295,0.964285944189399,0.11627906976744186,0.69767442,0.422222222,0.1,89.48583244554925,3.3750008046628963,3.2744796889973817,4.778005369220556,4.889227595833654,-0.06825114041566849,"Scott Barlow",14993,605130
"Tyler Heineman","TOR",0,0,0,2,0,3,0,3,3,0.4,0.45454545,0.1875,0.166666666,52.96834202816612,15,13.363103296595357,8.450624020894368,6.924905461072923,-0.0684489756822586,"Tyler Heineman",13897,623168
"Ryan Feltner","COL",1,1,0,5,5,20,7.65,3.6,2.25,0.29310344827586204,0.65217391,0.428571428,0.2,94.92733604029605,6.3,6.434420055557478,5.867290687561035,4.3720499210059645,-0.06871466338634491,"Ryan Feltner",21446,663372
"Gordon Graceffo","STL",2,1,1,17,0,21,4.285715064224073,3.857143557801666,0.4285715064224073,0.1724137931034483,0.77669903,0.457627118,0.041666666,95.69722624747983,1.7142860256896293,5.923991793805237,4.3553861505591005,5.3406900096437955,-0.06889276951551437,"Gordon Graceffo",29519,700669
"Tyler Mahle","SFG",1,4,0,8,8,41.2,9.072000553710971,4.320000263671891,1.7280001054687564,0.30357142857142855,0.7480315,0.470588235,0.19047619,92.5197248542274,5.184000316406269,4.419447341933744,5.037290804748542,3.9563285846218355,-0.06902369856834412,"Tyler Mahle",16358,641816
"Matt Festa","CLE",1,0,1,18,0,19.2,9.152545331710987,2.288136332927747,1.8305090663421975,0.2727272727272727,0.68627451,0.254237288,0.114285714,91.75658628994361,5.033899932441043,3.521963953409456,4.79525733170805,4.649490769489363,-0.0716586783528328,"Matt Festa",19330,670036
"Rolddy Muñoz","ATL",0,0,0,1,0,2,13.5,4.5,4.5,0.5714285714285714,0.65217391,0.625,0.5,96.80260213216145,13.5,8.227763352967047,8.117290687561034,3.0210980743169786,-0.0740801990032196,"Rolddy Munoz",27407,691548
"Connor Seabold","DET",1,0,0,8,0,11,9.000000780279054,4.090909445581388,1.6363637782325553,0.3225806451612903,0.85526316,0.424242424,0.133333333,94.01828237680289,4.090909445581388,2.696714095235298,5.1172908609563805,4.66793725848385,-0.07416271418333054,"Connor Seabold",19695,657756
"Hogan Harris","ATH",2,0,2,22,0,20.2,9.58064899285953,7.403228767209637,0.8709680902599573,0.2727272727272727,0.86956522,0.517857142,0.095238095,95.32816859654018,2.6129042707798718,3.6146484107473222,4.85922686808095,5.02761186067482,-0.07499867677688599,"Hogan Harris",21520,663687
"Mason Englert","TBR",0,1,1,10,1,16,7.312500871718034,2.2500002682209335,2.2500002682209335,0.3269230769230769,0.72164948,0.285714285,0.153846153,93.03582624955611,5.625000670552334,6.205079021592459,5.492290970683132,4.523477858670017,-0.07518278807401657,"Mason Englert",22288,669438
"Tomoyuki Sugano","COL",3,3,0,8,8,42,5.142857142857143,2.5714285714285716,1.9285714285714286,0.2265625,0.82887701,0.445255474,0.155172413,92.30253405448718,4.071428571428571,6.659081014798919,5.617290687561035,4.7701675549859095,-0.07530638575553894,"Tomoyuki Sugano",35321,608372
"Wyatt Mills","LAD",0,0,0,2,0,1.1,0,27.00000643730317,0,0.42857142857142855,0.625,0.571428571,0,91.52937455610795,20.250004827977378,12.323763159244535,14.367293369770689,15.420149160858028,-0.07788892835378647,"Wyatt Mills",20010,670090
"Mitch Farris","LAA",0,0,0,6,0,15,6.600000419616726,2.4000001525879004,1.8000001144409252,0.375,0.91346154,0.431372549,0.2,91.73796181366822,3.6000002288818505,5.0980623748753775,5.050624143812399,3.85443145451646,-0.07796351611614227,"Mitch Farris",33628,815083
"Justin Verlander","DET",0,1,0,1,1,3.2,2.454545880152248,4.909091760304496,2.454545880152248,0.3333333333333333,0.45454545,0.1875,0.142857142,93.26141716452206,12.272729400761241,10.849317865460568,7.753655127848615,6.888196352497997,-0.07899894565343857,"Justin Verlander",8700,434378
"Danny Coulombe","BOS",0,1,0,12,0,8,5.625003688039814,3.375002212823888,1.1250007376079627,0.3076923076923077,0.68965517,0.444444444,0.111111111,90.06148274739583,5.625003688039814,4.648886224226741,4.992291916907639,4.946575197033859,-0.08032715320587158,"Danny Coulombe",13293,543056
"Tyler Uberstine","BOS",0,1,0,1,0,2.2,6.750001609325793,3.3750008046628963,3.3750008046628963,0.2857142857142857,1,0.125,0.25,93.16845092773437,3.3750008046628963,6.009969019241901,7.617291760444897,4.848002180328725,-0.08090123534202576,"Tyler Uberstine",29961,700413
"Bubba Chandler","PIT",1,4,0,8,8,39,7.846153846153846,6.230769230769231,1.3846153846153846,0.22857142857142856,0.74596774,0.321100917,0.111111111,98.6809412301061,4.615384615384615,4.7070000986938965,5.527547097817445,5.471280402556443,-0.08181378245353699,"Bubba Chandler",29868,696149
"Alex Lange","KCR",0,2,0,16,0,18.2,9.64285845659235,6.267857996785027,0.9642858456592349,0.2826086956521739,0.61068702,0.416666666,0.105263157,95.78271484375,5.7857150739554095,5.164426196424265,4.617290891919845,4.6533091297749545,-0.08213619887828827,"Alex Lange",19883,656638
"Mitch Spence","KCR",0,0,0,1,0,4,6.75,11.25,2.25,0.25,0.39473684,0.538461538,0.2,,13.5,5.793284268019481,8.617290687561034,7.1220499210059645,-0.08347681909799576,"Mitch Spence",27707,687765
"Tyler Kinley","ATL",3,2,0,19,0,17.1,9.865385339104972,4.673077265891828,1.5576924219639428,0.2558139534883721,0.80808081,0.333333333,0.157894736,94.74432995854592,3.6346156512491996,3.381958101435975,4.90575235722334,4.194541171300905,-0.08371075242757797,"Tyler Kinley",18297,641755
"Brandon Williamson","CIN",2,3,0,6,6,28,6.107143273158978,6.428571866483134,1.285714373296627,0.2682926829268293,0.69124424,0.337209302,0.095238095,92.76325461647727,6.107143273158978,6.460717649701126,6.081576603772703,6.330144843696129,-0.08483783900737762,"Brandon Williamson",25463,682227
"Eric Cerantola","KCR",0,0,0,2,0,3,15,12,3,0.25,0.65217391,0.6,0.5,94.20558471679688,9,5.24323768485775,8.117290687561036,4.719828945398332,-0.0868571475148201,"Eric Cerantola",30128,672021
"John Klein","MIN",0,1,0,2,0,2.1,3.8571433826369397,3.8571433826369397,3.8571433826369397,0.16666666666666666,0.625,0.428571428,0.25,94.95546875,7.714286765273879,2.466442227262532,9.117291504996274,5.952389451108491,-0.08896446228027344,"John Klein",32155,804619
"Carter Baumler","TEX",0,0,0,4,0,5.2,9.529412833877208,9.529412833877208,1.588235472312868,0.23076923076923078,0.9375,0.285714285,0.142857142,95.2351575020032,3.176470944625736,5.349178923640947,6.999644064325824,6.439641361605496,-0.08963928371667862,"Carter Baumler",30231,691945
"Robby Snelling","MIA",0,1,0,1,1,5,3.6,7.2,1.8,0.26666666666666666,0.78947368,0.428571428,0.2,95.32278878348214,5.4,5.787935521064963,7.3172906875610355,6.121098074316979,-0.09038852155208588,"Robby Snelling",31893,702281
"Anthony Nunez","BAL",1,0,2,19,0,20,9.900000944137663,3.1500003004074384,1.8000001716613934,0.25,0.59782609,0.418181818,0.210526315,96.49131216653963,4.050000386238135,4.1643614101191115,4.567290825843824,3.3009077224902663,-0.09153679758310318,"Anthony Nunez",25796,689296
"Adam Frazier","LAA",0,0,0,2,0,1.1,0,13.500003218651585,6.750001609325793,0.5555555555555556,0.60606061,0.3,0.333333333,64.2532958984375,27.00000643730317,13.937325812627586,17.367294085026597,10.775859133706915,-0.09169802069664001,"Adam Frazier",15223,624428
"Andrew Nardi","MIA",3,2,0,18,0,15.2,9.765959032092647,6.319149961942301,1.148936356716782,0.3170731707317073,0.68965517,0.404761904,0.1,94.715576171875,5.744681783583911,6.126745703974985,4.713035627445455,4.845555717156192,-0.09360191971063614,"Andrew Nardi",25942,677053
"Tyler Holton","DET",0,1,0,17,2,17.1,6.230770716300731,4.153847144200488,1.038461786050122,0.34545454545454546,0.80882353,0.508771929,0.166666666,91.75343987880609,4.153847144200488,4.956017759359299,4.790368009530677,4.262234535983343,-0.09425370395183563,"Tyler Holton",26231,663947
"Cade Povich","BAL",1,1,0,4,3,19.1,5.586207263960165,3.258620903976763,1.8620690879867217,0.25862068965517243,0.74766355,0.419354838,0.137931034,92.05527269203245,5.120689991963484,5.096175958734984,5.806946036875189,5.22300190618893,-0.09736159443855286,"Cade Povich",30055,700249
"Anthony Kay","CHW",2,1,0,8,6,35,6.428571954065482,4.371428928764528,1.5428572689757158,0.2909090909090909,0.75581395,0.421052631,0.146341463,96.01538337628865,4.885714685089766,6.683861313164016,5.803005192815059,5.218893798124704,-0.09816338680684566,"Anthony Kay",20387,641743
"Angel Chivilli","NYY",0,0,0,2,0,2.1,11.57143487736014,11.57143487736014,3.857144959120047,0.2,1,0.5,0.333333333,98.1058349609375,3.857144959120047,6.637409483852156,11.26015226792558,7.4936168554414575,-0.10041284561157227,"Angel Chivilli",26790,683409
"J.P. France","HOU",0,0,0,3,0,6.2,5.40000051498418,6.750000643730225,1.350000128746045,0.25,0.56603774,0.476190476,0.111111111,92.51968149038461,8.10000077247627,7.845118105583105,6.567291016578706,6.51243098346737,-0.10167548060417175,"J.P. France",21212,641585
"Ryan Borucki","SFG",1,1,0,15,0,14,6.428573180218609,3.8571439081311656,1.285714636043722,0.3409090909090909,0.74257426,0.478260869,0.125,,5.142858544174888,3.953398772964218,4.831576868952665,4.578785242079205,-0.10424936562776566,"Ryan Borucki",16350,621366
"James McCann","ARI",0,0,0,4,0,4,0,6.75,2.25,0.42105263157894735,0.56603774,0.55,0.166666666,38.49562290736607,11.25,27.626185247146903,8.617290687561034,7.47300176769495,-0.10681380331516266,"James McCann",12859,543510
"Eli Morgan","KCR",0,1,1,7,0,10.1,7.8387106420099375,5.225807094673291,1.7419356982244305,0.21428571428571427,0.98214286,0.333333333,0.166666666,91.40723431299604,2.6129035473366455,5.866432885148167,5.633420029440769,4.7475188211752535,-0.10825317353010178,"Eli Morgan",20203,669212
"Jacob Webb","CHC",0,1,1,17,0,16.1,9.918369277325315,4.408164123255696,1.6530615462208857,0.3333333333333333,0.73394495,0.5,0.214285714,93.68193866680195,3.8571436078487333,5.6532313791274715,4.770352233781921,3.5858603755687577,-0.10907872021198273,"Jacob Webb",19274,657097
"Slade Cecconi","CLE",2,4,0,8,8,41,6.804878048780488,3.5121951219512195,1.7560975609756098,0.3178294573643411,0.66901408,0.437037037,0.156862745,93.32672402426161,6.146341463414634,5.609751976271989,5.531924833902499,4.741538900355014,-0.10917604714632034,"Slade Cecconi",27500,677944
"Jason Alexander","HOU",0,0,0,2,0,6.1,8.526316217438357,7.1052635145319645,2.8421054058127857,0.42857142857142855,0.45454545,0.478260869,0.333333333,92.88790457589286,14.210527029063929,5.907947026604991,7.696238285814969,4.920897776069496,-0.10919778794050217,"Jason Alexander",19666,669920
"Gavin Hollowell","CHC",0,0,0,1,0,1.2,5.400002059937309,21.600008239749236,5.400002059937309,0.2,0.86956522,0,0.2,93.80606783353366,10.800004119874618,20.002313752027668,16.91729595184527,13.32871674317877,-0.11103378236293793,"Gavin Hollowell",25427,668970
"Ben Casparius","LAD",0,1,0,5,0,4.2,7.714286765273879,7.714286765273879,1.9285716913184698,0.35714285714285715,0.58139535,0.266666666,0.142857142,96.16622999237805,9.64285845659235,6.288190007775169,6.760148326718145,6.080145028494677,-0.11263900995254517,"Ben Casparius",30085,676508
"Ricky Vanasco","DET",0,1,0,2,0,2,9.00000429153647,9.00000429153647,4.500002145768235,0.375,0.2173913,0.444444444,0.25,93.72254774305556,22.500010728841175,3.3226642222006992,10.617294263841426,6.924907276685996,-0.11474715918302536,"Ricky Vanasco",23391,676568
"Reynaldo López","ATL",2,1,0,8,5,26.2,8.100000193119053,4.387500104606154,1.6875000402331362,0.273972602739726,0.78125,0.358974358,0.142857142,93.87692510886271,3.7125000885128996,4.898881798896599,5.329790740311147,4.73478792124235,-0.11511128395795822,"Reynaldo Lopez",16400,625643
"Kyle Finnegan","DET",1,0,1,19,0,19.1,6.05172513299566,6.982759768841146,0.4655173179227431,0.2549019607843137,0.94202899,0.529411764,0.052631578,96.69584821428572,1.3965519537682294,3.949546919448177,4.772463373508566,5.479653507808212,-0.11548294126987457,"Kyle Finnegan",15009,640448
"Cole Wilcox","SEA",0,0,0,11,0,13.1,10.125001689791961,8.10000135183357,0.6750001126527975,0.4,0.77702703,0.43902439,0.125,96.73032078598484,5.40000090122238,7.268420480925564,4.992291000485473,4.859575410389735,-0.11622609198093414,"Cole Wilcox",27481,677961
"Jose Franco","CIN",0,0,0,8,0,14.2,7.363636682841418,6.750000292604632,1.2272727804735695,0.30952380952380953,0.77586207,0.363636363,0.111111111,95.14239130434783,4.295454731657493,5.023813235329523,5.503654427370754,5.453781672591122,-0.1177404448390007,"Jose Franco",27014,683742
"Mitchell Parker","WSN",2,1,0,8,0,17,7.9411764705882355,2.6470588235294117,1.588235294117647,0.2708333333333333,0.61797753,0.413043478,0.176470588,93.45884572723766,5.823529411764706,4.091801511599229,4.705525981678682,3.815215721375802,-0.12125570327043533,"Mitchell Parker",27636,680730
"Shawn Armstrong","CLE",1,0,0,12,0,10.2,10.968752615154413,5.9062514081600686,1.6875004023314482,0.25,0.83333333,0.346153846,0.133333333,93.46197324810606,4.21875100582862,4.767713731259631,5.367291224002966,4.903895251146302,-0.12212268263101578,"Shawn Armstrong",12857,542888
"Johan Oviedo","BOS",0,0,0,1,0,3.2,7.363637640456744,2.454545880152248,4.909091760304496,0.36363636363636365,0.76923077,0.461538461,0.333333333,92.936259765625,9.818183520608992,11.507043719060134,10.208201008000863,5.4144304460204316,-0.12354443967342377,"Johan Oviedo",22487,670912
"Tyler Ferguson","ATH",0,0,0,1,0,1.1,6.750001609325793,0,13.500003218651585,0.4,0,0.285714285,0.4,95.02003784179688,27.00000643730317,30.164331455017855,21.11729497909648,6.881569285369777,-0.12363352626562119,"Tyler Ferguson",19481,621053
"Riley Cornelio","WSN",0,1,0,1,0,2,4.5,18,0,0.2857142857142857,0.5,0.2,0,96.76971794577206,9,7.987213429260002,8.117290687561034,10.924905461072921,-0.1239669919013977,"Riley Cornelio",31953,683000
"Brady Basso","ATH",0,0,0,3,0,2.2,3.37500201165796,3.37500201165796,3.37500201165796,0.36363636363636365,0.86956522,0.166666666,0.2,95.25124942555146,6.75000402331592,12.863478467825182,8.367293816806752,6.124431330123928,-0.12636832892894745,"Brady Basso",25582,669620
"Weston Wilson","BAL",0,0,0,2,0,1.1,0,0,13.500003218651585,0.2857142857142857,0,0.111111111,0.333333333,51.81104924128606,27.00000643730317,17.336029496779027,22.617295336724435,9.434425434085071,-0.1275513470172882,"Weston Wilson",19358,642215
"Michael Kelly","ATH",0,0,0,4,0,4.1,8.307692917141027,8.307692917141027,2.076923229285257,0.38461538461538464,0.81395349,0.285714285,0.25,96.564453125,6.230769687855771,6.142682298901489,7.040367898433187,5.336189976574772,-0.1285189837217331,"Michael Kelly",12791,547184
"Josh Simpson","SEA",0,0,0,2,0,2,13.5,0,9,0,1,0.2,0.5,93.67330169677734,9,15.391568880432477,13.117290687561034,2.924905461072922,-0.1285390704870224,"Josh Simpson",25957,681006
"Nick Raquet","BAL",0,0,0,3,0,2.2,3.3750008046628963,6.750001609325793,3.3750008046628963,0.2222222222222222,0.65217391,0.2,0.166666666,,10.125002413988689,8.922779436522042,10.617292475700804,8.900858686671972,-0.12925398349761963,"Nick Raquet",20333,675919
"Anthony Banda","MIN",1,0,0,20,0,17.2,8.150946329565347,3.566039019184839,1.0188682911956684,0.3018867924528302,0.53191489,0.490566037,0.105263157,94.57503551136364,7.641512183967513,4.028839725646206,4.985215888086428,5.023272902633007,-0.13260309398174286,"Anthony Banda",14706,607455
"Ryan Johnson","LAA",0,1,0,1,1,3.1,5.40000051498418,10.80000102996836,2.70000025749209,0.42857142857142855,0.52083333,0.266666666,0.142857142,,16.20000154495254,5.39749750588188,9.417291288375912,8.465286709773162,-0.13324899971485138,"Ryan Johnson",35325,696270
"Dennis Santana","PIT",2,2,2,18,0,17.1,5.192308073213143,4.673077265891828,1.0384616146426284,0.23076923076923078,0.75471698,0.314814814,0.08,94.15577781593407,3.6346156512491996,5.308457967452425,5.194213916846293,5.718936147776143,-0.13677343726158142,"Dennis Santana",17878,642701
"Joel Payamps","ATL",0,2,0,12,0,7.2,10.565219581690991,4.695653147418218,2.347826573709109,0.3333333333333333,0.39215686,0.217391304,0.153846153,94.14694063780738,8.217393007981883,5.9815801867281895,5.725986880571156,4.715051370265314,-0.1405315101146698,"Joel Payamps",14332,606303
"Trey Gibson","BAL",0,0,0,2,1,6.2,5.40000051498418,4.050000386238135,2.70000025749209,0.22727272727272727,0.83333333,0.5,0.222222222,95.75799239309211,5.40000051498418,6.10116715376053,7.16729107379917,5.1624308547213245,-0.1412188522517681,"Trey Gibson",33794,694346
"Nick Lodolo","CIN",0,1,0,1,1,5.1,3.375000201165688,1.687500100582844,3.375000201165688,0.2,0.71428571,0.352941176,0.25,95.09498506433823,6.750000402331376,13.033461654416877,8.367291000485439,5.598001915556862,-0.14144732058048248,"Nick Lodolo",26378,666157
"Caleb Thielbar","CHC",2,2,2,11,0,8.2,11.423080275045622,5.1923092159298285,2.076923686371931,0.2,0.85365854,0.227272727,0.153846153,93.89262408088236,3.115385529557897,2.4223872670138795,5.309599023175852,4.415309840891113,-0.14206328988075256,"Caleb Thielbar",10078,573204
"Caleb Kilian","SFG",1,1,1,17,0,18,9.000001907349038,6.000001271566025,1.0000002119276707,0.16666666666666666,0.9375,0.465116279,0.1,96.9866291202911,1.5000003178915062,3.524000652703005,4.7284021401111715,4.843743705395172,-0.14215637743473053,"Caleb Kilian",26213,668873
"Connor Phillips","CIN",1,0,1,19,0,20,9.450001802444802,9.450001802444802,0.45000008583070483,0.27450980392156865,0.71808511,0.288461538,0.04,98.21947575136612,5.400001029968458,5.608412263626192,5.26729109764107,6.372050541802141,-0.14272981882095337,"Connor Phillips",27649,683175
"Joe Ross","ARI",0,0,0,3,0,3.2,4.909091760304496,9.818183520608992,2.454545880152248,0.4,0.3125,0.4375,0.2,95.13132887620192,19.636367041217984,10.463117754154666,8.84456440791628,7.213392379745864,-0.1517132967710495,"Joe Ross",12972,605452
"Shaun Anderson","LAA",1,0,0,9,0,16.2,6.480000247192392,4.320000164794928,1.620000061798098,0.2857142857142857,0.59633028,0.470588235,0.176470588,93.2711038961039,5.9400002265930265,5.680583727929496,5.637290783691411,4.729174283540577,-0.15217116475105286,"Shaun Anderson",19453,641312
"Christian Roa","HOU",0,1,0,7,0,8.2,6.230771059115794,7.269232902301759,1.0384618431859656,0.34615384615384615,0.80645161,0.333333333,0.076923076,96.06002604166666,5.1923092159298285,7.637796983280356,6.694214814090472,7.29992607196324,-0.15229423344135284,"Christian Roa",27662,685005
"Josh Fleming","TOR",0,0,0,1,0,3,3,6,3,0.38461538461538464,0.65789474,0.642857142,0.25,,12,10.632163239767975,9.783957354227702,7.322367203235627,-0.1526123434305191,"Josh Fleming",20418,676596
"Cade Gibson","MIA",0,0,0,1,0,1.2,5.400002059937309,5.400002059937309,5.400002059937309,0.5714285714285714,0.53571429,0.375,0.333333333,,21.600008239749236,9.905483771241743,13.317294578553732,8.04414586316783,-0.15369272232055664,"Cade Gibson",31815,806188
"Matthew Liberatore","STL",2,1,0,8,8,42,6.214285714285714,3.4285714285714284,1.7142857142857142,0.2857142857142857,0.84016393,0.383458646,0.148148148,94.43831660829741,4.071428571428571,5.483819637003248,5.3553859256562735,4.684090661009153,-0.1574423462152481,"Matthew Liberatore",22294,669461
"Zak Kent","- - -",0,0,0,4,0,5.2,4.764706416938604,7.94117736156434,3.176470944625736,0.16666666666666666,0.69444444,0.4,0.2,,3.176470944625736,7.056804769221016,9.293761968777744,7.182833590919035,-0.15828340128064156,"Zak Kent",25703,687849
"Brendan Beck","NYY",0,0,0,1,0,3,3,9,3,0.125,0.83333333,0.222222222,0.25,91.92082266971983,6,11.384841540774593,9.783957354227702,7.322367203235627,-0.15837779641151428,"Brendan Beck",33043,694341
"Brandon Pfaadt","ARI",0,1,0,7,3,29.1,6.750000292604632,4.295454731657493,1.5340909755919618,0.26744186046511625,0.63888889,0.505494505,0.15625,93.47367015165442,5.829545707249455,4.761152475140155,5.367290785095912,4.682807904612681,-0.1652669757604599,"Brandon Pfaadt",27782,694297
"Jedixson Paez","CHW",0,0,0,3,0,3,0,9.000002861023859,6.000001907349239,0.18181818181818182,0.23809524,0.307692307,0.25,91.98527018229167,18.000005722047717,12.152864184417448,14.783961062962334,9.860779195940815,-0.16752946376800537,"Jedixson Paez",29114,699151
"Justin Lawrence","PIT",0,2,0,17,0,15.1,9.978262317654075,3.5217396415249675,1.7608698207624838,0.32558139534883723,0.55045872,0.434782608,0.2,95.89769071691177,6.456522676129108,6.015392297496043,5.204247512168424,4.03405891634594,-0.16767138242721558,"Justin Lawrence",17639,664875
"Seranthony Domínguez","CHW",2,3,9,17,0,15.2,11.48936286777769,5.744681433888845,1.7234044301666533,0.20588235294117646,0.78651685,0.378378378,0.1875,97.38786272321428,3.4468088603333067,5.164238692884374,5.351333467406697,4.295647287202044,-0.16785429418087006,"Seranthony Dominguez",19249,622554
"Tyler Gilbert","CHW",0,0,0,2,0,2.2,6.750001609325793,10.125002413988689,6.750001609325793,0.25,0.23809524,0.3,0.333333333,91.6417236328125,20.250004827977378,16.53211259499011,14.742293459177677,8.150858507857995,-0.1696355640888214,"Tyler Gilbert",17964,656457
"Albert Suárez","BAL",1,0,1,6,0,15.2,5.170212975774439,5.170212975774439,1.7234043252581464,0.17777777777777778,0.63291139,0.195652173,0.115384615,93.46109903665413,3.4468086505162927,4.751139035964316,6.181120599131074,6.021481787694407,-0.17006132006645203,"Albert Suarez",6175,544150
"Luis Curvelo","TEX",0,0,0,4,0,5,5.4,3.6,3.6,0.26666666666666666,0.96153846,0.235294117,0.2,95.27495465959821,5.4,4.301897658224957,8.317290687561036,5.924905461072922,-0.1715557873249054,"Luis Curvelo",24710,681168
"Hunter Harvey","CHC",0,1,0,4,0,4,9.000002145767724,2.250000536441931,4.500001072883862,0.2727272727272727,0.9375,0.461538461,0.333333333,96.81593081825658,6.750001609325793,4.825929127428635,8.367291939258873,3.973001971712419,-0.17208418250083923,"Hunter Harvey",15507,640451
"Zach Maxwell","CIN",0,0,0,1,0,1,9,18,18,0.3333333333333333,0.45454545,0,0.666666666,98.44715947690217,36,51.776618433029974,33.11729068756104,11.328712847828864,-0.17349152266979218,"Zach Maxwell",31610,687209
"Greg Weissert","BOS",0,1,0,18,0,15.1,10.565220238807163,3.521740079602387,2.347826719734925,0.3488372093023256,0.77319588,0.434782608,0.266666666,94.05181283010563,5.282610119403581,4.075742107299008,5.334682589532909,3.316667532688099,-0.17423003911972046,"Greg Weissert",20375,669711
"Jovani Morán","BOS",0,0,0,12,1,21.2,8.307693282810304,5.815385297967212,1.2461539924215455,0.18867924528301888,0.88235294,0.363636363,0.103448275,92.32475934709821,2.907692648983606,3.472330877841206,5.148060156692443,5.227002360539339,-0.1757989600300789,"Jovani Moran",20422,663558
"Kyle Nicolas","CIN",1,0,0,7,0,7.1,8.590910580532869,15.954548220989613,1.227272940076124,0.3333333333333333,0.71428571,0.227272727,0.09090909,97.05919780927834,8.590910580532869,8.61416948238136,8.299109767882449,8.632093633026937,-0.17856501042842865,"Kyle Nicolas",27775,693312
"Hoby Milner","CHC",0,0,1,19,0,18.1,2.9454553626196742,2.9454553626196742,0.981818454206558,0.1896551724137931,0.87912088,0.457627118,0.09090909,87.51553780691964,2.454546135516395,5.292540470603065,5.190018535330436,5.456405655160202,-0.17913085222244263,"Hoby Milner",13346,571948
"José Buttó","SFG",0,0,0,3,0,2,22.500012069947044,18.000009655957633,9.000004827978817,0.8,0.69444444,0.142857142,0.5,94.3083267211914,22.500012069947044,12.33308397373582,17.117298197750305,6.924907503637751,-0.1822870522737503,"Jose Butto",23313,676130
"Ryan Thompson","ARI",2,0,0,19,0,14.1,5.651164044039536,3.7674426960263574,1.255814232008786,0.1794871794871795,0.75757576,0.512195121,0.142857142,91.3339092548077,3.1395355800219646,3.5865708584010485,5.140546950241857,4.697754067008081,-0.18308128416538239,"Ryan Thompson",16647,657044
"Hunter Gaddis","CLE",0,1,0,11,0,8,9.000002145767724,5.625001341104827,2.250000536441931,0.4074074074074074,0.72368421,0.448275862,0.166666666,95.19725310496794,7.875001877546758,3.961076269824749,6.242291432619273,5.098002239933384,-0.18626052141189575,"Hunter Gaddis",25636,683769
"David Morgan","SDP",2,0,0,11,0,13.1,10.125002413988689,7.425001770258372,1.3500003218651586,0.39473684210526316,0.73529412,0.552631578,0.181818181,97.5548095703125,6.0750014483932135,3.5035615124204527,5.742291313409955,4.950432218689688,-0.19056393206119537,"David Morgan",31616,688158
"Angel Zerpa","MIL",0,2,2,12,0,12.2,5.68421166755509,4.263158750666317,1.4210529168887724,0.358974358974359,0.57291667,0.575,0.222222222,95.58109907670455,6.394738125999476,7.1602704603776735,5.327817447165792,4.272627746954002,-0.19175422191619873,"Angel Zerpa",22717,672582
"Wandy Peralta","SDP",0,0,0,17,0,18,7.000001483493696,4.000000847710683,1.5000003178915062,0.3137254901960784,0.92436975,0.444444444,0.176470588,95.603544921875,3.0000006357830125,4.3233396349851425,5.228402246075007,4.387553488700984,-0.19388172030448914,"Wandy Peralta",14295,593974
"Emilio Pagán","CIN",2,1,6,15,0,14,7.071429053131448,3.8571431198898805,1.9285715599449402,0.2682926829268293,0.6547619,0.227272727,0.115384615,94.46833767361112,6.428571866483134,4.716134862683644,5.831576586742804,5.65293314997758,-0.19532497227191925,"Emilio Pagan",14771,641941
"Ryan Walker","SFG",0,1,3,16,0,15.1,8.217393007981883,5.869566434272773,1.1739132868545545,0.3617021276595745,0.64885496,0.468085106,0.125,95.52030181884766,6.456523077700051,4.270074957033268,4.943378022668121,4.7125682914314275,-0.19741307199001312,"Ryan Walker",20423,676254
"George Klassen","LAA",0,1,0,2,2,4.2,11.571430147910819,19.2857169131847,1.9285716913184698,0.4,0.64102564,0.533333333,0.333333333,97.02533637152777,11.571430147910819,10.795306961171166,9.760148735435765,7.876881798918399,-0.20502318441867828,"George Klassen",33464,691946
"Griffin Jax","TBR",1,2,0,14,3,18,8.500001801385201,5.000001059638354,1.5000003178915062,0.2653061224489796,0.55045872,0.56,0.166666666,96.70443841475475,5.000001059638354,4.85874830591959,5.061735544087062,4.298876102505348,-0.20524969696998596,"Griffin Jax",20253,643377
"Ryan Watson","BOS",0,0,0,15,0,23.2,6.464789427076466,3.422535579040482,1.90140865502249,0.32051282051282054,0.70588235,0.425,0.166666666,94.26044256036931,6.464789427076466,7.208630713590256,5.821516330259688,4.854511505335372,-0.2056490182876587,"Ryan Watson",27853,670245
"Erick Fedde","CHW",0,4,0,7,5,38,5.684210811625571,3.078947522963851,1.8947369372085239,0.2037037037037037,0.76923077,0.391304347,0.156862745,93.006298828125,3.7894738744170477,4.04731871532069,5.775185557811881,4.922400691969646,-0.2089426926104352,"Erick Fedde",17425,607200
"Chris Roycroft","STL",0,0,0,5,0,3.2,7.363637640456744,12.272729400761241,2.454545880152248,0.4375,0.68965517,0.6875,0.5,,12.272729400761241,5.0690664589321095,9.117291727933196,6.3375498205330825,-0.21483857929706573,"Chris Roycroft",31261,688297
"Andrew Hoffmann","ARI",1,0,0,8,0,11.2,9.257144118328656,6.171429412219104,2.314286029582164,0.37142857142857144,0.625,0.314285714,0.2,94.59811580882354,7.714286765273879,4.589528623598303,6.71729117802218,5.179329037177679,-0.21726208925247192,"Andrew Hoffmann",29633,694851
"Adrian Houser","SFG",0,4,0,7,7,36.1,4.706422183060329,2.724770737561243,1.7339450148117002,0.296875,0.59322034,0.48091603,0.179487179,95.82117745535714,6.192660767184643,5.530801765393106,5.566832057691849,4.569083988373855,-0.2216860055923462,"Adrian Houser",12718,605288
"Kodai Senga","NYM",0,4,0,5,5,20,10.350000987053011,5.850000557899528,2.2500002145767417,0.38181818181818183,0.57575758,0.305084745,0.185185185,96.33967391304348,9.000000858306967,4.6464876080778295,6.16729097843173,4.812430821342719,-0.22196555137634277,"Kodai Senga",31838,673540
"Kody Funderburk","MIN",1,1,1,19,0,16,5.625002011657481,7.312502615154725,0.5625002011657481,0.18181818181818182,0.84070796,0.5,0.076923076,,2.8125010058287403,5.294288538335823,5.492291536927527,5.820385156002153,-0.22233277559280396,"Kody Funderburk",24993,681892
"JoJo Romero","STL",0,1,0,19,0,19.1,7.448277821581037,3.2586215469417037,1.3965520915464444,0.23529411764705882,0.85106383,0.452830188,0.157894736,94.38138427734376,3.2586215469417037,4.994276978811979,4.720739385262508,4.08310164932301,-0.22265365719795227,"JoJo Romero",19574,668941
"Jameson Taillon","CHC",2,2,0,8,8,45.2,7.883212117840404,3.153284847136162,2.1678833324061113,0.21367521367521367,0.85492228,0.346456692,0.171875,91.66051136363636,3.941606058920202,4.229786886001411,5.679334625859166,4.515327395030486,-0.2301788032054901,"Jameson Taillon",11674,592791
"Justin Bruihl","STL",0,0,0,19,0,18,5.500001748403469,6.000001907349239,0.5000001589457699,0.24074074074074073,0.62937063,0.49090909,0.0625,91.98931361607143,5.0000015894577,5.90256839892345,5.283958042992705,5.809564776083869,-0.23812267184257507,"Justin Bruihl",23779,677865
"AJ Blubaugh","HOU",2,2,0,16,0,24,7.87500062584882,5.250000417232546,1.500000119209299,0.24242424242424243,0.74829932,0.303030303,0.102564102,95.57951433634021,4.875000387430222,4.598762648831694,5.40895753635302,5.52347788226602,-0.23813024163246155,"AJ Blubaugh",31764,805123
"Corbin Martin","CHC",0,0,1,7,0,5,7.2,9,3.6,0.21428571428571427,0.55555556,0.375,0.222222222,95.01512815241227,10.8,6.759037966608783,9.717290687561036,7.0441439837217334,-0.24263200163841248,"Corbin Martin",19884,656686
"Osvaldo Bido","- - -",2,0,1,11,0,18.2,5.303571880167882,4.8214289819708025,1.4464286945912408,0.22641509433962265,0.64516129,0.303571428,0.115384615,94.58840573489012,6.267857676562043,5.9837979242426655,6.278005242408561,6.144022662552934,-0.24583908915519714,"Osvaldo Bido",23150,674370
"Andre Granillo","WSN",0,0,0,8,0,9.1,2.892857832568197,7.714287553515192,1.928571888378798,0.3055555555555556,0.52083333,0.305555555,0.111111111,94.39077447385205,9.64285944189399,6.68474316261393,8.153006173883451,8.07463468679898,-0.25253963470458984,"Andre Granillo",29542,701552
"Jacob Lopez","ATH",3,2,0,8,7,35.1,7.132075728365186,6.11320776717016,2.0377359223900533,0.2803738317757009,0.7480315,0.315789473,0.133333333,90.80309198552912,6.11320776717016,3.352680539188045,6.513517224877791,5.953944842627513,-0.25712067261338234,"Jacob Lopez",25098,682052
"Carlos Estévez","KCR",0,1,0,1,0,0.1,0,54.00005632644807,27.000028163224034,0.75,0,0,0.5,91.25673828125,162.0001689793442,28.08038294950758,60.11735014325622,29.540162569299813,-0.26025986671447754,"Carlos Estevez",14542,608032
"Steven Cruz","KCR",0,0,0,7,0,7,14.142859069668779,6.4285723043948995,5.14285784351592,0.2857142857142857,0.67567568,0.388888888,0.444444444,97.56937255859376,10.28571568703184,4.763351887089194,9.545862991955936,3.9221860087626768,-0.26098474860191345,"Steven Cruz",23165,674444
"PJ Poulin","WSN",3,0,1,20,5,19,6.631580611675817,5.210527623459571,1.4210529882162466,0.22641509433962265,0.87719298,0.482142857,0.130434782,90.21273383744266,3.3157903058379086,4.837507128597645,5.590975518900428,5.237689635257707,-0.2685764692723751,"PJ Poulin",23394,676571
"Kenley Jansen","DET",0,2,7,12,0,9.1,11.571430147910819,4.821429228296175,2.8928575369777048,0.25,0.90909091,0.173913043,0.23076923,,4.821429228296175,4.460982847108017,6.331576839758485,4.108308254129385,-0.27487727999687195,"Kenley Jansen",3096,445276
"Nick Sandlin","LAA",0,1,0,8,0,8.2,6.230770373485707,5.192308644571423,2.076923457828569,0.2916666666666667,0.42253521,0.423076923,0.181818181,91.55347234552556,11.42307901805713,5.983656114053722,7.501906876310237,6.283662182229573,-0.2786347568035126,"Nick Sandlin",20517,680704
"Cristian Javier","HOU",0,1,0,3,3,9.1,3.8571433826369397,8.678572610933115,1.9285716913184698,0.3548387096774194,0.51886792,0.3125,0.133333333,92.76618884858631,12.535715993570054,7.1412097527611635,8.5815771462967,8.05198180285997,-0.2817766070365906,"Cristian Javier",17606,664299
"Joey Lucchesi","LAA",0,1,0,5,0,3.1,10.800007982259928,16.20001197338989,2.700001995564982,0.5,0.63492063,0.692307692,0.333333333,92.5157111672794,13.50000997782491,8.352680768017304,10.91729645252654,8.280721151920424,-0.28357934951782227,"Joey Lucchesi",19320,664192
"Simeon Woods Richardson","MIN",0,5,0,8,8,39,4.384615384615385,3.6923076923076925,1.8461538461538463,0.3208955223880597,0.62283737,0.366906474,0.129032258,93.0769844890511,6.923076923076923,5.742755520413912,6.194213764484113,5.759240892147407,-0.29363155364990234,"Simeon Woods Richardson",24494,680573
"Brandon Sproat","MIL",0,2,0,7,5,30.2,8.804348556215746,5.282609133729448,2.054347996450341,0.29333333333333333,0.73298429,0.375,0.189189189,97.42861429850261,5.869565704143831,5.049211297925075,5.986856142920242,4.7131888626224105,-0.29403115808963776,"Brandon Sproat",33850,687075
"Cole Ragans","KCR",1,4,0,8,8,35.1,11.46226456344405,5.858490776871403,2.5471699029875667,0.2328767123287671,0.83333333,0.341463414,0.227272727,95.17006372206704,4.8396228156763765,4.837066303837143,6.202196458957088,4.271088606930604,-0.2969169020652771,"Cole Ragans",21846,666142
"Roddery Muñoz","HOU",0,0,0,3,0,4,13.500003218651585,13.500003218651585,6.750001609325793,0.4,0.68181818,0.23076923,0.5,94.9228515625,15.750003755093516,8.915640842775646,14.367293369770689,6.723002627363668,-0.300598680973053,"Roddery Munoz",25311,682610
"Cionel Pérez","WSN",2,3,0,16,0,16,5.062500301748532,6.187500368803762,1.1250000670552294,0.27450980392156865,0.61983471,0.622641509,0.142857142,96.48665114182693,6.187500368803762,9.10963620792537,5.679790840297947,5.283122280066109,-0.30588993430137634,"Cionel Perez",19614,672335
"Luis García","- - -",0,1,1,13,0,12,3.000000238418598,3.7500002980232474,1.500000119209299,0.3673469387755102,0.47413793,0.4,0.105263157,96.2792236328125,10.500000834465093,8.33706960455859,6.117290925979633,6.173319292795945,-0.30758365243673325,"Luis Garcia",6984,472610
"Yaramil Hiraldo","BAL",0,0,0,3,0,1.2,10.800004119874618,21.600008239749236,10.800004119874618,0.25,0.71428571,0,0.4,95.65699181189903,21.600008239749236,14.137617839933077,23.517298469546425,12.128716285414924,-0.3102010488510132,"Yaramil Hiraldo",25215,682274
"John Schreiber","KCR",0,2,1,17,0,16,3.3750008046628963,5.0625012069943445,1.1250002682209654,0.23529411764705882,0.8490566,0.461538461,0.1,92.78365496735074,3.3750008046628963,5.082282149312459,5.867291343212284,5.9970506075942325,-0.31160804629325867,"John Schreiber",20020,670167
"Jordan Leasure","CHW",2,1,0,16,1,16.1,9.367348214975426,4.4081638658707885,2.7551024161692426,0.18421052631578946,0.61538462,0.255813953,0.185185185,96.05496978759766,6.061225315572334,6.434165953414617,6.484638085101221,4.82562558004261,-0.31174731999635696,"Jordan Leasure",29950,673929
"JR Ritchie","ATL",1,0,0,3,3,17.1,6.750000495177085,6.230769687855771,2.076923229285257,0.2222222222222222,0.88785047,0.408163265,0.210526315,94.35800010279605,3.6346156512491996,5.10628885085454,6.867290962659416,5.406079721717305,-0.3165830671787262,"JR Ritchie",31760,702275
"Connor Brogdon","CLE",2,2,1,15,0,15.1,8.217393007981883,1.760869930281832,2.9347832171363866,0.2,0.5,0.361702127,0.2,94.68789365310077,5.282609790845496,4.848483811219915,6.117291309522675,4.1669768618498,-0.31997883319854736,"Connor Brogdon",21205,641401
"Yoendrys Gómez","- - -",0,0,2,12,0,19,6.157895355013331,4.736842580779485,2.3684212903897426,0.2413793103448276,0.73913043,0.245901639,0.142857142,95.4197504679362,5.684211096935383,7.490449761156006,6.906764752184623,6.071673012376567,-0.3329723011702299,"Yoendrys Gomez",22872,672782
"Roki Sasaki","LAD",1,3,0,7,7,33.2,8.287129338869102,4.277228045867924,2.405940775800707,0.30927835051546393,0.79741379,0.4,0.2,97.32505479991008,5.881188563068394,5.67529333526261,6.533132529747224,4.934261094238623,-0.3385224938392639,"Roki Sasaki",35323,808963
"Brayan Bello","BOS",2,4,0,7,6,32.2,6.612245412728868,4.4081636084859115,2.2040818042429557,0.35454545454545455,0.65637066,0.48275862,0.222222222,94.39867757161458,7.438776089319975,6.907064619282828,6.300964404800861,4.66434384646635,-0.35305505990982056,"Brayan Bello",23920,678394
"Drew Pomeranz","LAA",0,3,0,16,0,14,7.714286765273879,4.50000061307643,2.57142892175796,0.30952380952380953,0.68627451,0.244444444,0.173913043,92.69257939326299,7.714286765273879,5.654217934953305,7.045862651357918,5.637831737770837,-0.3551185429096222,"Drew Pomeranz",11426,519141
"Germán Márquez","SDP",3,2,0,6,6,29.2,5.764045067348803,3.6404495162202966,2.4269663441468645,0.26136363636363635,0.76219512,0.326315789,0.173913043,94.22753341763006,5.764045067348803,5.602449753559903,6.656616606108546,5.327688705407326,-0.400635689496994,"German Marquez",15038,608566
"Justin Topa","MIN",0,1,2,20,0,16,5.625001676381134,4.500001341104907,2.2500006705524536,0.3584905660377358,0.62992126,0.526315789,0.222222222,,7.875002346933588,6.682126301595483,6.61729173064263,4.946574542830543,-0.4144549071788788,"Justin Topa",15145,623437
"Matt Svanson","STL",0,1,0,18,0,19.2,8.694917221858802,5.949153888640233,2.2881361110154743,0.36666666666666664,0.58823529,0.4,0.208333333,,9.610171666264993,8.403242681909424,6.625766057784762,5.033801830520566,-0.41918715834617615,"Matt Svanson",29629,694335
"Ken Waldichuk","WSN",0,0,0,5,0,9.1,7.714286765273879,5.7857150739554095,3.8571433826369397,0.18181818181818182,0.85106383,0.391304347,0.333333333,93.53994750976562,6.750000919614645,6.81013324986342,9.224434376736191,5.457900503701458,-0.42165079712867737,"Ken Waldichuk",27681,686610
"Aaron Bummer","ATL",1,1,0,17,0,13,7.615386850030415,3.461539477286552,2.7692315818292417,0.2682926829268293,0.77922078,0.477272727,0.222222222,90.843505859375,4.846155268201173,5.684001350291655,6.809599463333358,4.753332164684876,-0.42238113284111023,"Aaron Bummer",16258,607481
"Clayton Beeter","WSN",1,0,2,10,0,10.1,7.8387106420099375,6.967742792897722,1.7419356982244305,0.11538461538461539,0.89285714,0.642857142,0.2,96.73944152227723,3.483871396448861,4.704569007517093,6.5043878785529845,5.346781981351766,-0.4233868718147278,"Clayton Beeter",27494,690925
"Merrill Kelly","ARI",2,3,0,5,5,26,6.923076923076923,6.230769230769231,2.076923076923077,0.325,0.67307692,0.34117647,0.171428571,91.81128107892336,7.615384615384615,9.947968093500462,6.655752226022574,5.545492938963267,-0.42380890250205994,"Merrill Kelly",11156,518876
"Colton Gordon","HOU",0,0,0,4,1,9.1,10.607144302251584,2.8928575369777048,5.7857150739554095,0.5172413793103449,0.78313253,0.352941176,0.461538461,91.19120387027138,11.571430147910819,7.330383266425727,10.403005965875256,4.00116538238947,-0.467277929186821,"Colton Gordon",31312,676467
"Brendon Little","TOR",0,2,0,5,0,3.2,14.727280068992302,7.363640034496151,7.363640034496151,0.5833333333333334,0.22727273,0.5,0.75,96.46115112304688,24.545466781653836,7.21448429114108,12.93547740022257,3.8305354650373866,-0.47228696942329407,"Brendon Little",21574,663893
"Luis Gil","NYY",1,2,0,4,4,19.1,4.189655447970124,5.120689991963484,2.7931036319800824,0.16071428571428573,0.77669903,0.459016393,0.23076923,95.2907650596217,6.051724535956845,6.288571407322986,8.393153103523414,6.246549103149606,-0.5043471455574036,"Luis Gil",21052,661563
"Max Scherzer","TOR",1,3,0,5,5,18.2,4.821428735645456,3.8571429885163644,3.3750001149518187,0.25862068965517243,0.51886792,0.276923076,0.194444444,93.03044825424382,9.642857471290911,6.7393319629571,8.367290866374976,6.199633609860044,-0.5075664520263672,"Max Scherzer",3137,453286
"Bryan Abreu","HOU",1,2,1,14,0,12.2,14.210528098975747,11.368422479180596,2.842105619795149,0.36,0.6557377,0.5,0.363636363,95.15992476851852,9.236843264334235,6.9080633245890715,8.090975522202546,5.204807890640083,-0.5223727226257324,"Bryan Abreu",16609,650556
"Hunter Barco","PIT",0,1,0,5,0,11.2,6.171429412219104,6.942858088746491,2.314286029582164,0.2894736842105263,0.625,0.487804878,0.1875,94.3074171686747,7.714286765273879,6.49255413734227,7.917291341509227,6.499655564494116,-0.5289969444274902,"Hunter Barco",33174,682995
"Miles Mikolas","WSN",1,3,0,8,5,32.2,6.061224784716041,3.0306123923580204,2.479591957383835,0.28846153846153844,0.56149733,0.526785714,0.25,93.159423828125,7.4387758721515045,4.806104709517887,6.36218880463124,4.327609091039502,-0.5407815277576447,"Miles Mikolas",9803,571945
"Valente Bellozo","COL",0,1,0,3,0,10.2,6.750000402331376,5.9062503520399545,4.21875025145711,0.18518518518518517,0.72727273,0.258064516,0.294117647,90.67147488064236,7.593750452622798,10.949117867072564,9.961041095480347,6.10460888826136,-0.5429661870002747,"Valente Bellozo",23899,678368
"Luis Morales","ATH",0,2,0,3,2,9.1,6.7500002299036375,11.571428965549092,4.821428735645456,0.4,0.65217391,0.314285714,0.294117647,96.40221316315407,14.464286206936366,10.793312218204191,12.760148158851948,8.352797177472507,-0.545817956328392,"Luis Morales",32227,806960
"Taijuan Walker","PHI",1,4,0,5,4,22.2,6.750000189332407,4.3676471813327336,3.176470677332897,0.358974358974359,0.625,0.406976744,0.228571428,92.05744003668065,9.13235319733208,7.405074650069754,7.793761406967801,5.37316980391577,-0.5684524178504944,"Taijuan Walker",11836,592836
"Tony Santillan","CIN",1,1,1,17,0,15.2,9.191489734710114,5.170212975774439,2.872340542096911,0.2631578947368421,0.88235294,0.348837209,0.25,94.24693714488636,5.170212975774439,6.267162842813631,6.947078077023583,4.590236347449919,-0.5753875970840454,"Tony Santillan",19926,663574
"Eric Lauer","TOR",1,5,0,8,6,36.1,6.440367197872029,3.963302890998172,2.724770737561243,0.24770642201834864,0.69948187,0.247863247,0.171875,90.47659801136363,6.6880736285594145,5.840387821235193,6.942978894843993,5.479960662515272,-0.595204621553421,"Eric Lauer",19316,641778
"Ryan Weiss","HOU",0,3,0,9,2,26,10.384616527331778,6.9230776848878515,2.7692310739551407,0.3698630136986301,0.70776256,0.320987654,0.242424242,95.2446363799426,7.6153854533766365,6.074213529940675,7.1172911277184605,4.899046412968349,-0.6136981397867203,"Ryan Weiss",24621,680802
"Zack Littell","WSN",1,4,0,8,5,36.1,4.211009321685557,3.2201835989360146,3.4678900296234003,0.25,0.59895833,0.375,0.222222222,91.50064193618881,6.935780059246801,7.6210056027975615,8.26407985851005,5.689030191297558,-1.0632965862751007,"Zack Littell",15823,641793